<?xml version = '1.0' encoding = 'UTF-8'?>
<FKIndexAssociation class="oracle.dbtools.crest.model.design.relational.FKIndexAssociation" directorySegmentName="seg_0" id="4264CED5-A279-75E1-3C24-D0171B556AC8" containerWithKeyObject="C2AE3C63-E96C-E024-4483-D0906E1EE9B5" localFKIndex="AA45CF63-7302-2F36-F559-29474FE96FE1" name="telefono_cliente_FK">
<createdBy>AntonioB</createdBy>
<createdTime>2020-11-26 02:56:17 UTC</createdTime>
<generatorID>C6EB0182-49D8-FE6E-1E3C-29B96435B786</generatorID>
<ownerDesignName>MR6_v3_20210109</ownerDesignName>
<referredTableLongName>cliente</referredTableLongName>
<deleteRule>NO ACTION</deleteRule>
<referredTableID>8EDCF528-ADD3-6715-3992-D1375100399D</referredTableID>
<keyObject>FE1E6886-3436-CD71-4891-1C0C3DB0D8EC</keyObject>
<referredKeyID>FE1E6886-3436-CD71-4891-1C0C3DB0D8EC</referredKeyID>
<mandatory>true</mandatory>
<refColNames>cl_id</refColNames>
<transferable>true</transferable>
<rely>false</rely>
<columnDependencyConstraintGenerateInDDL>true</columnDependencyConstraintGenerateInDDL>
</FKIndexAssociation>