<?xml version = '1.0' encoding = 'UTF-8'?>
<FKIndexAssociation class="oracle.dbtools.crest.model.design.relational.FKIndexAssociation" directorySegmentName="seg_0" id="7FFDFB0C-52DB-C348-C787-A5BC761790A3" containerWithKeyObject="E23309F0-081E-9B73-932C-27BA18BD282F" localFKIndex="BA5FE8FF-5AF1-21FD-80B7-BE4DF10904CA" name="natural_cliente_FK">
<createdBy>AntonioB</createdBy>
<createdTime>2020-11-26 02:56:17 UTC</createdTime>
<generatorID>590F30CE-9115-EB48-0B17-4AA7E02516B2</generatorID>
<ownerDesignName>MR6_v3_20210109</ownerDesignName>
<referredTableLongName>cliente</referredTableLongName>
<arc>49658D43-E299-5E6D-6E87-DDAF335AD94F</arc>
<deleteRule>NO ACTION</deleteRule>
<referredTableID>8EDCF528-ADD3-6715-3992-D1375100399D</referredTableID>
<keyObject>FE1E6886-3436-CD71-4891-1C0C3DB0D8EC</keyObject>
<referredKeyID>FE1E6886-3436-CD71-4891-1C0C3DB0D8EC</referredKeyID>
<mandatory>true</mandatory>
<refColNames>cl_id</refColNames>
<transferable>true</transferable>
<rely>false</rely>
<columnDependencyConstraintGenerateInDDL>true</columnDependencyConstraintGenerateInDDL>
</FKIndexAssociation>