<?xml version = '1.0' encoding = 'UTF-8'?>
<FKIndexAssociation class="oracle.dbtools.crest.model.design.relational.FKIndexAssociation" directorySegmentName="seg_0" id="C5A778D1-12C4-C367-1181-51EDA7010762" containerWithKeyObject="3CB87FF7-F9B8-9D99-EA73-1811F34741CE" localFKIndex="2AFD7FF5-7D92-DB3E-B52C-9B156F83AC72" name="juridico_cliente_FK">
<createdBy>AntonioB</createdBy>
<createdTime>2020-11-26 02:56:17 UTC</createdTime>
<generatorID>94E303AF-7202-1426-4713-4FCC33794EC8</generatorID>
<ownerDesignName>MR6_v3_20210109</ownerDesignName>
<referredTableLongName>cliente</referredTableLongName>
<arc>49658D43-E299-5E6D-6E87-DDAF335AD94F</arc>
<deleteRule>NO ACTION</deleteRule>
<referredTableID>8EDCF528-ADD3-6715-3992-D1375100399D</referredTableID>
<keyObject>FE1E6886-3436-CD71-4891-1C0C3DB0D8EC</keyObject>
<referredKeyID>FE1E6886-3436-CD71-4891-1C0C3DB0D8EC</referredKeyID>
<mandatory>true</mandatory>
<refColNames>cl_id</refColNames>
<transferable>true</transferable>
<rely>false</rely>
<columnDependencyConstraintGenerateInDDL>true</columnDependencyConstraintGenerateInDDL>
</FKIndexAssociation>