<?xml version = '1.0' encoding = 'UTF-8'?>
<FKIndexAssociation class="oracle.dbtools.crest.model.design.relational.FKIndexAssociation" directorySegmentName="seg_0" id="D898F3A3-86E2-A9B8-121D-12BED5D7814E" containerWithKeyObject="AA47F2B6-31CF-4659-C155-09B0470EF756" localFKIndex="59EB6438-0784-9E26-2138-4081EA1BE2FE" name="compra_medios_pago_FK">
<createdBy>AntonioB</createdBy>
<createdTime>2020-11-26 02:56:17 UTC</createdTime>
<generatorID>B608D568-8DA9-DF67-88FD-E3F82C957400</generatorID>
<ownerDesignName>MR6_v3_20210109</ownerDesignName>
<referredTableLongName>medios_pago</referredTableLongName>
<deleteRule>NO ACTION</deleteRule>
<referredTableID>AFC08636-9722-4A4E-6D75-7A85E2596424</referredTableID>
<keyObject>A576D429-492F-8CEA-C03F-3F8A4E70A6C7</keyObject>
<referredKeyID>A576D429-492F-8CEA-C03F-3F8A4E70A6C7</referredKeyID>
<mandatory>true</mandatory>
<refColNames>mepa_codigo</refColNames>
<transferable>true</transferable>
<rely>false</rely>
<columnDependencyConstraintGenerateInDDL>true</columnDependencyConstraintGenerateInDDL>
</FKIndexAssociation>