<?xml version = '1.0' encoding = 'UTF-8'?>
<FKIndexAssociation class="oracle.dbtools.crest.model.design.relational.FKIndexAssociation" directorySegmentName="seg_0" id="5D826119-C5FB-F477-A19C-8682F44004DC" containerWithKeyObject="8EDCF528-ADD3-6715-3992-D1375100399D" localFKIndex="DEFA13DF-4BFB-F217-77CA-A2779AD1C958" name="cliente_tienda_FK">
<createdBy>AntonioB</createdBy>
<createdTime>2020-11-26 02:56:17 UTC</createdTime>
<generatorID>DA8D6187-A0D3-35A7-2975-0CAB30F85786</generatorID>
<ownerDesignName>DPRO</ownerDesignName>
<referredTableLongName>tienda</referredTableLongName>
<deleteRule>NO ACTION</deleteRule>
<referredTableID>BCB8477D-357D-E399-019C-0D2FA8C2BC8E</referredTableID>
<keyObject>1D0B0E9B-8B93-45C6-CFFA-2A33787BA197</keyObject>
<referredKeyID>1D0B0E9B-8B93-45C6-CFFA-2A33787BA197</referredKeyID>
<mandatory>true</mandatory>
<refColNames>ti_codigo</refColNames>
<transferable>true</transferable>
<rely>false</rely>
<columnDependencyConstraintGenerateInDDL>true</columnDependencyConstraintGenerateInDDL>
</FKIndexAssociation>