<?xml version = '1.0' encoding = 'UTF-8'?>
<FKIndexAssociation class="oracle.dbtools.crest.model.design.relational.FKIndexAssociation" directorySegmentName="seg_0" id="634DEA4A-3D08-9AC4-21DC-826CDC34C6C5" containerWithKeyObject="AA47F2B6-31CF-4659-C155-09B0470EF756" localFKIndex="F05196A9-82F0-78BC-5F44-594A7C3C1292" name="compra_cliente_FK">
<createdBy>AntonioB</createdBy>
<createdTime>2020-11-26 02:56:17 UTC</createdTime>
<generatorID>034B7E78-8368-AE28-0A54-3108B3EC7536</generatorID>
<ownerDesignName>DPRO</ownerDesignName>
<referredTableLongName>cliente</referredTableLongName>
<deleteRule>NO ACTION</deleteRule>
<referredTableID>8EDCF528-ADD3-6715-3992-D1375100399D</referredTableID>
<keyObject>FE1E6886-3436-CD71-4891-1C0C3DB0D8EC</keyObject>
<referredKeyID>FE1E6886-3436-CD71-4891-1C0C3DB0D8EC</referredKeyID>
<mandatory>true</mandatory>
<refColNames>cl_id</refColNames>
<transferable>true</transferable>
<rely>false</rely>
<columnDependencyConstraintGenerateInDDL>true</columnDependencyConstraintGenerateInDDL>
</FKIndexAssociation>