<?xml version = '1.0' encoding = 'UTF-8'?>
<FKIndexAssociation class="oracle.dbtools.crest.model.design.relational.FKIndexAssociation" directorySegmentName="seg_0" id="B5F0D4D0-8631-EF81-0410-F935F09263A0" containerWithKeyObject="8EDCF528-ADD3-6715-3992-D1375100399D" localFKIndex="27CBFA02-695B-9251-1603-114540D9D891" name="cliente_valor_puntos_FK">
<createdBy>AntonioB</createdBy>
<createdTime>2020-11-26 02:56:17 UTC</createdTime>
<generatorID>59FCF22F-A8A5-1672-78B5-A68E4F8DAEAE</generatorID>
<ownerDesignName>DPRO</ownerDesignName>
<referredTableLongName>valor_puntos</referredTableLongName>
<deleteRule>NO ACTION</deleteRule>
<referredTableID>0544D06E-D9D6-6F46-3FE6-40C43BE5F859</referredTableID>
<keyObject>0406CBBF-B679-74D5-09C7-E13129913C97</keyObject>
<referredKeyID>0406CBBF-B679-74D5-09C7-E13129913C97</referredKeyID>
<mandatory>true</mandatory>
<refColNames>vapu_id</refColNames>
<transferable>true</transferable>
<rely>false</rely>
<columnDependencyConstraintGenerateInDDL>true</columnDependencyConstraintGenerateInDDL>
</FKIndexAssociation>