<?xml version = '1.0' encoding = 'UTF-8'?>
<FKIndexAssociation class="oracle.dbtools.crest.model.design.relational.FKIndexAssociation" directorySegmentName="seg_0" id="FF0F6F42-28D2-9E69-6AFC-66BB8ACB3101" containerWithKeyObject="C2AE3C63-E96C-E024-4483-D0906E1EE9B5" localFKIndex="F2A18649-8914-49C7-53FE-BD0451532F3A" name="telefono_empleado_FK">
<createdBy>AntonioB</createdBy>
<createdTime>2020-11-26 02:56:17 UTC</createdTime>
<generatorID>3850030F-CCC4-1A06-2BD7-88A05ED19F6F</generatorID>
<ownerDesignName>DPRO</ownerDesignName>
<referredTableLongName>empleado</referredTableLongName>
<deleteRule>NO ACTION</deleteRule>
<referredTableID>AE21667B-1ED1-84E4-A1C6-55497D5F4905</referredTableID>
<keyObject>A633BAB9-649F-D24D-D084-8FE6E26AC6BB</keyObject>
<referredKeyID>A633BAB9-649F-D24D-D084-8FE6E26AC6BB</referredKeyID>
<mandatory>true</mandatory>
<refColNames>em_cedula</refColNames>
<transferable>true</transferable>
<rely>false</rely>
<columnDependencyConstraintGenerateInDDL>true</columnDependencyConstraintGenerateInDDL>
</FKIndexAssociation>