<?xml version = '1.0' encoding = 'UTF-8'?>
<Relation class="oracle.dbtools.crest.model.design.logical.Relation" name="Relation_3" directorySegmentName="seg_0" id="826F51C3-3AF1-E1AA-8416-C9F6262768E5">
<createdBy>AntonioB</createdBy>
<createdTime>2020-11-13 01:42:50 UTC</createdTime>
<ownerDesignName>dpro</ownerDesignName>
<engineerTo>
<item key="3AFBB32C-D99B-4C0E-6DA7-236BDEE0262F" value="true"/>
</engineerTo>
<identifying>false</identifying>
<optionalSource>true</optionalSource>
<optionalTarget>false</optionalTarget>
<sourceCardinality>*</sourceCardinality>
<sourceEntity>C298CA42-98AC-87E7-F990-590B32BD89D6</sourceEntity>
<targetCardinalityString>*</targetCardinalityString>
<targetEntity>CB725B56-4E68-0149-3E44-AC301D1EB17F</targetEntity>
<transferable>true</transferable>
<deleteRule>NO ACTION</deleteRule>
</Relation>