<?xml version = '1.0' encoding = 'UTF-8'?>
<Table class="oracle.dbtools.crest.model.design.relational.Table" directorySegmentName="seg_0" id="AA47F2B6-31CF-4659-C155-09B0470EF756" name="compra">
<createdBy>AntonioB</createdBy>
<createdTime>2020-11-26 02:56:17 UTC</createdTime>
<generatorID>52439CBA-BB2C-1721-EC6F-A56E6B21CE9F</generatorID>
<ownerDesignName>DPRO</ownerDesignName>
<allowColumnReorder>false</allowColumnReorder>
<existDependencyGenerateInDDl>true</existDependencyGenerateInDDl>
<parsed>true</parsed>
<columns itemClass="oracle.dbtools.crest.model.design.relational.Column">
<Column name="co_id" id="77763615-ADE2-DAA0-2452-4C932EC76280">
<createdBy>AntonioB</createdBy>
<createdTime>2020-11-26 02:56:17 UTC</createdTime>
<generatorID>CCC1ECAC-1CE0-83D0-2540-0D5A4E42E9EB</generatorID>
<ownerDesignName>DPRO</ownerDesignName>
<use>0</use>
<ownDataTypeParameters>,,</ownDataTypeParameters>
<autoIncrementCycle>false</autoIncrementCycle>
</Column>
<Column name="co_fecha_hora" id="0EE1D198-A116-05C0-950C-CB8D0F93D929">
<createdBy>AntonioB</createdBy>
<createdTime>2020-11-26 02:56:17 UTC</createdTime>
<generatorID>1EAA92D8-C554-60F5-D818-DED578E9E2BE</generatorID>
<ownerDesignName>DPRO</ownerDesignName>
<use>0</use>
<ownDataTypeParameters>,,</ownDataTypeParameters>
<autoIncrementCycle>false</autoIncrementCycle>
</Column>
<Column name="co_monto_cancelar" id="837F7BBA-3245-2A7E-70E6-0FA5A7A7F8E8">
<createdBy>AntonioB</createdBy>
<createdTime>2020-11-26 02:56:17 UTC</createdTime>
<generatorID>951C6647-89ED-8232-6037-C9E7DB465CC9</generatorID>
<ownerDesignName>DPRO</ownerDesignName>
<use>0</use>
<ownDataTypeParameters>,,</ownDataTypeParameters>
<autoIncrementCycle>false</autoIncrementCycle>
</Column>
<Column name="cliente_cl_id" id="91F1AC25-26F8-3981-5314-74CEEDFDAFB4">
<createdBy>AntonioB</createdBy>
<createdTime>2020-11-26 02:56:17 UTC</createdTime>
<generatorID>D18AB94B-8AD1-9CF0-9199-04A78CF07DB1</generatorID>
<ownerDesignName>DPRO</ownerDesignName>
<use>0</use>
<ownDataTypeParameters>,,</ownDataTypeParameters>
<previousColumn>false</previousColumn>
<autoIncrementCycle>false</autoIncrementCycle>
<associations>
<colAssociation fkAssociation="634DEA4A-3D08-9AC4-21DC-826CDC34C6C5" referredColumn="1B260B92-792D-1B0E-D78C-02D5BE741EB2"/>
</associations>
</Column>
<Column name="carrito_ca_id" id="A8744CC6-6C3A-B982-70AB-D7DC5DF1839E">
<createdBy>AntonioB</createdBy>
<createdTime>2020-11-26 02:56:17 UTC</createdTime>
<generatorID>EA5D970F-16C4-067B-E2FC-A4E7D55519A8</generatorID>
<ownerDesignName>DPRO</ownerDesignName>
<use>0</use>
<ownDataTypeParameters>,,</ownDataTypeParameters>
<previousColumn>false</previousColumn>
<autoIncrementCycle>false</autoIncrementCycle>
</Column>
<Column name="medios_pago_mepa_codigo" id="FA986422-A30A-7859-8927-4D7747CDC417">
<createdBy>AntonioB</createdBy>
<createdTime>2020-11-26 02:56:17 UTC</createdTime>
<generatorID>A1E80FF0-9248-2A99-5ED3-455ABD75BAB5</generatorID>
<ownerDesignName>DPRO</ownerDesignName>
<use>0</use>
<ownDataTypeParameters>,,</ownDataTypeParameters>
<previousColumn>false</previousColumn>
<autoIncrementCycle>false</autoIncrementCycle>
<associations>
<colAssociation fkAssociation="D898F3A3-86E2-A9B8-121D-12BED5D7814E" referredColumn="74E7767E-83F2-BF82-E6A5-A2E2F305A8CA"/>
</associations>
</Column>
</columns>
<indexes itemClass="oracle.dbtools.crest.model.design.relational.Index">
<ind_PK_UK id="A9C26BA1-3D21-11BB-B1CE-A4CF30795FA2" name="compra_PK">
<createdBy>AntonioB</createdBy>
<createdTime>2020-11-26 02:56:17 UTC</createdTime>
<generatorID>1E116BDC-2B71-023B-A2A8-BE00791E6471</generatorID>
<ownerDesignName>DPRO</ownerDesignName>
<pk>true</pk>
<indexState>Primary Constraint</indexState>
<isSurrogateKey>false</isSurrogateKey>
<indexColumnUsage>
<colUsage columnID="77763615-ADE2-DAA0-2452-4C932EC76280"/>
</indexColumnUsage>
</ind_PK_UK>
<ind_PK_UK id="AACA2532-03A1-E1EB-32F9-CACEDA2BB78A" name="compra__IDX">
<createdBy>AntonioB</createdBy>
<createdTime>2020-11-26 02:56:17 UTC</createdTime>
<ownerDesignName>DPRO</ownerDesignName>
<indexState>Unique Plain Index</indexState>
<isSurrogateKey>false</isSurrogateKey>
<relationGeneratorID>4C787FB5-1439-51EE-0346-6437B003C12A</relationGeneratorID>
<indexColumnUsage>
<colUsage columnID="A8744CC6-6C3A-B982-70AB-D7DC5DF1839E"/>
</indexColumnUsage>
</ind_PK_UK>
<ind_PK_UK id="F05196A9-82F0-78BC-5F44-594A7C3C1292" name="compra_cliente_FK">
<createdBy>AntonioB</createdBy>
<createdTime>2020-11-26 02:56:17 UTC</createdTime>
<generatorID>034B7E78-8368-AE28-0A54-3108B3EC7536</generatorID>
<ownerDesignName>DPRO</ownerDesignName>
<indexState>Foreign Key</indexState>
<isSurrogateKey>false</isSurrogateKey>
<indexColumnUsage>
<colUsage columnID="91F1AC25-26F8-3981-5314-74CEEDFDAFB4"/>
</indexColumnUsage>
</ind_PK_UK>
<ind_PK_UK id="59EB6438-0784-9E26-2138-4081EA1BE2FE" name="compra_medios_pago_FK">
<createdBy>AntonioB</createdBy>
<createdTime>2020-11-26 02:56:17 UTC</createdTime>
<generatorID>B608D568-8DA9-DF67-88FD-E3F82C957400</generatorID>
<ownerDesignName>DPRO</ownerDesignName>
<indexState>Foreign Key</indexState>
<isSurrogateKey>false</isSurrogateKey>
<indexColumnUsage>
<colUsage columnID="FA986422-A30A-7859-8927-4D7747CDC417"/>
</indexColumnUsage>
</ind_PK_UK>
</indexes>
</Table>