<?xml version = '1.0' encoding = 'UTF-8'?>
<Table class="oracle.dbtools.crest.model.design.relational.Table" directorySegmentName="seg_0" id="AE21667B-1ED1-84E4-A1C6-55497D5F4905" name="empleado">
<createdBy>AntonioB</createdBy>
<createdTime>2020-11-26 02:56:16 UTC</createdTime>
<generatorID>0D4F9737-9F4D-CB38-7B15-BFB2100BDC2C</generatorID>
<ownerDesignName>DPRO</ownerDesignName>
<allowColumnReorder>false</allowColumnReorder>
<existDependencyGenerateInDDl>true</existDependencyGenerateInDDl>
<parsed>true</parsed>
<columns itemClass="oracle.dbtools.crest.model.design.relational.Column">
<Column name="em_cedula" id="DE3F5243-4420-4947-9692-326F0F7F2CEA">
<createdBy>AntonioB</createdBy>
<createdTime>2020-11-26 02:56:16 UTC</createdTime>
<generatorID>9A8CA1C2-75F9-AB0C-F09D-81A90F2D13A2</generatorID>
<ownerDesignName>DPRO</ownerDesignName>
<use>0</use>
<ownDataTypeParameters>,,</ownDataTypeParameters>
<autoIncrementCycle>false</autoIncrementCycle>
</Column>
<Column name="em_rol" id="1299F16F-A0D7-88BC-D19B-A0F4BB185B4E">
<createdBy>AntonioB</createdBy>
<createdTime>2020-11-26 02:56:16 UTC</createdTime>
<generatorID>52D31374-C1E6-8EE8-6156-649B02F34CC2</generatorID>
<ownerDesignName>DPRO</ownerDesignName>
<use>0</use>
<ownDataTypeParameters>,,</ownDataTypeParameters>
<autoIncrementCycle>false</autoIncrementCycle>
</Column>
<Column name="em_p_nombre" id="08D18849-C627-618B-5A0B-D2FC4CAF22E1">
<createdBy>AntonioB</createdBy>
<createdTime>2020-11-26 02:56:16 UTC</createdTime>
<generatorID>B55CC4F1-43D8-88D6-18CC-EE604C54DF03</generatorID>
<ownerDesignName>DPRO</ownerDesignName>
<use>0</use>
<ownDataTypeParameters>,,</ownDataTypeParameters>
<autoIncrementCycle>false</autoIncrementCycle>
</Column>
<Column name="em_s_nombre" id="626B1DB1-AFC4-A45C-BAE6-2B1BFB077BC5">
<createdBy>AntonioB</createdBy>
<createdTime>2020-11-26 02:56:16 UTC</createdTime>
<generatorID>B7EF6A07-D64D-1F75-D980-4C7633D22A63</generatorID>
<ownerDesignName>DPRO</ownerDesignName>
<nullsAllowed>true</nullsAllowed>
<use>0</use>
<ownDataTypeParameters>,,</ownDataTypeParameters>
<autoIncrementCycle>false</autoIncrementCycle>
</Column>
<Column name="em_p_apellido" id="DC6DC9AB-7151-F835-AA85-2A836963344D">
<createdBy>AntonioB</createdBy>
<createdTime>2020-11-26 02:56:16 UTC</createdTime>
<generatorID>140223C2-CC0B-9F9C-8468-14F53F5D48F9</generatorID>
<ownerDesignName>DPRO</ownerDesignName>
<use>0</use>
<ownDataTypeParameters>,,</ownDataTypeParameters>
<autoIncrementCycle>false</autoIncrementCycle>
</Column>
<Column name="em_s_apellido" id="408F84E0-C7A9-7C5E-61D3-39BAA733E392">
<createdBy>AntonioB</createdBy>
<createdTime>2020-11-26 02:56:16 UTC</createdTime>
<generatorID>1D5158AC-05AE-A5D3-47D8-5E63557FA869</generatorID>
<ownerDesignName>DPRO</ownerDesignName>
<nullsAllowed>true</nullsAllowed>
<use>0</use>
<ownDataTypeParameters>,,</ownDataTypeParameters>
<autoIncrementCycle>false</autoIncrementCycle>
</Column>
<Column name="em_sueldo" id="64DD74BD-AAB2-31C9-9B33-E20FC057550F">
<createdBy>AntonioB</createdBy>
<createdTime>2020-11-26 02:56:16 UTC</createdTime>
<generatorID>775BC77B-B124-F80F-5B17-CDC9558A66C5</generatorID>
<ownerDesignName>DPRO</ownerDesignName>
<use>0</use>
<ownDataTypeParameters>,,</ownDataTypeParameters>
<autoIncrementCycle>false</autoIncrementCycle>
</Column>
<Column name="em_fecha_nac" id="09EE2521-4FC5-C547-1906-B70D55C1F022">
<createdBy>AntonioB</createdBy>
<createdTime>2020-11-26 02:56:16 UTC</createdTime>
<generatorID>9DC58303-C4B5-2E3E-1362-F39FEAA474B1</generatorID>
<ownerDesignName>DPRO</ownerDesignName>
<use>0</use>
<ownDataTypeParameters>,,</ownDataTypeParameters>
<autoIncrementCycle>false</autoIncrementCycle>
</Column>
<Column name="horario_ho_codigo" id="A610D004-3674-F52E-DB14-49CE74184996">
<createdBy>AntonioB</createdBy>
<createdTime>2020-11-26 02:56:16 UTC</createdTime>
<generatorID>4BCCC1E0-DB98-8D62-589C-AA32589E971D</generatorID>
<ownerDesignName>DPRO</ownerDesignName>
<use>0</use>
<ownDataTypeParameters>,,</ownDataTypeParameters>
<previousColumn>false</previousColumn>
<autoIncrementCycle>false</autoIncrementCycle>
</Column>
<Column name="tienda_ti_codigo" id="73AB7E57-F8CC-ABC0-7F51-B4D54C2FEB19">
<createdBy>AntonioB</createdBy>
<createdTime>2020-11-26 02:56:16 UTC</createdTime>
<generatorID>E9D5D356-28CB-9676-3155-E445AD1E10F3</generatorID>
<ownerDesignName>DPRO</ownerDesignName>
<use>0</use>
<ownDataTypeParameters>,,</ownDataTypeParameters>
<previousColumn>false</previousColumn>
<autoIncrementCycle>false</autoIncrementCycle>
<associations>
<colAssociation fkAssociation="4589C51E-562C-4E47-4FE3-991772F1DF6D" referredColumn="BB910E8F-0084-417F-722C-FE6254CCB62E"/>
</associations>
</Column>
</columns>
<indexes itemClass="oracle.dbtools.crest.model.design.relational.Index">
<ind_PK_UK id="A633BAB9-649F-D24D-D084-8FE6E26AC6BB" name="empleado_PK">
<createdBy>AntonioB</createdBy>
<createdTime>2020-11-26 02:56:16 UTC</createdTime>
<generatorID>B1323973-45D3-744F-9F24-DD21E2C6D477</generatorID>
<ownerDesignName>DPRO</ownerDesignName>
<pk>true</pk>
<indexState>Primary Constraint</indexState>
<isSurrogateKey>false</isSurrogateKey>
<indexColumnUsage>
<colUsage columnID="DE3F5243-4420-4947-9692-326F0F7F2CEA"/>
</indexColumnUsage>
</ind_PK_UK>
<ind_PK_UK id="FDCA79F0-8A27-FDDC-4029-657F1E109984" name="empleado_tienda_FK">
<createdBy>AntonioB</createdBy>
<createdTime>2020-11-26 02:56:17 UTC</createdTime>
<generatorID>66EC6E1F-1635-7B16-0FB0-EA2606AE996A</generatorID>
<ownerDesignName>DPRO</ownerDesignName>
<indexState>Foreign Key</indexState>
<isSurrogateKey>false</isSurrogateKey>
<indexColumnUsage>
<colUsage columnID="73AB7E57-F8CC-ABC0-7F51-B4D54C2FEB19"/>
</indexColumnUsage>
</ind_PK_UK>
</indexes>
</Table>