<?xml version = '1.0' encoding = 'UTF-8'?>
<Table class="oracle.dbtools.crest.model.design.relational.Table" directorySegmentName="seg_0" id="AFC08636-9722-4A4E-6D75-7A85E2596424" name="medios_pago">
<createdBy>AntonioB</createdBy>
<createdTime>2020-11-26 02:56:16 UTC</createdTime>
<generatorID>17C884AE-3855-69F8-12EA-F0F511F8335E</generatorID>
<ownerDesignName>DPRO</ownerDesignName>
<allowColumnReorder>false</allowColumnReorder>
<existDependencyGenerateInDDl>true</existDependencyGenerateInDDl>
<parsed>true</parsed>
<columns itemClass="oracle.dbtools.crest.model.design.relational.Column">
<Column name="mepa_codigo" id="74E7767E-83F2-BF82-E6A5-A2E2F305A8CA">
<createdBy>AntonioB</createdBy>
<createdTime>2020-11-26 02:56:16 UTC</createdTime>
<generatorID>A2BC9B90-EE7D-2E6D-CF86-A3D2C74638A7</generatorID>
<ownerDesignName>DPRO</ownerDesignName>
<use>0</use>
<ownDataTypeParameters>,,</ownDataTypeParameters>
<autoIncrementCycle>false</autoIncrementCycle>
</Column>
<Column name="mepa_debito" id="507AA35D-A5BB-DE70-EF2F-885FF53C4546">
<createdBy>AntonioB</createdBy>
<createdTime>2020-11-26 02:56:16 UTC</createdTime>
<generatorID>94564FF6-9D3A-0507-047D-2BB4721CF22D</generatorID>
<ownerDesignName>DPRO</ownerDesignName>
<use>0</use>
<ownDataTypeParameters>,,</ownDataTypeParameters>
<autoIncrementCycle>false</autoIncrementCycle>
</Column>
<Column name="mepa_efectivo" id="1D760373-3440-2D36-0CBD-0F81AC440CE8">
<createdBy>AntonioB</createdBy>
<createdTime>2020-11-26 02:56:16 UTC</createdTime>
<generatorID>B1A5DEEC-1470-1744-A16B-0FDE3E912EF8</generatorID>
<ownerDesignName>DPRO</ownerDesignName>
<use>0</use>
<ownDataTypeParameters>,,</ownDataTypeParameters>
<autoIncrementCycle>false</autoIncrementCycle>
</Column>
<Column name="mepa_cheque" id="570B798B-FCBC-9A96-C4E3-A7CC350F2343">
<createdBy>AntonioB</createdBy>
<createdTime>2020-11-26 02:56:16 UTC</createdTime>
<generatorID>953191E5-0248-D5C6-A576-FC19DBE8795B</generatorID>
<ownerDesignName>DPRO</ownerDesignName>
<use>0</use>
<ownDataTypeParameters>,,</ownDataTypeParameters>
<autoIncrementCycle>false</autoIncrementCycle>
</Column>
<Column name="mepa_credito" id="3AA4FF55-BF4A-5DEF-70ED-810DDFE86036">
<createdBy>AntonioB</createdBy>
<createdTime>2020-11-26 02:56:17 UTC</createdTime>
<generatorID>6E6CF574-74E9-0E38-587F-EB8D86BD58C9</generatorID>
<ownerDesignName>DPRO</ownerDesignName>
<use>0</use>
<ownDataTypeParameters>,,</ownDataTypeParameters>
<autoIncrementCycle>false</autoIncrementCycle>
</Column>
</columns>
<indexes itemClass="oracle.dbtools.crest.model.design.relational.Index">
<ind_PK_UK id="A576D429-492F-8CEA-C03F-3F8A4E70A6C7" name="medios_pago_PK">
<createdBy>AntonioB</createdBy>
<createdTime>2020-11-26 02:56:17 UTC</createdTime>
<generatorID>9D2D87D5-27A4-FCD2-2A23-A0C64DEBC81D</generatorID>
<ownerDesignName>DPRO</ownerDesignName>
<pk>true</pk>
<indexState>Primary Constraint</indexState>
<isSurrogateKey>false</isSurrogateKey>
<indexColumnUsage>
<colUsage columnID="74E7767E-83F2-BF82-E6A5-A2E2F305A8CA"/>
</indexColumnUsage>
</ind_PK_UK>
</indexes>
</Table>