<?xml version = '1.0' encoding = 'UTF-8'?>
<Table class="oracle.dbtools.crest.model.design.relational.Table" directorySegmentName="seg_0" id="E23309F0-081E-9B73-932C-27BA18BD282F" name="natural">
<createdBy>AntonioB</createdBy>
<createdTime>2020-11-26 02:56:17 UTC</createdTime>
<generatorID>08DAB1BE-7719-4420-52CB-961CDDB076B4</generatorID>
<ownerDesignName>DPRO</ownerDesignName>
<allowColumnReorder>false</allowColumnReorder>
<existDependencyGenerateInDDl>true</existDependencyGenerateInDDl>
<parsed>true</parsed>
<columns itemClass="oracle.dbtools.crest.model.design.relational.Column">
<Column name="cl_id" id="0B242B1C-2E01-3C49-DC4E-795C5948442E">
<createdBy>AntonioB</createdBy>
<createdTime>2020-11-26 02:56:17 UTC</createdTime>
<generatorID>49CD219A-7DEC-ACFC-C65C-38BE946DCB6F</generatorID>
<ownerDesignName>DPRO</ownerDesignName>
<use>0</use>
<ownDataTypeParameters>,,</ownDataTypeParameters>
<autoIncrementCycle>false</autoIncrementCycle>
<associations>
<colAssociation fkAssociation="7FFDFB0C-52DB-C348-C787-A5BC761790A3" referredColumn="1B260B92-792D-1B0E-D78C-02D5BE741EB2"/>
</associations>
</Column>
<Column name="cl_cedula" id="799839FC-D450-01A9-89CE-173270D87033">
<createdBy>AntonioB</createdBy>
<createdTime>2020-11-26 02:56:17 UTC</createdTime>
<generatorID>A1AF7970-BD8B-1AEF-226B-C42F87B19879</generatorID>
<ownerDesignName>DPRO</ownerDesignName>
<use>0</use>
<ownDataTypeParameters>,,</ownDataTypeParameters>
<autoIncrementCycle>false</autoIncrementCycle>
</Column>
<Column name="cl_p_nombre" id="70ED33AD-19CC-93C4-7E35-F858A61F466E">
<createdBy>AntonioB</createdBy>
<createdTime>2020-11-26 02:56:17 UTC</createdTime>
<generatorID>AF0D5F92-ED0C-4377-CCC8-E5E6D70E5774</generatorID>
<ownerDesignName>DPRO</ownerDesignName>
<use>0</use>
<ownDataTypeParameters>,,</ownDataTypeParameters>
<autoIncrementCycle>false</autoIncrementCycle>
</Column>
<Column name="cl_s_nombre" id="02C0E199-A507-146F-DC1B-D74D534399E9">
<createdBy>AntonioB</createdBy>
<createdTime>2020-11-26 02:56:17 UTC</createdTime>
<generatorID>1052569A-3FB5-6C63-C9E8-DB072C9C84CC</generatorID>
<ownerDesignName>DPRO</ownerDesignName>
<nullsAllowed>true</nullsAllowed>
<use>0</use>
<ownDataTypeParameters>,,</ownDataTypeParameters>
<autoIncrementCycle>false</autoIncrementCycle>
</Column>
<Column name="cl_p_apellido" id="EC4E9FA4-9469-9C57-EC4A-937C06E48E56">
<createdBy>AntonioB</createdBy>
<createdTime>2020-11-26 02:56:17 UTC</createdTime>
<generatorID>542C6E9F-0682-ED9B-95AB-3D242063C191</generatorID>
<ownerDesignName>DPRO</ownerDesignName>
<use>0</use>
<ownDataTypeParameters>,,</ownDataTypeParameters>
<autoIncrementCycle>false</autoIncrementCycle>
</Column>
<Column name="cl_s_apellido" id="981261FE-04B0-08C9-BA2B-B68718CC99CB">
<createdBy>AntonioB</createdBy>
<createdTime>2020-11-26 02:56:17 UTC</createdTime>
<generatorID>CD6797C0-CE75-B839-A190-16B84B975A76</generatorID>
<ownerDesignName>DPRO</ownerDesignName>
<nullsAllowed>true</nullsAllowed>
<use>0</use>
<ownDataTypeParameters>,,</ownDataTypeParameters>
<autoIncrementCycle>false</autoIncrementCycle>
</Column>
<Column name="cl_rif" id="8221D1EC-C64D-8651-F152-2A5322667602">
<createdBy>AntonioB</createdBy>
<createdTime>2020-11-26 02:56:17 UTC</createdTime>
<generatorID>8FF325BB-DDD6-CF9A-A47C-ADA2962422E3</generatorID>
<ownerDesignName>DPRO</ownerDesignName>
<nullsAllowed>true</nullsAllowed>
<use>0</use>
<ownDataTypeParameters>,,</ownDataTypeParameters>
<autoIncrementCycle>false</autoIncrementCycle>
</Column>
</columns>
<indexes itemClass="oracle.dbtools.crest.model.design.relational.Index">
<ind_PK_UK id="E7DF07E1-8AB4-ECAD-7D1F-3CC6B633C868" name="natural_PK">
<createdBy>AntonioB</createdBy>
<createdTime>2020-11-26 02:56:17 UTC</createdTime>
<generatorID>6D17CE1D-4E66-B1CC-7934-FC9B5F9FE0F1</generatorID>
<ownerDesignName>DPRO</ownerDesignName>
<pk>true</pk>
<indexState>Primary Constraint</indexState>
<isSurrogateKey>false</isSurrogateKey>
<indexColumnUsage>
<colUsage columnID="0B242B1C-2E01-3C49-DC4E-795C5948442E"/>
</indexColumnUsage>
</ind_PK_UK>
<ind_PK_UK id="BA5FE8FF-5AF1-21FD-80B7-BE4DF10904CA" name="natural_cliente_FK">
<createdBy>AntonioB</createdBy>
<createdTime>2020-11-26 02:56:17 UTC</createdTime>
<generatorID>590F30CE-9115-EB48-0B17-4AA7E02516B2</generatorID>
<ownerDesignName>DPRO</ownerDesignName>
<indexState>Foreign Key</indexState>
<isSurrogateKey>false</isSurrogateKey>
<indexColumnUsage>
<colUsage columnID="0B242B1C-2E01-3C49-DC4E-795C5948442E"/>
</indexColumnUsage>
</ind_PK_UK>
</indexes>
</Table>