<?xml version = '1.0' encoding = 'UTF-8'?>
<Entity class="oracle.dbtools.crest.model.design.logical.Entity" directorySegmentName="seg_0" id="14BFAA98-A671-C7B1-90D1-8FFA5768F3AE" name="lugar">
<createdBy>AntonioB</createdBy>
<createdTime>2020-11-14 00:47:07 UTC</createdTime>
<ownerDesignName>dpro</ownerDesignName>
<engineerTo>
<item key="3AFBB32C-D99B-4C0E-6DA7-236BDEE0262F" value="true"/>
</engineerTo>
<adequatelyNormalized>NO</adequatelyNormalized>
<expectedVolumes>0</expectedVolumes>
<fwdEngineeringStrategyName>Single Table</fwdEngineeringStrategyName>
<growthPercent>0</growthPercent>
<growthType>Year</growthType>
<maxVolumes>9999999</maxVolumes>
<minVolumes>0</minVolumes>
<normalForm>Third</normalForm>
<attributes itemClass="oracle.dbtools.crest.model.design.logical.Attribute">
<Attribute name="lu_codigo" id="F2329AB5-5551-3EE2-A258-63A30E3032F6">
<createdBy>AntonioB</createdBy>
<createdTime>2020-11-14 00:47:07 UTC</createdTime>
<ownerDesignName>dpro</ownerDesignName>
<engineerTo>
<item key="3AFBB32C-D99B-4C0E-6DA7-236BDEE0262F" value="true"/>
</engineerTo>
<use>0</use>
<ownDataTypeParameters>,,</ownDataTypeParameters>
</Attribute>
<Attribute name="lu_nombre" id="F4EB3DC1-4DF4-E1FE-4381-52E59FECE07B">
<createdBy>AntonioB</createdBy>
<createdTime>2020-11-14 01:27:21 UTC</createdTime>
<ownerDesignName>dpro</ownerDesignName>
<engineerTo>
<item key="3AFBB32C-D99B-4C0E-6DA7-236BDEE0262F" value="true"/>
</engineerTo>
<use>0</use>
<ownDataTypeParameters>,,</ownDataTypeParameters>
</Attribute>
<Attribute name="lu_descripcion" id="98A95EAE-98A0-2938-BE0E-C7A8CECBFBAB">
<createdBy>AntonioB</createdBy>
<createdTime>2020-11-14 01:27:33 UTC</createdTime>
<ownerDesignName>dpro</ownerDesignName>
<engineerTo>
<item key="3AFBB32C-D99B-4C0E-6DA7-236BDEE0262F" value="true"/>
</engineerTo>
<nullsAllowed>true</nullsAllowed>
<use>0</use>
<ownDataTypeParameters>,,</ownDataTypeParameters>
</Attribute>
<Attribute name="lu_codigo1" id="EA642D3D-4ABA-B6EE-BC69-490DDBB202A4">
<createdBy>AntonioB</createdBy>
<createdTime>2020-11-14 01:34:17 UTC</createdTime>
<generatorID>D02B49DD-CB14-52F5-3C5D-4B245B29182A</generatorID>
<ownerDesignName>dpro</ownerDesignName>
<engineerTo>
<item key="3AFBB32C-D99B-4C0E-6DA7-236BDEE0262F" value="true"/>
</engineerTo>
<nullsAllowed>true</nullsAllowed>
<referedAttribute>F2329AB5-5551-3EE2-A258-63A30E3032F6</referedAttribute>
<use>0</use>
<ownDataTypeParameters>,,</ownDataTypeParameters>
</Attribute>
<Attribute name="cl_id" id="FB5F9FEE-1708-6DBC-03E5-288811B50771">
<createdBy>AntonioB</createdBy>
<createdTime>2020-11-14 01:36:02 UTC</createdTime>
<generatorID>1DEF0346-E209-C5E5-E1CA-C1A6566A99DC</generatorID>
<ownerDesignName>dpro</ownerDesignName>
<engineerTo>
<item key="3AFBB32C-D99B-4C0E-6DA7-236BDEE0262F" value="true"/>
</engineerTo>
<referedAttribute>49CD219A-7DEC-ACFC-C65C-38BE946DCB6F</referedAttribute>
<use>0</use>
<ownDataTypeParameters>,,</ownDataTypeParameters>
</Attribute>
<Attribute name="ti_codigo" id="C62CC7AB-3312-03CF-59DE-26001726490F">
<createdBy>AntonioB</createdBy>
<createdTime>2020-11-14 01:53:49 UTC</createdTime>
<generatorID>8502D17C-F65C-9160-DDD3-6E3C216364F8</generatorID>
<ownerDesignName>dpro</ownerDesignName>
<engineerTo>
<item key="3AFBB32C-D99B-4C0E-6DA7-236BDEE0262F" value="true"/>
</engineerTo>
<referedAttribute>2826C14E-E73C-1A1F-F803-5557F9B6A9B3</referedAttribute>
<use>0</use>
<ownDataTypeParameters>,,</ownDataTypeParameters>
</Attribute>
<Attribute name="po_id" id="F0ADD4A9-562B-9785-7148-54279FB7608E">
<createdBy>AntonioB</createdBy>
<createdTime>2020-11-14 01:59:52 UTC</createdTime>
<generatorID>CE32D9AE-E083-8739-76A5-E449053FB928</generatorID>
<ownerDesignName>dpro</ownerDesignName>
<engineerTo>
<item key="3AFBB32C-D99B-4C0E-6DA7-236BDEE0262F" value="true"/>
</engineerTo>
<referedAttribute>8322879E-79AC-4861-BC84-55EE4AC49D58</referedAttribute>
<use>0</use>
<ownDataTypeParameters>,,</ownDataTypeParameters>
</Attribute>
<Attribute name="al_codigo" id="35DA5895-0642-E046-5EF4-0027CDC09093">
<createdBy>AntonioB</createdBy>
<createdTime>2020-11-14 02:25:02 UTC</createdTime>
<generatorID>8B3882AF-C8CD-7220-4E81-3F8DA85388C6</generatorID>
<ownerDesignName>dpro</ownerDesignName>
<engineerTo>
<item key="3AFBB32C-D99B-4C0E-6DA7-236BDEE0262F" value="true"/>
</engineerTo>
<referedAttribute>A66D3D6E-8889-4CC8-790A-344E99AD40A3</referedAttribute>
<use>0</use>
<ownDataTypeParameters>,,</ownDataTypeParameters>
</Attribute>
</attributes>
<identifiers itemClass="oracle.dbtools.crest.model.design.logical.CandidateKey">
<identifier id="AC8FF30E-D001-6D5B-9242-C89534DDDA56" name="lugar PK">
<createdBy>AntonioB</createdBy>
<createdTime>2020-11-14 01:27:58 UTC</createdTime>
<ownerDesignName>dpro</ownerDesignName>
<engineerTo>
<item key="3AFBB32C-D99B-4C0E-6DA7-236BDEE0262F" value="true"/>
</engineerTo>
<pk>true</pk>
<usedAttributes>
<attributeRef>F2329AB5-5551-3EE2-A258-63A30E3032F6</attributeRef>
</usedAttributes>
</identifier>
</identifiers>
</Entity>