<?xml version = '1.0' encoding = 'UTF-8'?>
<Entity class="oracle.dbtools.crest.model.design.logical.Entity" directorySegmentName="seg_0" id="14DAF8C6-92F7-67B2-FF7B-92C7FC013E71" name="juridico">
<createdBy>AntonioB</createdBy>
<createdTime>2020-11-14 01:13:36 UTC</createdTime>
<ownerDesignName>dpro</ownerDesignName>
<engineerTo>
<item key="3AFBB32C-D99B-4C0E-6DA7-236BDEE0262F" value="true"/>
</engineerTo>
<adequatelyNormalized>NO</adequatelyNormalized>
<expectedVolumes>0</expectedVolumes>
<fwdEngineeringStrategyName>Single Table</fwdEngineeringStrategyName>
<growthPercent>0</growthPercent>
<growthType>Year</growthType>
<hierarchicalParent>C298CA42-98AC-87E7-F990-590B32BD89D6</hierarchicalParent>
<maxVolumes>9999999</maxVolumes>
<minVolumes>0</minVolumes>
<normalForm>Third</normalForm>
<attributes itemClass="oracle.dbtools.crest.model.design.logical.Attribute">
<Attribute name="cl_rif" id="EB7F35EA-F7F5-D9AA-E21C-63E86FEA2F92">
<createdBy>AntonioB</createdBy>
<createdTime>2020-11-14 01:13:36 UTC</createdTime>
<ownerDesignName>dpro</ownerDesignName>
<engineerTo>
<item key="3AFBB32C-D99B-4C0E-6DA7-236BDEE0262F" value="true"/>
</engineerTo>
<use>0</use>
<ownDataTypeParameters>,,</ownDataTypeParameters>
</Attribute>
<Attribute name="cl_razonsocial" id="13BB40C8-F627-DCD6-E44E-944C3A4A891F">
<createdBy>AntonioB</createdBy>
<createdTime>2020-11-14 01:13:36 UTC</createdTime>
<ownerDesignName>dpro</ownerDesignName>
<engineerTo>
<item key="3AFBB32C-D99B-4C0E-6DA7-236BDEE0262F" value="true"/>
</engineerTo>
<use>0</use>
<ownDataTypeParameters>,,</ownDataTypeParameters>
</Attribute>
<Attribute name="cl_paginaweb" id="E72E1B95-5703-6B09-8DED-B4FBC1586A28">
<createdBy>AntonioB</createdBy>
<createdTime>2020-11-14 01:13:36 UTC</createdTime>
<ownerDesignName>dpro</ownerDesignName>
<engineerTo>
<item key="3AFBB32C-D99B-4C0E-6DA7-236BDEE0262F" value="true"/>
</engineerTo>
<nullsAllowed>true</nullsAllowed>
<use>0</use>
<ownDataTypeParameters>,,</ownDataTypeParameters>
</Attribute>
<Attribute name="cl_dencomercial" id="D5BA26E3-05EE-35F8-2AAA-61DDB0769606">
<createdBy>AntonioB</createdBy>
<createdTime>2020-11-14 01:13:36 UTC</createdTime>
<ownerDesignName>dpro</ownerDesignName>
<engineerTo>
<item key="3AFBB32C-D99B-4C0E-6DA7-236BDEE0262F" value="true"/>
</engineerTo>
<use>0</use>
<ownDataTypeParameters>,,</ownDataTypeParameters>
</Attribute>
<Attribute name="cl_capital" id="11CFE09D-9FB6-CE65-5E2F-AE2D83E63374">
<createdBy>AntonioB</createdBy>
<createdTime>2020-11-14 01:13:36 UTC</createdTime>
<ownerDesignName>dpro</ownerDesignName>
<engineerTo>
<item key="3AFBB32C-D99B-4C0E-6DA7-236BDEE0262F" value="true"/>
</engineerTo>
<use>0</use>
<ownDataTypeParameters>,,</ownDataTypeParameters>
</Attribute>
</attributes>
<identifiers itemClass="oracle.dbtools.crest.model.design.logical.CandidateKey">
<identifier id="97447346-D4C1-5277-3A72-D5CE70D3D909" name="juridico PK">
<createdBy>AntonioB</createdBy>
<createdTime>2020-11-14 01:19:37 UTC</createdTime>
<ownerDesignName>dpro</ownerDesignName>
<engineerTo>
<item key="3AFBB32C-D99B-4C0E-6DA7-236BDEE0262F" value="true"/>
</engineerTo>
<pk>true</pk>
</identifier>
</identifiers>
</Entity>