<?xml version = '1.0' encoding = 'UTF-8'?>
<Entity class="oracle.dbtools.crest.model.design.logical.Entity" directorySegmentName="seg_0" id="18B31F8B-04FE-A11E-6A4B-D71352BEB222" name="proveedor_producto">
<createdBy>AntonioB</createdBy>
<createdTime>2020-11-14 01:49:37 UTC</createdTime>
<ownerDesignName>dpro</ownerDesignName>
<engineerTo>
<item key="3AFBB32C-D99B-4C0E-6DA7-236BDEE0262F" value="true"/>
</engineerTo>
<adequatelyNormalized>NO</adequatelyNormalized>
<expectedVolumes>0</expectedVolumes>
<fwdEngineeringStrategyName>Single Table</fwdEngineeringStrategyName>
<growthPercent>0</growthPercent>
<growthType>Year</growthType>
<maxVolumes>9999999</maxVolumes>
<minVolumes>0</minVolumes>
<normalForm>Third</normalForm>
<attributes itemClass="oracle.dbtools.crest.model.design.logical.Attribute">
<Attribute name="popr_fecha" id="1BA18A88-05C0-6A7A-0777-6EF9AA99A75F">
<createdBy>AntonioB</createdBy>
<createdTime>2020-11-14 01:49:52 UTC</createdTime>
<ownerDesignName>dpro</ownerDesignName>
<engineerTo>
<item key="3AFBB32C-D99B-4C0E-6DA7-236BDEE0262F" value="true"/>
</engineerTo>
<use>0</use>
<ownDataTypeParameters>,,</ownDataTypeParameters>
</Attribute>
<Attribute name="po_id" id="15CDAEEB-6A5B-78A3-D20F-5D85375ECEC5">
<createdBy>AntonioB</createdBy>
<createdTime>2020-11-14 01:50:32 UTC</createdTime>
<generatorID>8D216885-47BA-854A-E947-EC3567B861A8</generatorID>
<ownerDesignName>dpro</ownerDesignName>
<engineerTo>
<item key="3AFBB32C-D99B-4C0E-6DA7-236BDEE0262F" value="true"/>
</engineerTo>
<referedAttribute>8322879E-79AC-4861-BC84-55EE4AC49D58</referedAttribute>
<use>0</use>
<ownDataTypeParameters>,,</ownDataTypeParameters>
</Attribute>
<Attribute name="pr_id" id="FBDF5684-4071-4E03-3B56-C0027CB075D1">
<createdBy>AntonioB</createdBy>
<createdTime>2020-11-14 01:50:37 UTC</createdTime>
<generatorID>668CD513-46B4-181E-1D16-915E23D53E5C</generatorID>
<ownerDesignName>dpro</ownerDesignName>
<engineerTo>
<item key="3AFBB32C-D99B-4C0E-6DA7-236BDEE0262F" value="true"/>
</engineerTo>
<referedAttribute>04EE5B6A-D849-90D4-B8CA-D885855B42DD</referedAttribute>
<use>0</use>
<ownDataTypeParameters>,,</ownDataTypeParameters>
</Attribute>
</attributes>
<identifiers itemClass="oracle.dbtools.crest.model.design.logical.CandidateKey">
<identifier id="4AFB7E14-3CFA-67B8-8893-DC54E411EAFB" name="proveedor_producto PK">
<createdBy>AntonioB</createdBy>
<createdTime>2020-11-14 02:13:09 UTC</createdTime>
<ownerDesignName>dpro</ownerDesignName>
<engineerTo>
<item key="3AFBB32C-D99B-4C0E-6DA7-236BDEE0262F" value="true"/>
</engineerTo>
<pk>true</pk>
<usedAttributes>
<attributeRef>15CDAEEB-6A5B-78A3-D20F-5D85375ECEC5</attributeRef>
<attributeRef>FBDF5684-4071-4E03-3B56-C0027CB075D1</attributeRef>
</usedAttributes>
</identifier>
</identifiers>
</Entity>