<?xml version = '1.0' encoding = 'UTF-8'?>
<Entity class="oracle.dbtools.crest.model.design.logical.Entity" directorySegmentName="seg_0" id="6287B417-F4CF-9E40-9015-102000CBE4DE" name="tienda">
<createdBy>AntonioB</createdBy>
<createdTime>2020-11-14 01:41:51 UTC</createdTime>
<ownerDesignName>dpro</ownerDesignName>
<engineerTo>
<item key="3AFBB32C-D99B-4C0E-6DA7-236BDEE0262F" value="true"/>
</engineerTo>
<adequatelyNormalized>NO</adequatelyNormalized>
<expectedVolumes>0</expectedVolumes>
<fwdEngineeringStrategyName>Single Table</fwdEngineeringStrategyName>
<growthPercent>0</growthPercent>
<growthType>Year</growthType>
<maxVolumes>9999999</maxVolumes>
<minVolumes>0</minVolumes>
<normalForm>Third</normalForm>
<attributes itemClass="oracle.dbtools.crest.model.design.logical.Attribute">
<Attribute name="ti_codigo" id="2826C14E-E73C-1A1F-F803-5557F9B6A9B3">
<createdBy>AntonioB</createdBy>
<createdTime>2020-11-14 01:52:03 UTC</createdTime>
<ownerDesignName>dpro</ownerDesignName>
<engineerTo>
<item key="3AFBB32C-D99B-4C0E-6DA7-236BDEE0262F" value="true"/>
</engineerTo>
<use>0</use>
<ownDataTypeParameters>,,</ownDataTypeParameters>
</Attribute>
<Attribute name="ti_tamanomc" id="96881B23-23AF-F0F6-6163-DCF25DC9368B">
<createdBy>AntonioB</createdBy>
<createdTime>2020-11-14 01:52:15 UTC</createdTime>
<ownerDesignName>dpro</ownerDesignName>
<engineerTo>
<item key="3AFBB32C-D99B-4C0E-6DA7-236BDEE0262F" value="true"/>
</engineerTo>
<use>0</use>
<ownDataTypeParameters>,,</ownDataTypeParameters>
</Attribute>
</attributes>
<identifiers itemClass="oracle.dbtools.crest.model.design.logical.CandidateKey">
<identifier id="BBD5F155-40D4-19AE-D241-1BAD6AC3D3BE" name="tienda PK">
<createdBy>AntonioB</createdBy>
<createdTime>2020-11-14 01:53:45 UTC</createdTime>
<ownerDesignName>dpro</ownerDesignName>
<engineerTo>
<item key="3AFBB32C-D99B-4C0E-6DA7-236BDEE0262F" value="true"/>
</engineerTo>
<pk>true</pk>
<usedAttributes>
<attributeRef>2826C14E-E73C-1A1F-F803-5557F9B6A9B3</attributeRef>
</usedAttributes>
</identifier>
</identifiers>
</Entity>