<?xml version = '1.0' encoding = 'UTF-8'?>
<Entity class="oracle.dbtools.crest.model.design.logical.Entity" directorySegmentName="seg_0" id="7420E6B7-499E-F956-17A3-502E09F6174C" name="empleado_almacen">
<createdBy>AntonioB</createdBy>
<createdTime>2020-11-14 02:14:40 UTC</createdTime>
<ownerDesignName>dpro</ownerDesignName>
<engineerTo>
<item key="3AFBB32C-D99B-4C0E-6DA7-236BDEE0262F" value="true"/>
</engineerTo>
<adequatelyNormalized>NO</adequatelyNormalized>
<expectedVolumes>0</expectedVolumes>
<fwdEngineeringStrategyName>Single Table</fwdEngineeringStrategyName>
<growthPercent>0</growthPercent>
<growthType>Year</growthType>
<maxVolumes>9999999</maxVolumes>
<minVolumes>0</minVolumes>
<normalForm>Third</normalForm>
<attributes itemClass="oracle.dbtools.crest.model.design.logical.Attribute">
<Attribute name="emal_fecha" id="A59ACBD7-F3D3-BF77-8195-FB6311CD5EA9">
<createdBy>AntonioB</createdBy>
<createdTime>2020-11-14 02:15:05 UTC</createdTime>
<ownerDesignName>dpro</ownerDesignName>
<engineerTo>
<item key="3AFBB32C-D99B-4C0E-6DA7-236BDEE0262F" value="true"/>
</engineerTo>
<use>0</use>
<ownDataTypeParameters>,,</ownDataTypeParameters>
</Attribute>
<Attribute name="al_codigo" id="8036C16B-0DED-13BF-0E6B-E093C995E3EA">
<createdBy>AntonioB</createdBy>
<createdTime>2020-11-14 02:16:45 UTC</createdTime>
<generatorID>03DE2280-3C18-0655-5B52-40C76DC95C04</generatorID>
<ownerDesignName>dpro</ownerDesignName>
<engineerTo>
<item key="3AFBB32C-D99B-4C0E-6DA7-236BDEE0262F" value="true"/>
</engineerTo>
<referedAttribute>A66D3D6E-8889-4CC8-790A-344E99AD40A3</referedAttribute>
<use>0</use>
<ownDataTypeParameters>,,</ownDataTypeParameters>
</Attribute>
<Attribute name="em_id" id="E3F5E65A-5882-FE4B-AA22-FB76F5F7B547">
<createdBy>AntonioB</createdBy>
<createdTime>2020-11-14 02:16:51 UTC</createdTime>
<generatorID>904786D5-AF78-0D58-95AE-F6FDFBAF65D2</generatorID>
<ownerDesignName>dpro</ownerDesignName>
<engineerTo>
<item key="3AFBB32C-D99B-4C0E-6DA7-236BDEE0262F" value="true"/>
</engineerTo>
<referedAttribute>9A8CA1C2-75F9-AB0C-F09D-81A90F2D13A2</referedAttribute>
<use>0</use>
<ownDataTypeParameters>,,</ownDataTypeParameters>
</Attribute>
</attributes>
<identifiers itemClass="oracle.dbtools.crest.model.design.logical.CandidateKey">
<identifier id="F36F057C-97C2-3068-6E95-75E553749C26" name="empleado_almacen PK">
<createdBy>AntonioB</createdBy>
<createdTime>2020-11-14 02:16:45 UTC</createdTime>
<ownerDesignName>dpro</ownerDesignName>
<engineerTo>
<item key="3AFBB32C-D99B-4C0E-6DA7-236BDEE0262F" value="true"/>
</engineerTo>
<pk>true</pk>
<usedAttributes>
<attributeRef>8036C16B-0DED-13BF-0E6B-E093C995E3EA</attributeRef>
<attributeRef>E3F5E65A-5882-FE4B-AA22-FB76F5F7B547</attributeRef>
</usedAttributes>
</identifier>
</identifiers>
</Entity>