<?xml version = '1.0' encoding = 'UTF-8'?>
<Entity class="oracle.dbtools.crest.model.design.logical.Entity" directorySegmentName="seg_0" id="8CE6C662-E3F2-2FEF-5BAD-A476258BAC91" name="proveedor">
<createdBy>AntonioB</createdBy>
<createdTime>2020-11-14 00:47:07 UTC</createdTime>
<ownerDesignName>dpro</ownerDesignName>
<engineerTo>
<item key="3AFBB32C-D99B-4C0E-6DA7-236BDEE0262F" value="true"/>
</engineerTo>
<adequatelyNormalized>NO</adequatelyNormalized>
<expectedVolumes>0</expectedVolumes>
<fwdEngineeringStrategyName>Single Table</fwdEngineeringStrategyName>
<growthPercent>0</growthPercent>
<growthType>Year</growthType>
<maxVolumes>9999999</maxVolumes>
<minVolumes>0</minVolumes>
<normalForm>Third</normalForm>
<attributes itemClass="oracle.dbtools.crest.model.design.logical.Attribute">
<Attribute name="po_id" id="8322879E-79AC-4861-BC84-55EE4AC49D58">
<createdBy>AntonioB</createdBy>
<createdTime>2020-11-14 00:47:07 UTC</createdTime>
<ownerDesignName>dpro</ownerDesignName>
<engineerTo>
<item key="3AFBB32C-D99B-4C0E-6DA7-236BDEE0262F" value="true"/>
</engineerTo>
<use>0</use>
<ownDataTypeParameters>,,</ownDataTypeParameters>
</Attribute>
<Attribute name="po_rif" id="74639348-2513-6D9E-ECF4-5D3635C8526C">
<createdBy>AntonioB</createdBy>
<createdTime>2020-11-14 00:47:07 UTC</createdTime>
<ownerDesignName>dpro</ownerDesignName>
<engineerTo>
<item key="3AFBB32C-D99B-4C0E-6DA7-236BDEE0262F" value="true"/>
</engineerTo>
<use>0</use>
<ownDataTypeParameters>,,</ownDataTypeParameters>
</Attribute>
<Attribute name="po_densocial" id="63B692DE-BB33-4C43-C357-A8A22898C022">
<createdBy>AntonioB</createdBy>
<createdTime>2020-11-14 00:47:07 UTC</createdTime>
<ownerDesignName>dpro</ownerDesignName>
<engineerTo>
<item key="3AFBB32C-D99B-4C0E-6DA7-236BDEE0262F" value="true"/>
</engineerTo>
<use>0</use>
<ownDataTypeParameters>,,</ownDataTypeParameters>
</Attribute>
<Attribute name="po_telefono" id="77D607DD-3974-E61E-B7EA-5BF6E9F9B666">
<createdBy>AntonioB</createdBy>
<createdTime>2020-11-14 01:57:41 UTC</createdTime>
<ownerDesignName>dpro</ownerDesignName>
<engineerTo>
<item key="3AFBB32C-D99B-4C0E-6DA7-236BDEE0262F" value="true"/>
</engineerTo>
<use>0</use>
<ownDataTypeParameters>,,</ownDataTypeParameters>
</Attribute>
<Attribute name="po_paginaweb" id="E449C8A9-4E15-4D03-6330-8CFFC6724ABE">
<createdBy>AntonioB</createdBy>
<createdTime>2020-11-14 01:57:47 UTC</createdTime>
<ownerDesignName>dpro</ownerDesignName>
<engineerTo>
<item key="3AFBB32C-D99B-4C0E-6DA7-236BDEE0262F" value="true"/>
</engineerTo>
<nullsAllowed>true</nullsAllowed>
<use>0</use>
<ownDataTypeParameters>,,</ownDataTypeParameters>
</Attribute>
<Attribute name="po_correo" id="C7E65113-A2C2-DA08-D9AD-4ECEFFC4E4CB">
<createdBy>AntonioB</createdBy>
<createdTime>2020-11-14 01:57:56 UTC</createdTime>
<ownerDesignName>dpro</ownerDesignName>
<engineerTo>
<item key="3AFBB32C-D99B-4C0E-6DA7-236BDEE0262F" value="true"/>
</engineerTo>
<use>0</use>
<ownDataTypeParameters>,,</ownDataTypeParameters>
</Attribute>
<Attribute name="po_correo2" id="32DD27B1-81ED-B6BD-2128-9CA8A13DC191">
<createdBy>AntonioB</createdBy>
<createdTime>2020-11-14 01:58:01 UTC</createdTime>
<ownerDesignName>dpro</ownerDesignName>
<engineerTo>
<item key="3AFBB32C-D99B-4C0E-6DA7-236BDEE0262F" value="true"/>
</engineerTo>
<nullsAllowed>true</nullsAllowed>
<use>0</use>
<ownDataTypeParameters>,,</ownDataTypeParameters>
</Attribute>
</attributes>
<identifiers itemClass="oracle.dbtools.crest.model.design.logical.CandidateKey">
<identifier id="E7ECD410-4FAE-B8B4-E4A3-4DDBFBD01A31" name="Producto PK">
<createdBy>AntonioB</createdBy>
<createdTime>2020-11-14 00:47:07 UTC</createdTime>
<ownerDesignName>dpro</ownerDesignName>
<engineerTo>
<item key="3AFBB32C-D99B-4C0E-6DA7-236BDEE0262F" value="true"/>
</engineerTo>
<pk>true</pk>
<usedAttributes>
<attributeRef>8322879E-79AC-4861-BC84-55EE4AC49D58</attributeRef>
</usedAttributes>
</identifier>
</identifiers>
</Entity>