<?xml version = '1.0' encoding = 'UTF-8'?>
<Entity class="oracle.dbtools.crest.model.design.logical.Entity" directorySegmentName="seg_0" id="94B37113-2F0E-2241-EC38-0C857B384A06" name="producto_tienda">
<createdBy>AntonioB</createdBy>
<createdTime>2020-11-14 01:46:11 UTC</createdTime>
<ownerDesignName>dpro</ownerDesignName>
<engineerTo>
<item key="3AFBB32C-D99B-4C0E-6DA7-236BDEE0262F" value="true"/>
</engineerTo>
<adequatelyNormalized>NO</adequatelyNormalized>
<expectedVolumes>0</expectedVolumes>
<fwdEngineeringStrategyName>Single Table</fwdEngineeringStrategyName>
<growthPercent>0</growthPercent>
<growthType>Year</growthType>
<maxVolumes>9999999</maxVolumes>
<minVolumes>0</minVolumes>
<normalForm>Third</normalForm>
<attributes itemClass="oracle.dbtools.crest.model.design.logical.Attribute">
<Attribute name="pr_id" id="1CF2C6A0-E2F0-A5C6-3A6E-DFA474A56F2A">
<createdBy>AntonioB</createdBy>
<createdTime>2020-11-14 01:53:37 UTC</createdTime>
<generatorID>0FF94F3B-8110-3307-141E-F8E6EC5288DC</generatorID>
<ownerDesignName>dpro</ownerDesignName>
<engineerTo>
<item key="3AFBB32C-D99B-4C0E-6DA7-236BDEE0262F" value="true"/>
</engineerTo>
<referedAttribute>04EE5B6A-D849-90D4-B8CA-D885855B42DD</referedAttribute>
<use>0</use>
<ownDataTypeParameters>,,</ownDataTypeParameters>
</Attribute>
<Attribute name="ti_codigo" id="65935638-0B65-366A-06C6-572C727CB053">
<createdBy>AntonioB</createdBy>
<createdTime>2020-11-14 01:53:49 UTC</createdTime>
<generatorID>2430DBB0-5611-B64D-18D7-5C8A8F62056B</generatorID>
<ownerDesignName>dpro</ownerDesignName>
<engineerTo>
<item key="3AFBB32C-D99B-4C0E-6DA7-236BDEE0262F" value="true"/>
</engineerTo>
<referedAttribute>2826C14E-E73C-1A1F-F803-5557F9B6A9B3</referedAttribute>
<use>0</use>
<ownDataTypeParameters>,,</ownDataTypeParameters>
</Attribute>
<Attribute name="prti_cantidad" id="BF4EEFBA-8B1D-28F6-A6ED-10AC279DC3EE">
<createdBy>AntonioB</createdBy>
<createdTime>2020-11-14 01:51:30 UTC</createdTime>
<ownerDesignName>dpro</ownerDesignName>
<engineerTo>
<item key="3AFBB32C-D99B-4C0E-6DA7-236BDEE0262F" value="true"/>
</engineerTo>
<use>0</use>
<ownDataTypeParameters>,,</ownDataTypeParameters>
</Attribute>
</attributes>
<identifiers itemClass="oracle.dbtools.crest.model.design.logical.CandidateKey">
<identifier id="65DA00E6-EEAC-84D0-C7D9-0295BA87A411" name="producto_tienda PK">
<createdBy>AntonioB</createdBy>
<createdTime>2020-11-14 02:12:44 UTC</createdTime>
<ownerDesignName>dpro</ownerDesignName>
<engineerTo>
<item key="3AFBB32C-D99B-4C0E-6DA7-236BDEE0262F" value="true"/>
</engineerTo>
<pk>true</pk>
<usedAttributes>
<attributeRef>1CF2C6A0-E2F0-A5C6-3A6E-DFA474A56F2A</attributeRef>
<attributeRef>65935638-0B65-366A-06C6-572C727CB053</attributeRef>
</usedAttributes>
</identifier>
</identifiers>
</Entity>