<?xml version = '1.0' encoding = 'UTF-8'?>
<Entity class="oracle.dbtools.crest.model.design.logical.Entity" directorySegmentName="seg_0" id="A7A0BA2C-3708-4F25-3257-47AFC09A61FE" name="carnet">
<createdBy>AntonioB</createdBy>
<createdTime>2020-11-14 01:08:42 UTC</createdTime>
<ownerDesignName>dpro</ownerDesignName>
<engineerTo>
<item key="3AFBB32C-D99B-4C0E-6DA7-236BDEE0262F" value="true"/>
</engineerTo>
<adequatelyNormalized>NO</adequatelyNormalized>
<expectedVolumes>0</expectedVolumes>
<fwdEngineeringStrategyName>Single Table</fwdEngineeringStrategyName>
<growthPercent>0</growthPercent>
<growthType>Year</growthType>
<maxVolumes>9999999</maxVolumes>
<minVolumes>0</minVolumes>
<normalForm>Third</normalForm>
<attributes itemClass="oracle.dbtools.crest.model.design.logical.Attribute">
<Attribute name="ca_codigo" id="ECDDF1D3-97D0-ECC6-588D-F8D063E8A8AA">
<createdBy>AntonioB</createdBy>
<createdTime>2020-11-14 01:08:56 UTC</createdTime>
<ownerDesignName>dpro</ownerDesignName>
<engineerTo>
<item key="3AFBB32C-D99B-4C0E-6DA7-236BDEE0262F" value="true"/>
</engineerTo>
<use>0</use>
<ownDataTypeParameters>,,</ownDataTypeParameters>
</Attribute>
<Attribute name="cl_id" id="E1113CE4-EF1A-A20D-42FB-94D4DD3A6A8C">
<createdBy>AntonioB</createdBy>
<createdTime>2020-11-14 01:10:50 UTC</createdTime>
<generatorID>1B24D861-66FA-8524-CC5E-77AD0598B2AE</generatorID>
<ownerDesignName>dpro</ownerDesignName>
<engineerTo>
<item key="3AFBB32C-D99B-4C0E-6DA7-236BDEE0262F" value="true"/>
</engineerTo>
<referedAttribute>49CD219A-7DEC-ACFC-C65C-38BE946DCB6F</referedAttribute>
<use>0</use>
<ownDataTypeParameters>,,</ownDataTypeParameters>
</Attribute>
</attributes>
<identifiers itemClass="oracle.dbtools.crest.model.design.logical.CandidateKey">
<identifier id="7EDD1F9D-7589-B6C7-2FE2-782D18DDA07E" name="carnet PK">
<createdBy>AntonioB</createdBy>
<createdTime>2020-11-14 01:10:26 UTC</createdTime>
<ownerDesignName>dpro</ownerDesignName>
<engineerTo>
<item key="3AFBB32C-D99B-4C0E-6DA7-236BDEE0262F" value="true"/>
</engineerTo>
<pk>true</pk>
<usedAttributes>
<attributeRef>ECDDF1D3-97D0-ECC6-588D-F8D063E8A8AA</attributeRef>
</usedAttributes>
</identifier>
</identifiers>
</Entity>