<?xml version = '1.0' encoding = 'UTF-8'?>
<Entity class="oracle.dbtools.crest.model.design.logical.Entity" directorySegmentName="seg_0" id="BC406C63-A7BB-A9BE-2404-603E3BDDAF12" name="empleado_tienda">
<createdBy>AntonioB</createdBy>
<createdTime>2020-11-14 02:17:10 UTC</createdTime>
<ownerDesignName>dpro</ownerDesignName>
<engineerTo>
<item key="3AFBB32C-D99B-4C0E-6DA7-236BDEE0262F" value="true"/>
</engineerTo>
<adequatelyNormalized>NO</adequatelyNormalized>
<expectedVolumes>0</expectedVolumes>
<fwdEngineeringStrategyName>Single Table</fwdEngineeringStrategyName>
<growthPercent>0</growthPercent>
<growthType>Year</growthType>
<maxVolumes>9999999</maxVolumes>
<minVolumes>0</minVolumes>
<normalForm>Third</normalForm>
<attributes itemClass="oracle.dbtools.crest.model.design.logical.Attribute">
<Attribute name="emti_fecha" id="EEA9D4C0-B581-90BF-A2BB-D9752E41D29E">
<createdBy>AntonioB</createdBy>
<createdTime>2020-11-14 02:17:10 UTC</createdTime>
<ownerDesignName>dpro</ownerDesignName>
<engineerTo>
<item key="3AFBB32C-D99B-4C0E-6DA7-236BDEE0262F" value="true"/>
</engineerTo>
<use>0</use>
<ownDataTypeParameters>,,</ownDataTypeParameters>
</Attribute>
<Attribute name="ti_codigo" id="6A87246F-AADD-6468-F954-09235CC43747">
<createdBy>AntonioB</createdBy>
<createdTime>2020-11-14 02:17:46 UTC</createdTime>
<generatorID>FB54216D-0215-D639-C7D6-9EC356F120D1</generatorID>
<ownerDesignName>dpro</ownerDesignName>
<engineerTo>
<item key="3AFBB32C-D99B-4C0E-6DA7-236BDEE0262F" value="true"/>
</engineerTo>
<referedAttribute>2826C14E-E73C-1A1F-F803-5557F9B6A9B3</referedAttribute>
<use>0</use>
<ownDataTypeParameters>,,</ownDataTypeParameters>
</Attribute>
<Attribute name="em_id" id="02202AAC-1C80-5D7F-B6D7-F5A0B69F7CDE">
<createdBy>AntonioB</createdBy>
<createdTime>2020-11-14 02:17:52 UTC</createdTime>
<generatorID>8E2B18C2-4C1B-109A-A793-A82CEF6DEC64</generatorID>
<ownerDesignName>dpro</ownerDesignName>
<engineerTo>
<item key="3AFBB32C-D99B-4C0E-6DA7-236BDEE0262F" value="true"/>
</engineerTo>
<referedAttribute>9A8CA1C2-75F9-AB0C-F09D-81A90F2D13A2</referedAttribute>
<use>0</use>
<ownDataTypeParameters>,,</ownDataTypeParameters>
</Attribute>
</attributes>
<identifiers itemClass="oracle.dbtools.crest.model.design.logical.CandidateKey">
<identifier id="375440B6-C331-EA4F-8C4C-EA0F884511C1" name="empleado_almacen PK">
<createdBy>AntonioB</createdBy>
<createdTime>2020-11-14 02:17:10 UTC</createdTime>
<ownerDesignName>dpro</ownerDesignName>
<engineerTo>
<item key="3AFBB32C-D99B-4C0E-6DA7-236BDEE0262F" value="true"/>
</engineerTo>
<pk>true</pk>
<usedAttributes>
<attributeRef>6A87246F-AADD-6468-F954-09235CC43747</attributeRef>
<attributeRef>02202AAC-1C80-5D7F-B6D7-F5A0B69F7CDE</attributeRef>
</usedAttributes>
</identifier>
</identifiers>
</Entity>