<?xml version = '1.0' encoding = 'UTF-8'?>
<Entity class="oracle.dbtools.crest.model.design.logical.Entity" directorySegmentName="seg_0" id="C298CA42-98AC-87E7-F990-590B32BD89D6" name="cliente">
<createdBy>AntonioB</createdBy>
<createdTime>2020-11-13 01:41:32 UTC</createdTime>
<ownerDesignName>dpro</ownerDesignName>
<engineerTo>
<item key="3AFBB32C-D99B-4C0E-6DA7-236BDEE0262F" value="true"/>
</engineerTo>
<adequatelyNormalized>NO</adequatelyNormalized>
<expectedVolumes>0</expectedVolumes>
<fwdEngineeringStrategyName>Single Table</fwdEngineeringStrategyName>
<growthPercent>0</growthPercent>
<growthType>Year</growthType>
<maxVolumes>9999999</maxVolumes>
<minVolumes>0</minVolumes>
<normalForm>Third</normalForm>
<attributes itemClass="oracle.dbtools.crest.model.design.logical.Attribute">
<Attribute name="cl_id" id="49CD219A-7DEC-ACFC-C65C-38BE946DCB6F">
<createdBy>AntonioB</createdBy>
<createdTime>2020-11-13 01:45:10 UTC</createdTime>
<ownerDesignName>dpro</ownerDesignName>
<engineerTo>
<item key="3AFBB32C-D99B-4C0E-6DA7-236BDEE0262F" value="true"/>
</engineerTo>
<use>0</use>
<ownDataTypeParameters>,,</ownDataTypeParameters>
</Attribute>
<Attribute name="cl_correo" id="3895908D-A105-B0A0-6B20-6B6A28D9FE36">
<createdBy>AntonioB</createdBy>
<createdTime>2020-11-14 01:04:25 UTC</createdTime>
<ownerDesignName>dpro</ownerDesignName>
<engineerTo>
<item key="3AFBB32C-D99B-4C0E-6DA7-236BDEE0262F" value="true"/>
</engineerTo>
<use>0</use>
<ownDataTypeParameters>,,</ownDataTypeParameters>
</Attribute>
<Attribute name="cl_contraseña" id="64521BDC-F10C-B139-37AD-8F954B148658">
<createdBy>AntonioB</createdBy>
<createdTime>2020-11-14 01:04:39 UTC</createdTime>
<ownerDesignName>dpro</ownerDesignName>
<engineerTo>
<item key="3AFBB32C-D99B-4C0E-6DA7-236BDEE0262F" value="true"/>
</engineerTo>
<use>0</use>
<ownDataTypeParameters>,,</ownDataTypeParameters>
</Attribute>
<Attribute name="cl_telefono" id="949FF9B9-1272-C772-9D73-605D8F572AE5">
<createdBy>AntonioB</createdBy>
<createdTime>2020-11-14 01:05:33 UTC</createdTime>
<ownerDesignName>dpro</ownerDesignName>
<engineerTo>
<item key="3AFBB32C-D99B-4C0E-6DA7-236BDEE0262F" value="true"/>
</engineerTo>
<use>0</use>
<ownDataTypeParameters>,,</ownDataTypeParameters>
</Attribute>
<Attribute name="cl_telefono2" id="272AA83B-7955-7D96-B311-B11F05FD731F">
<createdBy>AntonioB</createdBy>
<createdTime>2020-11-14 01:39:58 UTC</createdTime>
<ownerDesignName>dpro</ownerDesignName>
<engineerTo>
<item key="3AFBB32C-D99B-4C0E-6DA7-236BDEE0262F" value="true"/>
</engineerTo>
<nullsAllowed>true</nullsAllowed>
<use>0</use>
<ownDataTypeParameters>,,</ownDataTypeParameters>
</Attribute>
<Attribute name="cl_telefono3" id="67A20309-FDF1-5AEF-8FF6-C97D741BF47C">
<createdBy>AntonioB</createdBy>
<createdTime>2020-11-14 01:40:08 UTC</createdTime>
<ownerDesignName>dpro</ownerDesignName>
<engineerTo>
<item key="3AFBB32C-D99B-4C0E-6DA7-236BDEE0262F" value="true"/>
</engineerTo>
<nullsAllowed>true</nullsAllowed>
<use>0</use>
<ownDataTypeParameters>,,</ownDataTypeParameters>
</Attribute>
<Attribute name="ti_codigo" id="1CDC1778-DE22-EFB4-3686-F7FD0E386156">
<createdBy>AntonioB</createdBy>
<createdTime>2020-11-14 01:53:49 UTC</createdTime>
<generatorID>DA8D6187-A0D3-35A7-2975-0CAB30F85786</generatorID>
<ownerDesignName>dpro</ownerDesignName>
<engineerTo>
<item key="3AFBB32C-D99B-4C0E-6DA7-236BDEE0262F" value="true"/>
</engineerTo>
<referedAttribute>2826C14E-E73C-1A1F-F803-5557F9B6A9B3</referedAttribute>
<use>0</use>
<ownDataTypeParameters>,,</ownDataTypeParameters>
</Attribute>
</attributes>
<identifiers itemClass="oracle.dbtools.crest.model.design.logical.CandidateKey">
<identifier id="6D17CE1D-4E66-B1CC-7934-FC9B5F9FE0F1" name="Cliente PK">
<createdBy>AntonioB</createdBy>
<createdTime>2020-11-13 01:45:19 UTC</createdTime>
<ownerDesignName>dpro</ownerDesignName>
<engineerTo>
<item key="3AFBB32C-D99B-4C0E-6DA7-236BDEE0262F" value="true"/>
</engineerTo>
<pk>true</pk>
<usedAttributes>
<attributeRef>49CD219A-7DEC-ACFC-C65C-38BE946DCB6F</attributeRef>
</usedAttributes>
</identifier>
</identifiers>
</Entity>