<?xml version = '1.0' encoding = 'UTF-8'?>
<Entity class="oracle.dbtools.crest.model.design.logical.Entity" directorySegmentName="seg_0" id="CB725B56-4E68-0149-3E44-AC301D1EB17F" name="orden">
<createdBy>AntonioB</createdBy>
<createdTime>2020-11-13 01:41:38 UTC</createdTime>
<ownerDesignName>dpro</ownerDesignName>
<engineerTo>
<item key="3AFBB32C-D99B-4C0E-6DA7-236BDEE0262F" value="true"/>
</engineerTo>
<adequatelyNormalized>NO</adequatelyNormalized>
<expectedVolumes>0</expectedVolumes>
<fwdEngineeringStrategyName>Single Table</fwdEngineeringStrategyName>
<growthPercent>0</growthPercent>
<growthType>Year</growthType>
<maxVolumes>9999999</maxVolumes>
<minVolumes>0</minVolumes>
<normalForm>Third</normalForm>
<attributes itemClass="oracle.dbtools.crest.model.design.logical.Attribute">
<Attribute name="pr_id" id="AC79D426-7399-73A6-A27C-6FBC6498947D">
<createdBy>AntonioB</createdBy>
<createdTime>2020-11-13 01:44:14 UTC</createdTime>
<generatorID>2F4387CD-BF12-7F62-7F4A-96E391DE17FB</generatorID>
<ownerDesignName>dpro</ownerDesignName>
<engineerTo>
<item key="3AFBB32C-D99B-4C0E-6DA7-236BDEE0262F" value="true"/>
</engineerTo>
<referedAttribute>04EE5B6A-D849-90D4-B8CA-D885855B42DD</referedAttribute>
<use>0</use>
<ownDataTypeParameters>,,</ownDataTypeParameters>
</Attribute>
<Attribute name="or_fecha" id="2815F10A-8265-22A7-8F39-43227B53D085">
<createdBy>AntonioB</createdBy>
<createdTime>2020-11-13 01:46:36 UTC</createdTime>
<ownerDesignName>dpro</ownerDesignName>
<engineerTo>
<item key="3AFBB32C-D99B-4C0E-6DA7-236BDEE0262F" value="true"/>
</engineerTo>
<use>0</use>
<ownDataTypeParameters>,,</ownDataTypeParameters>
</Attribute>
<Attribute name="cl_id" id="EE1D2DCF-9CF3-7434-893C-50E2893AB719">
<createdBy>AntonioB</createdBy>
<createdTime>2020-11-14 01:50:56 UTC</createdTime>
<generatorID>2168D4E7-619C-2555-F040-8C0D70B1A773</generatorID>
<ownerDesignName>dpro</ownerDesignName>
<engineerTo>
<item key="3AFBB32C-D99B-4C0E-6DA7-236BDEE0262F" value="true"/>
</engineerTo>
<referedAttribute>49CD219A-7DEC-ACFC-C65C-38BE946DCB6F</referedAttribute>
<use>0</use>
<ownDataTypeParameters>,,</ownDataTypeParameters>
</Attribute>
</attributes>
<identifiers itemClass="oracle.dbtools.crest.model.design.logical.CandidateKey">
<identifier id="2D393F9B-458A-E17C-4CB4-9FEA80AE4DCE" name="orden PK">
<createdBy>AntonioB</createdBy>
<createdTime>2020-11-14 02:12:54 UTC</createdTime>
<ownerDesignName>dpro</ownerDesignName>
<engineerTo>
<item key="3AFBB32C-D99B-4C0E-6DA7-236BDEE0262F" value="true"/>
</engineerTo>
<pk>true</pk>
<usedAttributes>
<attributeRef>AC79D426-7399-73A6-A27C-6FBC6498947D</attributeRef>
<attributeRef>EE1D2DCF-9CF3-7434-893C-50E2893AB719</attributeRef>
</usedAttributes>
</identifier>
</identifiers>
</Entity>