<?xml version = '1.0' encoding = 'UTF-8'?>
<Entity class="oracle.dbtools.crest.model.design.logical.Entity" directorySegmentName="seg_0" id="CE61BE2E-8668-90AE-5023-6FC4F7B12BDE" name="producto_alamacen">
<createdBy>AntonioB</createdBy>
<createdTime>2020-11-14 02:11:15 UTC</createdTime>
<ownerDesignName>dpro</ownerDesignName>
<engineerTo>
<item key="3AFBB32C-D99B-4C0E-6DA7-236BDEE0262F" value="true"/>
</engineerTo>
<adequatelyNormalized>NO</adequatelyNormalized>
<expectedVolumes>0</expectedVolumes>
<fwdEngineeringStrategyName>Single Table</fwdEngineeringStrategyName>
<growthPercent>0</growthPercent>
<growthType>Year</growthType>
<maxVolumes>9999999</maxVolumes>
<minVolumes>0</minVolumes>
<normalForm>Third</normalForm>
<attributes itemClass="oracle.dbtools.crest.model.design.logical.Attribute">
<Attribute name="pral_cantidad" id="90E80606-8E92-69CF-4477-31FAE2FDE2FA">
<createdBy>AntonioB</createdBy>
<createdTime>2020-11-14 02:11:15 UTC</createdTime>
<ownerDesignName>dpro</ownerDesignName>
<engineerTo>
<item key="3AFBB32C-D99B-4C0E-6DA7-236BDEE0262F" value="true"/>
</engineerTo>
<use>0</use>
<ownDataTypeParameters>,,</ownDataTypeParameters>
</Attribute>
<Attribute name="pr_id" id="352B2ED0-26F5-C97B-880A-D3736FBE7CF7">
<createdBy>AntonioB</createdBy>
<createdTime>2020-11-14 02:12:32 UTC</createdTime>
<generatorID>16130DD6-7FFB-110D-E7ED-5C393D97D5DC</generatorID>
<ownerDesignName>dpro</ownerDesignName>
<engineerTo>
<item key="3AFBB32C-D99B-4C0E-6DA7-236BDEE0262F" value="true"/>
</engineerTo>
<referedAttribute>04EE5B6A-D849-90D4-B8CA-D885855B42DD</referedAttribute>
<use>0</use>
<ownDataTypeParameters>,,</ownDataTypeParameters>
</Attribute>
<Attribute name="al_codigo" id="3447ED9D-1661-6558-4951-14569A76FBF5">
<createdBy>AntonioB</createdBy>
<createdTime>2020-11-14 02:13:17 UTC</createdTime>
<generatorID>A1829CBD-BCAC-A840-4B83-4A33ABFC1435</generatorID>
<ownerDesignName>dpro</ownerDesignName>
<engineerTo>
<item key="3AFBB32C-D99B-4C0E-6DA7-236BDEE0262F" value="true"/>
</engineerTo>
<referedAttribute>A66D3D6E-8889-4CC8-790A-344E99AD40A3</referedAttribute>
<use>0</use>
<ownDataTypeParameters>,,</ownDataTypeParameters>
</Attribute>
</attributes>
<identifiers itemClass="oracle.dbtools.crest.model.design.logical.CandidateKey">
<identifier id="F72E6875-2360-01C5-2002-F3A6912BFA53" name="producto_alamacen PK">
<createdBy>AntonioB</createdBy>
<createdTime>2020-11-14 02:34:35 UTC</createdTime>
<ownerDesignName>dpro</ownerDesignName>
<engineerTo>
<item key="3AFBB32C-D99B-4C0E-6DA7-236BDEE0262F" value="true"/>
</engineerTo>
<pk>true</pk>
<usedAttributes>
<attributeRef>3447ED9D-1661-6558-4951-14569A76FBF5</attributeRef>
<attributeRef>352B2ED0-26F5-C97B-880A-D3736FBE7CF7</attributeRef>
</usedAttributes>
</identifier>
</identifiers>
</Entity>