<?xml version = '1.0' encoding = 'UTF-8'?>
<Entity class="oracle.dbtools.crest.model.design.logical.Entity" directorySegmentName="seg_0" id="D791BB30-1D43-F02E-D092-4CF748475333" name="horario">
<createdBy>AntonioB</createdBy>
<createdTime>2020-11-14 02:09:02 UTC</createdTime>
<ownerDesignName>dpro</ownerDesignName>
<engineerTo>
<item key="3AFBB32C-D99B-4C0E-6DA7-236BDEE0262F" value="true"/>
</engineerTo>
<adequatelyNormalized>NO</adequatelyNormalized>
<expectedVolumes>0</expectedVolumes>
<fwdEngineeringStrategyName>Single Table</fwdEngineeringStrategyName>
<growthPercent>0</growthPercent>
<growthType>Year</growthType>
<maxVolumes>9999999</maxVolumes>
<minVolumes>0</minVolumes>
<normalForm>Third</normalForm>
<attributes itemClass="oracle.dbtools.crest.model.design.logical.Attribute">
<Attribute name="ho_codigo" id="C2EAF6E2-C468-5AC7-41CA-FBA5D5991766">
<createdBy>AntonioB</createdBy>
<createdTime>2020-11-14 02:09:10 UTC</createdTime>
<ownerDesignName>dpro</ownerDesignName>
<engineerTo>
<item key="3AFBB32C-D99B-4C0E-6DA7-236BDEE0262F" value="true"/>
</engineerTo>
<use>0</use>
<ownDataTypeParameters>,,</ownDataTypeParameters>
</Attribute>
<Attribute name="ho_tipo" id="2D271C3A-692A-9B4B-37A9-CD075AA770EB">
<createdBy>AntonioB</createdBy>
<createdTime>2020-11-14 02:09:14 UTC</createdTime>
<ownerDesignName>dpro</ownerDesignName>
<engineerTo>
<item key="3AFBB32C-D99B-4C0E-6DA7-236BDEE0262F" value="true"/>
</engineerTo>
<use>0</use>
<ownDataTypeParameters>,,</ownDataTypeParameters>
</Attribute>
<Attribute name="ho_descripcion" id="BB31C5DB-8885-0378-3F8F-158509DB34F3">
<createdBy>AntonioB</createdBy>
<createdTime>2020-11-14 02:09:19 UTC</createdTime>
<ownerDesignName>dpro</ownerDesignName>
<engineerTo>
<item key="3AFBB32C-D99B-4C0E-6DA7-236BDEE0262F" value="true"/>
</engineerTo>
<use>0</use>
<ownDataTypeParameters>,,</ownDataTypeParameters>
</Attribute>
</attributes>
<identifiers itemClass="oracle.dbtools.crest.model.design.logical.CandidateKey">
<identifier id="CD18C37D-424F-4525-5E4F-DA421C74C468" name="horario PK">
<createdBy>AntonioB</createdBy>
<createdTime>2020-11-14 02:10:12 UTC</createdTime>
<ownerDesignName>dpro</ownerDesignName>
<engineerTo>
<item key="3AFBB32C-D99B-4C0E-6DA7-236BDEE0262F" value="true"/>
</engineerTo>
<pk>true</pk>
<usedAttributes>
<attributeRef>C2EAF6E2-C468-5AC7-41CA-FBA5D5991766</attributeRef>
</usedAttributes>
</identifier>
</identifiers>
</Entity>