<?xml version = '1.0' encoding = 'UTF-8'?>
<Entity class="oracle.dbtools.crest.model.design.logical.Entity" directorySegmentName="seg_0" id="08DAB1BE-7719-4420-52CB-961CDDB076B4" name="NATURAL">
<createdBy>AntonioB</createdBy>
<createdTime>2020-11-14 00:51:40 UTC</createdTime>
<ownerDesignName>MR6_v3_20210109</ownerDesignName>
<engineerTo>
<item key="FD47ED64-2DA0-9308-D3B0-220639D09D6B" value="true"/>
</engineerTo>
<adequatelyNormalized>NO</adequatelyNormalized>
<expectedVolumes>0</expectedVolumes>
<fwdEngineeringStrategyName>Single Table</fwdEngineeringStrategyName>
<growthPercent>0</growthPercent>
<growthType>Year</growthType>
<hierarchicalParent>C298CA42-98AC-87E7-F990-590B32BD89D6</hierarchicalParent>
<maxVolumes>9999999</maxVolumes>
<minVolumes>0</minVolumes>
<normalForm>Third</normalForm>
<attributes itemClass="oracle.dbtools.crest.model.design.logical.Attribute">
<Attribute name="cl_cedula" id="A1AF7970-BD8B-1AEF-226B-C42F87B19879">
<createdBy>AntonioB</createdBy>
<createdTime>2020-11-14 00:52:48 UTC</createdTime>
<ownerDesignName>MR6_v3_20210109</ownerDesignName>
<engineerTo>
<item key="FD47ED64-2DA0-9308-D3B0-220639D09D6B" value="true"/>
</engineerTo>
<use>0</use>
<ownDataTypeParameters>,,</ownDataTypeParameters>
</Attribute>
<Attribute name="cl_p_nombre" id="AF0D5F92-ED0C-4377-CCC8-E5E6D70E5774">
<createdBy>AntonioB</createdBy>
<createdTime>2020-11-14 00:52:18 UTC</createdTime>
<ownerDesignName>MR6_v3_20210109</ownerDesignName>
<engineerTo>
<item key="FD47ED64-2DA0-9308-D3B0-220639D09D6B" value="true"/>
</engineerTo>
<use>0</use>
<ownDataTypeParameters>,,</ownDataTypeParameters>
</Attribute>
<Attribute name="cl_s_nombre" id="1052569A-3FB5-6C63-C9E8-DB072C9C84CC">
<createdBy>AntonioB</createdBy>
<createdTime>2020-11-14 00:52:18 UTC</createdTime>
<ownerDesignName>MR6_v3_20210109</ownerDesignName>
<engineerTo>
<item key="FD47ED64-2DA0-9308-D3B0-220639D09D6B" value="true"/>
</engineerTo>
<nullsAllowed>true</nullsAllowed>
<use>0</use>
<ownDataTypeParameters>,,</ownDataTypeParameters>
</Attribute>
<Attribute name="cl_p_apellido" id="542C6E9F-0682-ED9B-95AB-3D242063C191">
<createdBy>AntonioB</createdBy>
<createdTime>2020-11-14 00:52:18 UTC</createdTime>
<ownerDesignName>MR6_v3_20210109</ownerDesignName>
<engineerTo>
<item key="FD47ED64-2DA0-9308-D3B0-220639D09D6B" value="true"/>
</engineerTo>
<use>0</use>
<ownDataTypeParameters>,,</ownDataTypeParameters>
</Attribute>
<Attribute name="cl_s_apellido" id="CD6797C0-CE75-B839-A190-16B84B975A76">
<createdBy>AntonioB</createdBy>
<createdTime>2020-11-14 00:52:31 UTC</createdTime>
<ownerDesignName>MR6_v3_20210109</ownerDesignName>
<engineerTo>
<item key="FD47ED64-2DA0-9308-D3B0-220639D09D6B" value="true"/>
</engineerTo>
<nullsAllowed>true</nullsAllowed>
<use>0</use>
<ownDataTypeParameters>,,</ownDataTypeParameters>
</Attribute>
<Attribute name="cl_rif" id="8FF325BB-DDD6-CF9A-A47C-ADA2962422E3">
<createdBy>AntonioB</createdBy>
<createdTime>2020-11-14 00:59:20 UTC</createdTime>
<ownerDesignName>MR6_v3_20210109</ownerDesignName>
<engineerTo>
<item key="FD47ED64-2DA0-9308-D3B0-220639D09D6B" value="true"/>
</engineerTo>
<nullsAllowed>true</nullsAllowed>
<use>0</use>
<ownDataTypeParameters>,,</ownDataTypeParameters>
</Attribute>
<Attribute name="lu_codigo" id="5B36A63E-055A-5421-3844-11DA9D16C374">
<createdBy>AntonioB</createdBy>
<createdTime>2020-11-26 03:14:29 UTC</createdTime>
<generatorID>3A9F1802-AB69-E413-FD34-5CE04D3BAA87</generatorID>
<ownerDesignName>MR6_v3_20210109</ownerDesignName>
<engineerTo>
<item key="FD47ED64-2DA0-9308-D3B0-220639D09D6B" value="true"/>
</engineerTo>
<referedAttribute>F2329AB5-5551-3EE2-A258-63A30E3032F6</referedAttribute>
<use>0</use>
<ownDataTypeParameters>,,</ownDataTypeParameters>
</Attribute>
</attributes>
</Entity>