<?xml version = '1.0' encoding = 'UTF-8'?>
<Entity class="oracle.dbtools.crest.model.design.logical.Entity" directorySegmentName="seg_0" id="0D4F9737-9F4D-CB38-7B15-BFB2100BDC2C" name="EMPLEADO">
<createdBy>AntonioB</createdBy>
<createdTime>2020-11-14 00:47:07 UTC</createdTime>
<ownerDesignName>MR6_v3_20210109</ownerDesignName>
<engineerTo>
<item key="FD47ED64-2DA0-9308-D3B0-220639D09D6B" value="true"/>
</engineerTo>
<adequatelyNormalized>NO</adequatelyNormalized>
<expectedVolumes>0</expectedVolumes>
<fwdEngineeringStrategyName>Single Table</fwdEngineeringStrategyName>
<growthPercent>0</growthPercent>
<growthType>Year</growthType>
<maxVolumes>9999999</maxVolumes>
<minVolumes>0</minVolumes>
<normalForm>Third</normalForm>
<attributes itemClass="oracle.dbtools.crest.model.design.logical.Attribute">
<Attribute name="em_codigo" id="9A8CA1C2-75F9-AB0C-F09D-81A90F2D13A2">
<createdBy>AntonioB</createdBy>
<createdTime>2020-11-14 00:47:07 UTC</createdTime>
<ownerDesignName>MR6_v3_20210109</ownerDesignName>
<engineerTo>
<item key="FD47ED64-2DA0-9308-D3B0-220639D09D6B" value="true"/>
</engineerTo>
<use>0</use>
<ownDataTypeParameters>,,</ownDataTypeParameters>
</Attribute>
<Attribute name="em_cedula" id="369123E8-6E28-4FD2-27EF-EF3C61CC53BA">
<createdBy>sgonzalez</createdBy>
<createdTime>2021-01-02 15:54:15 UTC</createdTime>
<ownerDesignName>MR6_v3_20210109</ownerDesignName>
<engineerTo>
<item key="FD47ED64-2DA0-9308-D3B0-220639D09D6B" value="true"/>
</engineerTo>
<use>0</use>
<ownDataTypeParameters>,,</ownDataTypeParameters>
</Attribute>
<Attribute name="em_p_nombre" id="B55CC4F1-43D8-88D6-18CC-EE604C54DF03">
<createdBy>AntonioB</createdBy>
<createdTime>2020-11-14 00:47:07 UTC</createdTime>
<ownerDesignName>MR6_v3_20210109</ownerDesignName>
<engineerTo>
<item key="FD47ED64-2DA0-9308-D3B0-220639D09D6B" value="true"/>
</engineerTo>
<use>0</use>
<ownDataTypeParameters>,,</ownDataTypeParameters>
</Attribute>
<Attribute name="em_s_nombre" id="B7EF6A07-D64D-1F75-D980-4C7633D22A63">
<createdBy>AntonioB</createdBy>
<createdTime>2020-11-14 00:47:07 UTC</createdTime>
<ownerDesignName>MR6_v3_20210109</ownerDesignName>
<engineerTo>
<item key="FD47ED64-2DA0-9308-D3B0-220639D09D6B" value="true"/>
</engineerTo>
<nullsAllowed>true</nullsAllowed>
<use>0</use>
<ownDataTypeParameters>,,</ownDataTypeParameters>
</Attribute>
<Attribute name="em_p_apellido" id="140223C2-CC0B-9F9C-8468-14F53F5D48F9">
<createdBy>AntonioB</createdBy>
<createdTime>2020-11-14 00:47:07 UTC</createdTime>
<ownerDesignName>MR6_v3_20210109</ownerDesignName>
<engineerTo>
<item key="FD47ED64-2DA0-9308-D3B0-220639D09D6B" value="true"/>
</engineerTo>
<use>0</use>
<ownDataTypeParameters>,,</ownDataTypeParameters>
</Attribute>
<Attribute name="em_s_apellido" id="1D5158AC-05AE-A5D3-47D8-5E63557FA869">
<createdBy>AntonioB</createdBy>
<createdTime>2020-11-14 02:04:56 UTC</createdTime>
<ownerDesignName>MR6_v3_20210109</ownerDesignName>
<engineerTo>
<item key="FD47ED64-2DA0-9308-D3B0-220639D09D6B" value="true"/>
</engineerTo>
<nullsAllowed>true</nullsAllowed>
<use>0</use>
<ownDataTypeParameters>,,</ownDataTypeParameters>
</Attribute>
<Attribute name="em_fec_nac" id="9DC58303-C4B5-2E3E-1362-F39FEAA474B1">
<createdBy>AntonioB</createdBy>
<createdTime>2020-11-25 02:42:24 UTC</createdTime>
<ownerDesignName>MR6_v3_20210109</ownerDesignName>
<engineerTo>
<item key="FD47ED64-2DA0-9308-D3B0-220639D09D6B" value="true"/>
</engineerTo>
<use>0</use>
<ownDataTypeParameters>,,</ownDataTypeParameters>
</Attribute>
<Attribute name="em_sueldo" id="775BC77B-B124-F80F-5B17-CDC9558A66C5">
<createdBy>AntonioB</createdBy>
<createdTime>2020-11-14 02:05:18 UTC</createdTime>
<ownerDesignName>MR6_v3_20210109</ownerDesignName>
<engineerTo>
<item key="FD47ED64-2DA0-9308-D3B0-220639D09D6B" value="true"/>
</engineerTo>
<use>0</use>
<ownDataTypeParameters>,,</ownDataTypeParameters>
</Attribute>
<Attribute name="ti_codigo" id="E9D5D356-28CB-9676-3155-E445AD1E10F3">
<createdBy>AntonioB</createdBy>
<createdTime>2020-11-25 02:47:20 UTC</createdTime>
<generatorID>66EC6E1F-1635-7B16-0FB0-EA2606AE996A</generatorID>
<ownerDesignName>MR6_v3_20210109</ownerDesignName>
<engineerTo>
<item key="FD47ED64-2DA0-9308-D3B0-220639D09D6B" value="true"/>
</engineerTo>
<referedAttribute>2826C14E-E73C-1A1F-F803-5557F9B6A9B3</referedAttribute>
<use>0</use>
<ownDataTypeParameters>,,</ownDataTypeParameters>
</Attribute>
<Attribute name="em_codigo_sup" id="4700FB21-204B-91FC-B7B8-B138959E9954">
<createdBy>AntonioB</createdBy>
<createdTime>2020-11-30 16:53:35 UTC</createdTime>
<generatorID>9662E876-05C4-8489-1933-9F511A663184</generatorID>
<ownerDesignName>MR6_v3_20210109</ownerDesignName>
<engineerTo>
<item key="FD47ED64-2DA0-9308-D3B0-220639D09D6B" value="true"/>
</engineerTo>
<nullsAllowed>true</nullsAllowed>
<referedAttribute>9A8CA1C2-75F9-AB0C-F09D-81A90F2D13A2</referedAttribute>
<use>0</use>
<ownDataTypeParameters>,,</ownDataTypeParameters>
</Attribute>
<Attribute name="em_correo" id="A483CF6D-96B4-BA02-2B21-E0BB7966BA98">
<createdBy>sgonzalez</createdBy>
<createdTime>2021-01-09 01:40:44 UTC</createdTime>
<ownerDesignName>MR6_v3_20210109</ownerDesignName>
<engineerTo>
<item key="FD47ED64-2DA0-9308-D3B0-220639D09D6B" value="true"/>
</engineerTo>
<nullsAllowed>true</nullsAllowed>
<use>0</use>
<ownDataTypeParameters>,,</ownDataTypeParameters>
</Attribute>
<Attribute name="em_contraseña" id="5E584BD0-5D22-AE98-78A1-486841D41BE8">
<createdBy>sgonzalez</createdBy>
<createdTime>2021-01-09 01:43:07 UTC</createdTime>
<ownerDesignName>MR6_v3_20210109</ownerDesignName>
<engineerTo>
<item key="FD47ED64-2DA0-9308-D3B0-220639D09D6B" value="true"/>
</engineerTo>
<nullsAllowed>true</nullsAllowed>
<use>0</use>
<ownDataTypeParameters>,,</ownDataTypeParameters>
</Attribute>
</attributes>
<identifiers itemClass="oracle.dbtools.crest.model.design.logical.CandidateKey">
<identifier id="B1323973-45D3-744F-9F24-DD21E2C6D477" name="Cliente PK">
<createdBy>AntonioB</createdBy>
<createdTime>2020-11-14 00:47:07 UTC</createdTime>
<ownerDesignName>MR6_v3_20210109</ownerDesignName>
<engineerTo>
<item key="FD47ED64-2DA0-9308-D3B0-220639D09D6B" value="true"/>
</engineerTo>
<pk>true</pk>
<usedAttributes>
<attributeRef>9A8CA1C2-75F9-AB0C-F09D-81A90F2D13A2</attributeRef>
</usedAttributes>
</identifier>
</identifiers>
</Entity>