<?xml version = '1.0' encoding = 'UTF-8'?>
<Entity class="oracle.dbtools.crest.model.design.logical.Entity" directorySegmentName="seg_0" id="17C884AE-3855-69F8-12EA-F0F511F8335E" name="MET_PAGO_CLI">
<createdBy>AntonioB</createdBy>
<createdTime>2020-11-25 02:59:22 UTC</createdTime>
<ownerDesignName>MR6_v3_20210109</ownerDesignName>
<engineerTo>
<item key="FD47ED64-2DA0-9308-D3B0-220639D09D6B" value="true"/>
</engineerTo>
<adequatelyNormalized>NO</adequatelyNormalized>
<expectedVolumes>0</expectedVolumes>
<fwdEngineeringStrategyName>Single Table</fwdEngineeringStrategyName>
<growthPercent>0</growthPercent>
<growthType>Year</growthType>
<maxVolumes>9999999</maxVolumes>
<minVolumes>0</minVolumes>
<normalForm>Third</normalForm>
<attributes itemClass="oracle.dbtools.crest.model.design.logical.Attribute">
<Attribute name="cl_id" id="FBAFBAED-098F-9DAE-8400-4FD33419E9F9">
<createdBy>AntonioB</createdBy>
<createdTime>2020-12-19 23:51:28 UTC</createdTime>
<generatorID>E660E3BC-D400-9916-DCF4-9547E079F2F9</generatorID>
<ownerDesignName>MR6_v3_20210109</ownerDesignName>
<engineerTo>
<item key="FD47ED64-2DA0-9308-D3B0-220639D09D6B" value="true"/>
</engineerTo>
<referedAttribute>49CD219A-7DEC-ACFC-C65C-38BE946DCB6F</referedAttribute>
<use>0</use>
<ownDataTypeParameters>,,</ownDataTypeParameters>
</Attribute>
<Attribute name="tp_codigo" id="10F39086-1240-6657-13B1-3736106B8F88">
<createdBy>sgonzalez</createdBy>
<createdTime>2021-01-02 12:19:11 UTC</createdTime>
<generatorID>CB29EB87-8096-D7D4-507E-4D166C2AD094</generatorID>
<ownerDesignName>MR6_v3_20210109</ownerDesignName>
<engineerTo>
<item key="FD47ED64-2DA0-9308-D3B0-220639D09D6B" value="true"/>
</engineerTo>
<referedAttribute>EC97ECF8-5FA1-951F-3D6F-0ED034F0B08D</referedAttribute>
<use>0</use>
<ownDataTypeParameters>,,</ownDataTypeParameters>
</Attribute>
<Attribute name="mc_documento" id="36DD158C-128D-1F6D-8AC7-457BEB771086">
<createdBy>sgonzalez</createdBy>
<createdTime>2021-01-02 12:11:52 UTC</createdTime>
<ownerDesignName>MR6_v3_20210109</ownerDesignName>
<engineerTo>
<item key="FD47ED64-2DA0-9308-D3B0-220639D09D6B" value="true"/>
</engineerTo>
<use>0</use>
<ownDataTypeParameters>,,</ownDataTypeParameters>
</Attribute>
</attributes>
<identifiers itemClass="oracle.dbtools.crest.model.design.logical.CandidateKey">
<identifier id="9D2D87D5-27A4-FCD2-2A23-A0C64DEBC81D" name="medios_pago PK">
<createdBy>AntonioB</createdBy>
<createdTime>2020-11-25 03:07:56 UTC</createdTime>
<ownerDesignName>MR6_v3_20210109</ownerDesignName>
<engineerTo>
<item key="FD47ED64-2DA0-9308-D3B0-220639D09D6B" value="true"/>
</engineerTo>
<pk>true</pk>
<usedAttributes>
<attributeRef>10F39086-1240-6657-13B1-3736106B8F88</attributeRef>
<attributeRef>FBAFBAED-098F-9DAE-8400-4FD33419E9F9</attributeRef>
<attributeRef>36DD158C-128D-1F6D-8AC7-457BEB771086</attributeRef>
</usedAttributes>
</identifier>
</identifiers>
</Entity>