<?xml version = '1.0' encoding = 'UTF-8'?>
<Entity class="oracle.dbtools.crest.model.design.logical.Entity" directorySegmentName="seg_0" id="18B31F8B-04FE-A11E-6A4B-D71352BEB222" name="ORDEN_REPOSICION">
<createdBy>AntonioB</createdBy>
<createdTime>2020-11-14 01:49:37 UTC</createdTime>
<ownerDesignName>MR6_v3_20210109</ownerDesignName>
<engineerTo>
<item key="FD47ED64-2DA0-9308-D3B0-220639D09D6B" value="true"/>
</engineerTo>
<adequatelyNormalized>NO</adequatelyNormalized>
<expectedVolumes>0</expectedVolumes>
<fwdEngineeringStrategyName>Single Table</fwdEngineeringStrategyName>
<growthPercent>0</growthPercent>
<growthType>Year</growthType>
<maxVolumes>9999999</maxVolumes>
<minVolumes>0</minVolumes>
<normalForm>Third</normalForm>
<attributes itemClass="oracle.dbtools.crest.model.design.logical.Attribute">
<Attribute name="or_id" id="1BA18A88-05C0-6A7A-0777-6EF9AA99A75F">
<createdBy>AntonioB</createdBy>
<createdTime>2020-11-14 01:49:52 UTC</createdTime>
<ownerDesignName>MR6_v3_20210109</ownerDesignName>
<engineerTo>
<item key="FD47ED64-2DA0-9308-D3B0-220639D09D6B" value="true"/>
</engineerTo>
<use>0</use>
<ownDataTypeParameters>,,</ownDataTypeParameters>
</Attribute>
<Attribute name="or_fecha" id="A4C32205-899B-C114-F853-EB10E831A15A">
<createdBy>AntonioB</createdBy>
<createdTime>2020-11-24 19:37:47 UTC</createdTime>
<ownerDesignName>MR6_v3_20210109</ownerDesignName>
<engineerTo>
<item key="FD47ED64-2DA0-9308-D3B0-220639D09D6B" value="true"/>
</engineerTo>
<use>0</use>
<ownDataTypeParameters>,,</ownDataTypeParameters>
</Attribute>
<Attribute name="ti_codigo" id="3DB1491C-D2BA-C7D6-ABE2-DA91F005C700">
<createdBy>AntonioB</createdBy>
<createdTime>2020-12-01 00:39:31 UTC</createdTime>
<generatorID>812FE6BB-C171-D06D-306D-F3E1C5DCA434</generatorID>
<ownerDesignName>MR6_v3_20210109</ownerDesignName>
<engineerTo>
<item key="FD47ED64-2DA0-9308-D3B0-220639D09D6B" value="true"/>
</engineerTo>
<referedAttribute>2826C14E-E73C-1A1F-F803-5557F9B6A9B3</referedAttribute>
<use>0</use>
<ownDataTypeParameters>,,</ownDataTypeParameters>
</Attribute>
<Attribute name="po_id" id="15CDAEEB-6A5B-78A3-D20F-5D85375ECEC5">
<createdBy>AntonioB</createdBy>
<createdTime>2020-11-14 01:50:32 UTC</createdTime>
<generatorID>8D216885-47BA-854A-E947-EC3567B861A8</generatorID>
<ownerDesignName>MR6_v3_20210109</ownerDesignName>
<engineerTo>
<item key="FD47ED64-2DA0-9308-D3B0-220639D09D6B" value="true"/>
</engineerTo>
<referedAttribute>8322879E-79AC-4861-BC84-55EE4AC49D58</referedAttribute>
<use>0</use>
<ownDataTypeParameters>,,</ownDataTypeParameters>
</Attribute>
<Attribute name="pr_id" id="550807FE-F501-5C01-874C-4D07107BB8F8">
<createdBy>sgonzalez</createdBy>
<createdTime>2021-01-09 04:29:57 UTC</createdTime>
<generatorID>48D56CC2-A60C-68B3-C0A6-37FF83651F93</generatorID>
<ownerDesignName>MR6_v3_20210109</ownerDesignName>
<engineerTo>
<item key="FD47ED64-2DA0-9308-D3B0-220639D09D6B" value="true"/>
</engineerTo>
<referedAttribute>04EE5B6A-D849-90D4-B8CA-D885855B42DD</referedAttribute>
<use>0</use>
<ownDataTypeParameters>,,</ownDataTypeParameters>
</Attribute>
<Attribute name="or_cantidad" id="5CE8F059-9BEE-5659-2BD0-C2275A63C0FC">
<createdBy>sgonzalez</createdBy>
<createdTime>2021-01-09 04:24:56 UTC</createdTime>
<ownerDesignName>MR6_v3_20210109</ownerDesignName>
<engineerTo>
<item key="FD47ED64-2DA0-9308-D3B0-220639D09D6B" value="true"/>
</engineerTo>
<nullsAllowed>true</nullsAllowed>
<use>0</use>
<ownDataTypeParameters>,,</ownDataTypeParameters>
</Attribute>
<Attribute name="or_monto_unidad" id="A44478FC-CC95-9BF6-6724-58456A553484">
<createdBy>sgonzalez</createdBy>
<createdTime>2021-01-08 02:06:10 UTC</createdTime>
<ownerDesignName>MR6_v3_20210109</ownerDesignName>
<engineerTo>
<item key="FD47ED64-2DA0-9308-D3B0-220639D09D6B" value="true"/>
</engineerTo>
<nullsAllowed>true</nullsAllowed>
<use>0</use>
<ownDataTypeParameters>,,</ownDataTypeParameters>
</Attribute>
<Attribute name="er_codigo" id="50E2661E-53F3-A80E-0A43-69CF1ECD74B6">
<createdBy>sgonzalez</createdBy>
<createdTime>2021-01-09 06:28:08 UTC</createdTime>
<generatorID>AE4651E7-543E-DCCE-FC55-0A14A304B7D9</generatorID>
<ownerDesignName>MR6_v3_20210109</ownerDesignName>
<engineerTo>
<item key="FD47ED64-2DA0-9308-D3B0-220639D09D6B" value="true"/>
</engineerTo>
<referedAttribute>0EF8955F-D423-0F4B-59FB-F544C097C634</referedAttribute>
<use>0</use>
<ownDataTypeParameters>,,</ownDataTypeParameters>
</Attribute>
</attributes>
<identifiers itemClass="oracle.dbtools.crest.model.design.logical.CandidateKey">
<identifier id="4AFB7E14-3CFA-67B8-8893-DC54E411EAFB" name="proveedor_producto PK">
<createdBy>AntonioB</createdBy>
<createdTime>2020-11-14 02:13:09 UTC</createdTime>
<ownerDesignName>MR6_v3_20210109</ownerDesignName>
<engineerTo>
<item key="FD47ED64-2DA0-9308-D3B0-220639D09D6B" value="true"/>
</engineerTo>
<pk>true</pk>
<usedAttributes>
<attributeRef>1BA18A88-05C0-6A7A-0777-6EF9AA99A75F</attributeRef>
</usedAttributes>
</identifier>
</identifiers>
</Entity>