<?xml version = '1.0' encoding = 'UTF-8'?>
<Entity class="oracle.dbtools.crest.model.design.logical.Entity" directorySegmentName="seg_0" id="2F3D9DF6-BB0D-5730-CFAB-8A237E7FB563" name="MONEDA">
<createdBy>sgonzalez</createdBy>
<createdTime>2021-01-02 13:31:43 UTC</createdTime>
<ownerDesignName>MR6_v3_20210109</ownerDesignName>
<engineerTo>
<item key="FD47ED64-2DA0-9308-D3B0-220639D09D6B" value="true"/>
</engineerTo>
<adequatelyNormalized>NO</adequatelyNormalized>
<expectedVolumes>0</expectedVolumes>
<fwdEngineeringStrategyName>Single Table</fwdEngineeringStrategyName>
<growthPercent>0</growthPercent>
<growthType>Year</growthType>
<maxVolumes>9999999</maxVolumes>
<minVolumes>0</minVolumes>
<normalForm>Third</normalForm>
<attributes itemClass="oracle.dbtools.crest.model.design.logical.Attribute">
<Attribute name="mo_codigo" id="AD36B313-1017-B038-8E3C-23892BCEB116">
<createdBy>sgonzalez</createdBy>
<createdTime>2021-01-02 13:32:03 UTC</createdTime>
<ownerDesignName>MR6_v3_20210109</ownerDesignName>
<engineerTo>
<item key="FD47ED64-2DA0-9308-D3B0-220639D09D6B" value="true"/>
</engineerTo>
<use>0</use>
<ownDataTypeParameters>,,</ownDataTypeParameters>
</Attribute>
<Attribute name="mo_descripcion" id="D40B23BD-4BE3-D8BB-3BD0-0C907C63142C">
<createdBy>sgonzalez</createdBy>
<createdTime>2021-01-02 13:32:14 UTC</createdTime>
<ownerDesignName>MR6_v3_20210109</ownerDesignName>
<engineerTo>
<item key="FD47ED64-2DA0-9308-D3B0-220639D09D6B" value="true"/>
</engineerTo>
<use>0</use>
<ownDataTypeParameters>,,</ownDataTypeParameters>
</Attribute>
</attributes>
<identifiers itemClass="oracle.dbtools.crest.model.design.logical.CandidateKey">
<identifier id="FF677915-7C2E-C6E2-D177-BC65F91F33C0" name="MONEDA PK">
<createdBy>sgonzalez</createdBy>
<createdTime>2021-01-02 13:32:08 UTC</createdTime>
<ownerDesignName>MR6_v3_20210109</ownerDesignName>
<engineerTo>
<item key="FD47ED64-2DA0-9308-D3B0-220639D09D6B" value="true"/>
</engineerTo>
<pk>true</pk>
<usedAttributes>
<attributeRef>AD36B313-1017-B038-8E3C-23892BCEB116</attributeRef>
</usedAttributes>
</identifier>
</identifiers>
</Entity>