<?xml version = '1.0' encoding = 'UTF-8'?>
<Entity class="oracle.dbtools.crest.model.design.logical.Entity" directorySegmentName="seg_0" id="55333806-234B-FBE7-27B6-DDAF3BE19FF8" name="ROL">
<createdBy>AntonioB</createdBy>
<createdTime>2020-12-20 03:17:03 UTC</createdTime>
<ownerDesignName>MR6_v3_20210109</ownerDesignName>
<engineerTo>
<item key="FD47ED64-2DA0-9308-D3B0-220639D09D6B" value="true"/>
</engineerTo>
<adequatelyNormalized>NO</adequatelyNormalized>
<expectedVolumes>0</expectedVolumes>
<fwdEngineeringStrategyName>Single Table</fwdEngineeringStrategyName>
<growthPercent>0</growthPercent>
<growthType>Year</growthType>
<maxVolumes>9999999</maxVolumes>
<minVolumes>0</minVolumes>
<normalForm>Third</normalForm>
<attributes itemClass="oracle.dbtools.crest.model.design.logical.Attribute">
<Attribute name="rol_codigo" id="CFED7DA8-BBD2-3C05-B0D8-9660D1AE087D">
<createdBy>sgonzalez</createdBy>
<createdTime>2021-01-02 15:58:06 UTC</createdTime>
<ownerDesignName>MR6_v3_20210109</ownerDesignName>
<engineerTo>
<item key="FD47ED64-2DA0-9308-D3B0-220639D09D6B" value="true"/>
</engineerTo>
<use>0</use>
<ownDataTypeParameters>,,</ownDataTypeParameters>
</Attribute>
<Attribute name="rol_descripcion" id="347E21C9-83F6-6271-3C22-0C7D35F7E372">
<createdBy>sgonzalez</createdBy>
<createdTime>2021-01-02 15:58:14 UTC</createdTime>
<ownerDesignName>MR6_v3_20210109</ownerDesignName>
<engineerTo>
<item key="FD47ED64-2DA0-9308-D3B0-220639D09D6B" value="true"/>
</engineerTo>
<use>0</use>
<ownDataTypeParameters>,,</ownDataTypeParameters>
</Attribute>
</attributes>
<identifiers itemClass="oracle.dbtools.crest.model.design.logical.CandidateKey">
<identifier id="0F74D44C-D879-11F8-16F3-E1E22B6E6DF2" name="ROL PK">
<createdBy>sgonzalez</createdBy>
<createdTime>2021-01-02 15:58:12 UTC</createdTime>
<ownerDesignName>MR6_v3_20210109</ownerDesignName>
<engineerTo>
<item key="FD47ED64-2DA0-9308-D3B0-220639D09D6B" value="true"/>
</engineerTo>
<pk>true</pk>
<usedAttributes>
<attributeRef>CFED7DA8-BBD2-3C05-B0D8-9660D1AE087D</attributeRef>
</usedAttributes>
</identifier>
</identifiers>
</Entity>