<?xml version = '1.0' encoding = 'UTF-8'?>
<Entity class="oracle.dbtools.crest.model.design.logical.Entity" directorySegmentName="seg_0" id="5D50796E-FAB4-3181-20B5-E6FCB0C7D399" name="DESCUENTO">
<createdBy>AntonioB</createdBy>
<createdTime>2020-11-26 02:31:21 UTC</createdTime>
<ownerDesignName>MR6_v3_20210109</ownerDesignName>
<engineerTo>
<item key="FD47ED64-2DA0-9308-D3B0-220639D09D6B" value="true"/>
</engineerTo>
<adequatelyNormalized>NO</adequatelyNormalized>
<expectedVolumes>0</expectedVolumes>
<fwdEngineeringStrategyName>Single Table</fwdEngineeringStrategyName>
<growthPercent>0</growthPercent>
<growthType>Year</growthType>
<maxVolumes>9999999</maxVolumes>
<minVolumes>0</minVolumes>
<normalForm>Third</normalForm>
<attributes itemClass="oracle.dbtools.crest.model.design.logical.Attribute">
<Attribute name="pr_id" id="F5C260E4-5709-69EA-2E99-3E1236EE0FA9">
<createdBy>AntonioB</createdBy>
<createdTime>2020-12-19 23:44:25 UTC</createdTime>
<generatorID>DF895C00-C575-4C15-3070-103C002B7428</generatorID>
<ownerDesignName>MR6_v3_20210109</ownerDesignName>
<engineerTo>
<item key="FD47ED64-2DA0-9308-D3B0-220639D09D6B" value="true"/>
</engineerTo>
<referedAttribute>04EE5B6A-D849-90D4-B8CA-D885855B42DD</referedAttribute>
<use>0</use>
<ownDataTypeParameters>,,</ownDataTypeParameters>
</Attribute>
<Attribute name="de_fecha_ini" id="6B023C8D-765F-3357-5046-3A99DF298735">
<createdBy>AntonioB</createdBy>
<createdTime>2020-11-26 02:31:21 UTC</createdTime>
<ownerDesignName>MR6_v3_20210109</ownerDesignName>
<engineerTo>
<item key="FD47ED64-2DA0-9308-D3B0-220639D09D6B" value="true"/>
</engineerTo>
<use>0</use>
<ownDataTypeParameters>,,</ownDataTypeParameters>
</Attribute>
<Attribute name="de_fecha_fin" id="17446FDD-5F9C-D730-4861-62AC6EBE7CBC">
<createdBy>AntonioB</createdBy>
<createdTime>2020-12-19 23:42:53 UTC</createdTime>
<ownerDesignName>MR6_v3_20210109</ownerDesignName>
<engineerTo>
<item key="FD47ED64-2DA0-9308-D3B0-220639D09D6B" value="true"/>
</engineerTo>
<use>0</use>
<ownDataTypeParameters>,,</ownDataTypeParameters>
</Attribute>
<Attribute name="de_porcentaje" id="3ACB0C87-63BA-B98C-2F20-740427DCBC37">
<createdBy>AntonioB</createdBy>
<createdTime>2020-12-19 23:43:01 UTC</createdTime>
<ownerDesignName>MR6_v3_20210109</ownerDesignName>
<engineerTo>
<item key="FD47ED64-2DA0-9308-D3B0-220639D09D6B" value="true"/>
</engineerTo>
<use>0</use>
<ownDataTypeParameters>,,</ownDataTypeParameters>
</Attribute>
<Attribute name="de_notimart" id="BCA01616-270C-FBC3-C9C1-0A1015FECF88">
<createdBy>sgonzalez</createdBy>
<createdTime>2021-01-09 05:33:34 UTC</createdTime>
<ownerDesignName>MR6_v3_20210109</ownerDesignName>
<engineerTo>
<item key="FD47ED64-2DA0-9308-D3B0-220639D09D6B" value="true"/>
</engineerTo>
<nullsAllowed>true</nullsAllowed>
<use>0</use>
<ownDataTypeParameters>,,</ownDataTypeParameters>
</Attribute>
</attributes>
<identifiers itemClass="oracle.dbtools.crest.model.design.logical.CandidateKey">
<identifier id="690CFF74-8B06-2260-61EB-528F2745A607" name="orden PK">
<createdBy>AntonioB</createdBy>
<createdTime>2020-11-26 02:31:21 UTC</createdTime>
<ownerDesignName>MR6_v3_20210109</ownerDesignName>
<engineerTo>
<item key="FD47ED64-2DA0-9308-D3B0-220639D09D6B" value="true"/>
</engineerTo>
<pk>true</pk>
<usedAttributes>
<attributeRef>F5C260E4-5709-69EA-2E99-3E1236EE0FA9</attributeRef>
<attributeRef>6B023C8D-765F-3357-5046-3A99DF298735</attributeRef>
</usedAttributes>
</identifier>
</identifiers>
</Entity>