<?xml version = '1.0' encoding = 'UTF-8'?>
<Entity class="oracle.dbtools.crest.model.design.logical.Entity" directorySegmentName="seg_0" id="634D8101-1D78-AC93-8362-DF17D3F0FAA0" name="PERSONA_CONTACTO">
<createdBy>AntonioB</createdBy>
<createdTime>2020-11-25 03:01:46 UTC</createdTime>
<ownerDesignName>MR6_v3_20210109</ownerDesignName>
<engineerTo>
<item key="FD47ED64-2DA0-9308-D3B0-220639D09D6B" value="true"/>
</engineerTo>
<adequatelyNormalized>NO</adequatelyNormalized>
<expectedVolumes>0</expectedVolumes>
<fwdEngineeringStrategyName>Single Table</fwdEngineeringStrategyName>
<growthPercent>0</growthPercent>
<growthType>Year</growthType>
<maxVolumes>9999999</maxVolumes>
<minVolumes>0</minVolumes>
<normalForm>Third</normalForm>
<attributes itemClass="oracle.dbtools.crest.model.design.logical.Attribute">
<Attribute name="peco_cedula" id="1AFEBD4C-39E7-2FA3-A062-58BAD6A55435">
<createdBy>AntonioB</createdBy>
<createdTime>2020-11-25 03:02:21 UTC</createdTime>
<ownerDesignName>MR6_v3_20210109</ownerDesignName>
<engineerTo>
<item key="FD47ED64-2DA0-9308-D3B0-220639D09D6B" value="true"/>
</engineerTo>
<use>0</use>
<ownDataTypeParameters>,,</ownDataTypeParameters>
</Attribute>
<Attribute name="peco_nombre" id="963C6781-D456-25FE-7665-266FD36A6371">
<createdBy>AntonioB</createdBy>
<createdTime>2020-11-25 03:02:08 UTC</createdTime>
<ownerDesignName>MR6_v3_20210109</ownerDesignName>
<engineerTo>
<item key="FD47ED64-2DA0-9308-D3B0-220639D09D6B" value="true"/>
</engineerTo>
<use>0</use>
<ownDataTypeParameters>,,</ownDataTypeParameters>
</Attribute>
<Attribute name="peco_apellido" id="0A0A25BE-005A-1F85-FA8E-A42304755FE7">
<createdBy>AntonioB</createdBy>
<createdTime>2020-11-25 03:02:42 UTC</createdTime>
<ownerDesignName>MR6_v3_20210109</ownerDesignName>
<engineerTo>
<item key="FD47ED64-2DA0-9308-D3B0-220639D09D6B" value="true"/>
</engineerTo>
<use>0</use>
<ownDataTypeParameters>,,</ownDataTypeParameters>
</Attribute>
<Attribute name="po_id" id="EFCFFDA0-F2FD-16AD-CB4D-7970A8DB571F">
<createdBy>AntonioB</createdBy>
<createdTime>2020-11-26 03:42:53 UTC</createdTime>
<generatorID>241AF0A7-6D80-384F-E1A7-D016616296AA</generatorID>
<ownerDesignName>MR6_v3_20210109</ownerDesignName>
<engineerTo>
<item key="FD47ED64-2DA0-9308-D3B0-220639D09D6B" value="true"/>
</engineerTo>
<nullsAllowed>true</nullsAllowed>
<referedAttribute>8322879E-79AC-4861-BC84-55EE4AC49D58</referedAttribute>
<use>0</use>
<ownDataTypeParameters>,,</ownDataTypeParameters>
</Attribute>
</attributes>
<identifiers itemClass="oracle.dbtools.crest.model.design.logical.CandidateKey">
<identifier id="C62BF20F-DBCB-4708-FB13-645DE2564891" name="persona_contacto PK">
<createdBy>AntonioB</createdBy>
<createdTime>2020-11-25 03:02:07 UTC</createdTime>
<ownerDesignName>MR6_v3_20210109</ownerDesignName>
<engineerTo>
<item key="FD47ED64-2DA0-9308-D3B0-220639D09D6B" value="true"/>
</engineerTo>
<pk>true</pk>
<usedAttributes>
<attributeRef>1AFEBD4C-39E7-2FA3-A062-58BAD6A55435</attributeRef>
</usedAttributes>
</identifier>
</identifiers>
</Entity>