<?xml version = '1.0' encoding = 'UTF-8'?>
<Entity class="oracle.dbtools.crest.model.design.logical.Entity" directorySegmentName="seg_0" id="68A26A15-21FA-6793-FEA1-574405B6F372" name="ZONA_ALMACEN">
<createdBy>sgonzalez</createdBy>
<createdTime>2021-01-08 00:20:19 UTC</createdTime>
<ownerDesignName>MR6_v3_20210109</ownerDesignName>
<engineerTo>
<item key="FD47ED64-2DA0-9308-D3B0-220639D09D6B" value="true"/>
</engineerTo>
<adequatelyNormalized>NO</adequatelyNormalized>
<expectedVolumes>0</expectedVolumes>
<fwdEngineeringStrategyName>Single Table</fwdEngineeringStrategyName>
<growthPercent>0</growthPercent>
<growthType>Year</growthType>
<maxVolumes>9999999</maxVolumes>
<minVolumes>0</minVolumes>
<normalForm>Third</normalForm>
<attributes itemClass="oracle.dbtools.crest.model.design.logical.Attribute">
<Attribute name="zo_id" id="75D0ABB4-8DA1-9E6C-A561-17549F9DBA95">
<createdBy>sgonzalez</createdBy>
<createdTime>2021-01-08 00:20:33 UTC</createdTime>
<ownerDesignName>MR6_v3_20210109</ownerDesignName>
<engineerTo>
<item key="FD47ED64-2DA0-9308-D3B0-220639D09D6B" value="true"/>
</engineerTo>
<use>0</use>
<ownDataTypeParameters>,,</ownDataTypeParameters>
</Attribute>
<Attribute name="zo_descripcion" id="C943BA98-9A8F-B815-5C21-5B7FCCBB4174">
<createdBy>sgonzalez</createdBy>
<createdTime>2021-01-08 00:20:56 UTC</createdTime>
<ownerDesignName>MR6_v3_20210109</ownerDesignName>
<engineerTo>
<item key="FD47ED64-2DA0-9308-D3B0-220639D09D6B" value="true"/>
</engineerTo>
<nullsAllowed>true</nullsAllowed>
<use>0</use>
<ownDataTypeParameters>,,</ownDataTypeParameters>
</Attribute>
</attributes>
<identifiers itemClass="oracle.dbtools.crest.model.design.logical.CandidateKey">
<identifier id="6A8AD3EC-0426-5DA6-CE31-4438C34C9562" name="ZONA_ALMACEN PK">
<createdBy>sgonzalez</createdBy>
<createdTime>2021-01-08 00:20:55 UTC</createdTime>
<ownerDesignName>MR6_v3_20210109</ownerDesignName>
<engineerTo>
<item key="FD47ED64-2DA0-9308-D3B0-220639D09D6B" value="true"/>
</engineerTo>
<pk>true</pk>
<usedAttributes>
<attributeRef>75D0ABB4-8DA1-9E6C-A561-17549F9DBA95</attributeRef>
</usedAttributes>
</identifier>
</identifiers>
</Entity>