<?xml version = '1.0' encoding = 'UTF-8'?>
<Entity class="oracle.dbtools.crest.model.design.logical.Entity" directorySegmentName="seg_0" id="7601A7AD-C58F-3626-9AC4-5C7BF7D8D9A1" name="TIENDA_PASILLO">
<createdBy>AntonioB</createdBy>
<createdTime>2020-12-20 03:13:54 UTC</createdTime>
<ownerDesignName>MR6_v3_20210109</ownerDesignName>
<engineerTo>
<item key="FD47ED64-2DA0-9308-D3B0-220639D09D6B" value="true"/>
</engineerTo>
<adequatelyNormalized>NO</adequatelyNormalized>
<expectedVolumes>0</expectedVolumes>
<fwdEngineeringStrategyName>Single Table</fwdEngineeringStrategyName>
<growthPercent>0</growthPercent>
<growthType>Year</growthType>
<maxVolumes>9999999</maxVolumes>
<minVolumes>0</minVolumes>
<normalForm>Third</normalForm>
<attributes itemClass="oracle.dbtools.crest.model.design.logical.Attribute">
<Attribute name="ti_codigo" id="73BEAE42-FA1F-1EF2-4768-6563D7668442">
<createdBy>AntonioB</createdBy>
<createdTime>2020-12-20 03:16:24 UTC</createdTime>
<generatorID>8BC8A956-D88D-454B-F10A-3BDA2D02CE61</generatorID>
<ownerDesignName>MR6_v3_20210109</ownerDesignName>
<engineerTo>
<item key="FD47ED64-2DA0-9308-D3B0-220639D09D6B" value="true"/>
</engineerTo>
<referedAttribute>2826C14E-E73C-1A1F-F803-5557F9B6A9B3</referedAttribute>
<use>0</use>
<ownDataTypeParameters>,,</ownDataTypeParameters>
</Attribute>
<Attribute name="pr_id" id="BB6C4CF9-5AA7-A87D-FC72-740439403FBB">
<createdBy>sgonzalez</createdBy>
<createdTime>2021-01-08 00:40:27 UTC</createdTime>
<generatorID>55C1FAC3-5F96-8255-4F42-FD0CEFBB6558</generatorID>
<ownerDesignName>MR6_v3_20210109</ownerDesignName>
<engineerTo>
<item key="FD47ED64-2DA0-9308-D3B0-220639D09D6B" value="true"/>
</engineerTo>
<referedAttribute>04EE5B6A-D849-90D4-B8CA-D885855B42DD</referedAttribute>
<use>0</use>
<ownDataTypeParameters>,,</ownDataTypeParameters>
</Attribute>
<Attribute name="tp_pasillo" id="1D018CE7-6A93-C89E-D47A-D7AABB96BB86">
<createdBy>sgonzalez</createdBy>
<createdTime>2021-01-08 00:41:46 UTC</createdTime>
<ownerDesignName>MR6_v3_20210109</ownerDesignName>
<engineerTo>
<item key="FD47ED64-2DA0-9308-D3B0-220639D09D6B" value="true"/>
</engineerTo>
<nullsAllowed>true</nullsAllowed>
<use>0</use>
<ownDataTypeParameters>,,</ownDataTypeParameters>
</Attribute>
<Attribute name="tp_anaquel" id="C18AC636-A69A-255A-6F0F-BB2BEA4C1C97">
<createdBy>sgonzalez</createdBy>
<createdTime>2021-01-08 00:42:02 UTC</createdTime>
<ownerDesignName>MR6_v3_20210109</ownerDesignName>
<engineerTo>
<item key="FD47ED64-2DA0-9308-D3B0-220639D09D6B" value="true"/>
</engineerTo>
<nullsAllowed>true</nullsAllowed>
<use>0</use>
<ownDataTypeParameters>,,</ownDataTypeParameters>
</Attribute>
<Attribute name="tp_cantidad" id="BA84B67D-7709-94A0-2E7E-0D501A8A2DDE">
<createdBy>sgonzalez</createdBy>
<createdTime>2021-01-08 00:42:32 UTC</createdTime>
<ownerDesignName>MR6_v3_20210109</ownerDesignName>
<engineerTo>
<item key="FD47ED64-2DA0-9308-D3B0-220639D09D6B" value="true"/>
</engineerTo>
<nullsAllowed>true</nullsAllowed>
<use>0</use>
<ownDataTypeParameters>,,</ownDataTypeParameters>
</Attribute>
</attributes>
<identifiers itemClass="oracle.dbtools.crest.model.design.logical.CandidateKey">
<identifier id="62C703D9-BF82-5B95-D625-AEF29409509A" name="TIENDA_PASILLO PK">
<createdBy>sgonzalez</createdBy>
<createdTime>2021-01-08 00:40:35 UTC</createdTime>
<ownerDesignName>MR6_v3_20210109</ownerDesignName>
<engineerTo>
<item key="FD47ED64-2DA0-9308-D3B0-220639D09D6B" value="true"/>
</engineerTo>
<pk>true</pk>
<usedAttributes>
<attributeRef>73BEAE42-FA1F-1EF2-4768-6563D7668442</attributeRef>
</usedAttributes>
</identifier>
</identifiers>
</Entity>