<?xml version = '1.0' encoding = 'UTF-8'?>
<Entity class="oracle.dbtools.crest.model.design.logical.Entity" directorySegmentName="seg_0" id="77F46E24-1F43-2DF6-413F-3E69EF9FECA7" name="EST_REPOSICION">
<createdBy>sgonzalez</createdBy>
<createdTime>2021-01-09 06:27:10 UTC</createdTime>
<ownerDesignName>MR6_v3_20210109</ownerDesignName>
<engineerTo>
<item key="FD47ED64-2DA0-9308-D3B0-220639D09D6B" value="true"/>
</engineerTo>
<adequatelyNormalized>NO</adequatelyNormalized>
<expectedVolumes>0</expectedVolumes>
<fwdEngineeringStrategyName>Single Table</fwdEngineeringStrategyName>
<growthPercent>0</growthPercent>
<growthType>Year</growthType>
<maxVolumes>9999999</maxVolumes>
<minVolumes>0</minVolumes>
<normalForm>Third</normalForm>
<attributes itemClass="oracle.dbtools.crest.model.design.logical.Attribute">
<Attribute name="er_codigo" id="0EF8955F-D423-0F4B-59FB-F544C097C634">
<createdBy>sgonzalez</createdBy>
<createdTime>2021-01-09 06:27:28 UTC</createdTime>
<ownerDesignName>MR6_v3_20210109</ownerDesignName>
<engineerTo>
<item key="FD47ED64-2DA0-9308-D3B0-220639D09D6B" value="true"/>
</engineerTo>
<use>0</use>
<ownDataTypeParameters>,,</ownDataTypeParameters>
</Attribute>
<Attribute name="er_descripcion" id="114FA5D2-E358-8ED5-4DFC-8AA1EC722CD4">
<createdBy>sgonzalez</createdBy>
<createdTime>2021-01-09 06:27:55 UTC</createdTime>
<ownerDesignName>MR6_v3_20210109</ownerDesignName>
<engineerTo>
<item key="FD47ED64-2DA0-9308-D3B0-220639D09D6B" value="true"/>
</engineerTo>
<nullsAllowed>true</nullsAllowed>
<use>0</use>
<ownDataTypeParameters>,,</ownDataTypeParameters>
</Attribute>
</attributes>
<identifiers itemClass="oracle.dbtools.crest.model.design.logical.CandidateKey">
<identifier id="F77EDFEB-38CC-EA98-9C82-6B8BA531A926" name="EST_REPOSICION PK">
<createdBy>sgonzalez</createdBy>
<createdTime>2021-01-09 06:27:54 UTC</createdTime>
<ownerDesignName>MR6_v3_20210109</ownerDesignName>
<engineerTo>
<item key="FD47ED64-2DA0-9308-D3B0-220639D09D6B" value="true"/>
</engineerTo>
<pk>true</pk>
<usedAttributes>
<attributeRef>0EF8955F-D423-0F4B-59FB-F544C097C634</attributeRef>
</usedAttributes>
</identifier>
</identifiers>
</Entity>