<?xml version = '1.0' encoding = 'UTF-8'?>
<Entity class="oracle.dbtools.crest.model.design.logical.Entity" directorySegmentName="seg_0" id="86A1EF63-800A-2908-BC67-19B30BC27766" name="EST_DESPACHO">
<createdBy>AntonioB</createdBy>
<createdTime>2020-12-19 23:53:33 UTC</createdTime>
<ownerDesignName>MR6_v3_20210109</ownerDesignName>
<engineerTo>
<item key="FD47ED64-2DA0-9308-D3B0-220639D09D6B" value="true"/>
</engineerTo>
<adequatelyNormalized>NO</adequatelyNormalized>
<expectedVolumes>0</expectedVolumes>
<fwdEngineeringStrategyName>Single Table</fwdEngineeringStrategyName>
<growthPercent>0</growthPercent>
<growthType>Year</growthType>
<maxVolumes>9999999</maxVolumes>
<minVolumes>0</minVolumes>
<normalForm>Third</normalForm>
<attributes itemClass="oracle.dbtools.crest.model.design.logical.Attribute">
<Attribute name="ed_codigo" id="00D88A70-4D83-5DFE-9647-25C61ABEF008">
<createdBy>AntonioB</createdBy>
<createdTime>2020-12-19 23:53:40 UTC</createdTime>
<ownerDesignName>MR6_v3_20210109</ownerDesignName>
<engineerTo>
<item key="FD47ED64-2DA0-9308-D3B0-220639D09D6B" value="true"/>
</engineerTo>
<use>0</use>
<ownDataTypeParameters>,,</ownDataTypeParameters>
</Attribute>
<Attribute name="ed_descripcion" id="E1E819F7-5F15-FEF8-589A-3D24C7A09701">
<createdBy>AntonioB</createdBy>
<createdTime>2020-12-19 23:53:48 UTC</createdTime>
<ownerDesignName>MR6_v3_20210109</ownerDesignName>
<engineerTo>
<item key="FD47ED64-2DA0-9308-D3B0-220639D09D6B" value="true"/>
</engineerTo>
<use>0</use>
<ownDataTypeParameters>,,</ownDataTypeParameters>
</Attribute>
</attributes>
<identifiers itemClass="oracle.dbtools.crest.model.design.logical.CandidateKey">
<identifier id="CAFE8B71-A58B-BDA1-42A8-B50A489AF83E" name="ESTATUS PK">
<createdBy>AntonioB</createdBy>
<createdTime>2020-12-19 23:53:47 UTC</createdTime>
<ownerDesignName>MR6_v3_20210109</ownerDesignName>
<engineerTo>
<item key="FD47ED64-2DA0-9308-D3B0-220639D09D6B" value="true"/>
</engineerTo>
<pk>true</pk>
<usedAttributes>
<attributeRef>00D88A70-4D83-5DFE-9647-25C61ABEF008</attributeRef>
</usedAttributes>
</identifier>
</identifiers>
</Entity>