<?xml version = '1.0' encoding = 'UTF-8'?>
<Entity class="oracle.dbtools.crest.model.design.logical.Entity" directorySegmentName="seg_0" id="9CEBCD88-20C9-025B-D585-B7943C862499" name="TIPO_PAGO">
<createdBy>sgonzalez</createdBy>
<createdTime>2021-01-02 11:57:00 UTC</createdTime>
<ownerDesignName>MR6_v3_20210109</ownerDesignName>
<engineerTo>
<item key="FD47ED64-2DA0-9308-D3B0-220639D09D6B" value="true"/>
</engineerTo>
<adequatelyNormalized>NO</adequatelyNormalized>
<expectedVolumes>0</expectedVolumes>
<fwdEngineeringStrategyName>Single Table</fwdEngineeringStrategyName>
<growthPercent>0</growthPercent>
<growthType>Year</growthType>
<maxVolumes>9999999</maxVolumes>
<minVolumes>0</minVolumes>
<normalForm>Third</normalForm>
<attributes itemClass="oracle.dbtools.crest.model.design.logical.Attribute">
<Attribute name="tp_codigo" id="EC97ECF8-5FA1-951F-3D6F-0ED034F0B08D">
<createdBy>sgonzalez</createdBy>
<createdTime>2021-01-02 11:57:29 UTC</createdTime>
<ownerDesignName>MR6_v3_20210109</ownerDesignName>
<engineerTo>
<item key="FD47ED64-2DA0-9308-D3B0-220639D09D6B" value="true"/>
</engineerTo>
<use>0</use>
<ownDataTypeParameters>,,</ownDataTypeParameters>
</Attribute>
<Attribute name="tp_descripcion" id="8AB38F32-A420-40F6-934F-72105A41CBB7">
<createdBy>sgonzalez</createdBy>
<createdTime>2021-01-02 11:57:55 UTC</createdTime>
<ownerDesignName>MR6_v3_20210109</ownerDesignName>
<engineerTo>
<item key="FD47ED64-2DA0-9308-D3B0-220639D09D6B" value="true"/>
</engineerTo>
<use>0</use>
<ownDataTypeParameters>,,</ownDataTypeParameters>
</Attribute>
</attributes>
<identifiers itemClass="oracle.dbtools.crest.model.design.logical.CandidateKey">
<identifier id="3AE45D9B-54F3-02F6-9551-3D061814A1D1" name="TIPO_PAGO PK">
<createdBy>sgonzalez</createdBy>
<createdTime>2021-01-02 11:58:30 UTC</createdTime>
<ownerDesignName>MR6_v3_20210109</ownerDesignName>
<engineerTo>
<item key="FD47ED64-2DA0-9308-D3B0-220639D09D6B" value="true"/>
</engineerTo>
<pk>true</pk>
<usedAttributes>
<attributeRef>EC97ECF8-5FA1-951F-3D6F-0ED034F0B08D</attributeRef>
</usedAttributes>
</identifier>
</identifiers>
</Entity>