<?xml version = '1.0' encoding = 'UTF-8'?>
<Entity class="oracle.dbtools.crest.model.design.logical.Entity" directorySegmentName="seg_0" id="9D50F96C-5FC5-6C85-4F0D-F7D66EFF9499" name="BENEFICIO">
<createdBy>AntonioB</createdBy>
<createdTime>2020-11-25 02:17:55 UTC</createdTime>
<ownerDesignName>MR6_v3_20210109</ownerDesignName>
<engineerTo>
<item key="FD47ED64-2DA0-9308-D3B0-220639D09D6B" value="true"/>
</engineerTo>
<adequatelyNormalized>NO</adequatelyNormalized>
<expectedVolumes>0</expectedVolumes>
<fwdEngineeringStrategyName>Single Table</fwdEngineeringStrategyName>
<growthPercent>0</growthPercent>
<growthType>Year</growthType>
<maxVolumes>9999999</maxVolumes>
<minVolumes>0</minVolumes>
<normalForm>Third</normalForm>
<attributes itemClass="oracle.dbtools.crest.model.design.logical.Attribute">
<Attribute name="be_codigo" id="E8237A17-A35F-D2FE-CBC1-4255BDDBC3FD">
<createdBy>AntonioB</createdBy>
<createdTime>2020-11-25 02:17:55 UTC</createdTime>
<ownerDesignName>MR6_v3_20210109</ownerDesignName>
<engineerTo>
<item key="FD47ED64-2DA0-9308-D3B0-220639D09D6B" value="true"/>
</engineerTo>
<use>0</use>
<ownDataTypeParameters>,,</ownDataTypeParameters>
</Attribute>
<Attribute name="be_nombre" id="2417E22C-2271-175C-C957-3F1983170716">
<createdBy>AntonioB</createdBy>
<createdTime>2020-11-25 02:18:51 UTC</createdTime>
<ownerDesignName>MR6_v3_20210109</ownerDesignName>
<engineerTo>
<item key="FD47ED64-2DA0-9308-D3B0-220639D09D6B" value="true"/>
</engineerTo>
<use>0</use>
<ownDataTypeParameters>,,</ownDataTypeParameters>
</Attribute>
</attributes>
<identifiers itemClass="oracle.dbtools.crest.model.design.logical.CandidateKey">
<identifier id="89357404-902C-3684-36CA-406BAD18E98F" name="horario PK">
<createdBy>AntonioB</createdBy>
<createdTime>2020-11-25 02:17:55 UTC</createdTime>
<ownerDesignName>MR6_v3_20210109</ownerDesignName>
<engineerTo>
<item key="FD47ED64-2DA0-9308-D3B0-220639D09D6B" value="true"/>
</engineerTo>
<pk>true</pk>
<usedAttributes>
<attributeRef>E8237A17-A35F-D2FE-CBC1-4255BDDBC3FD</attributeRef>
</usedAttributes>
</identifier>
</identifiers>
</Entity>