<?xml version = '1.0' encoding = 'UTF-8'?>
<Entity class="oracle.dbtools.crest.model.design.logical.Entity" directorySegmentName="seg_0" id="9E89A288-A647-AEAD-86DB-1DDB06917845" name="PRODUCTO">
<createdBy>AntonioB</createdBy>
<createdTime>2020-11-13 01:41:17 UTC</createdTime>
<ownerDesignName>MR6_v3_20210109</ownerDesignName>
<engineerTo>
<item key="FD47ED64-2DA0-9308-D3B0-220639D09D6B" value="true"/>
</engineerTo>
<adequatelyNormalized>NO</adequatelyNormalized>
<expectedVolumes>0</expectedVolumes>
<fwdEngineeringStrategyName>Single Table</fwdEngineeringStrategyName>
<growthPercent>0</growthPercent>
<growthType>Year</growthType>
<maxVolumes>9999999</maxVolumes>
<minVolumes>0</minVolumes>
<normalForm>Third</normalForm>
<attributes itemClass="oracle.dbtools.crest.model.design.logical.Attribute">
<Attribute name="pr_id" id="04EE5B6A-D849-90D4-B8CA-D885855B42DD">
<createdBy>AntonioB</createdBy>
<createdTime>2020-11-13 01:43:19 UTC</createdTime>
<ownerDesignName>MR6_v3_20210109</ownerDesignName>
<engineerTo>
<item key="FD47ED64-2DA0-9308-D3B0-220639D09D6B" value="true"/>
</engineerTo>
<use>0</use>
<ownDataTypeParameters>,,</ownDataTypeParameters>
</Attribute>
<Attribute name="pr_nombre" id="E9E4BC75-E9A9-8497-F11C-D78E5B4BAED6">
<createdBy>AntonioB</createdBy>
<createdTime>2020-11-13 01:43:40 UTC</createdTime>
<ownerDesignName>MR6_v3_20210109</ownerDesignName>
<engineerTo>
<item key="FD47ED64-2DA0-9308-D3B0-220639D09D6B" value="true"/>
</engineerTo>
<use>0</use>
<ownDataTypeParameters>,,</ownDataTypeParameters>
</Attribute>
<Attribute name="pr_precio" id="522C6247-F7CD-C7A6-30D1-4835E81F46E7">
<createdBy>AntonioB</createdBy>
<createdTime>2020-11-13 01:43:46 UTC</createdTime>
<ownerDesignName>MR6_v3_20210109</ownerDesignName>
<engineerTo>
<item key="FD47ED64-2DA0-9308-D3B0-220639D09D6B" value="true"/>
</engineerTo>
<use>0</use>
<ownDataTypeParameters>,,</ownDataTypeParameters>
</Attribute>
<Attribute name="pr_peso" id="DBC1D128-7978-D90B-649F-FD416F9E98DB">
<createdBy>AntonioB</createdBy>
<createdTime>2020-11-14 01:55:35 UTC</createdTime>
<ownerDesignName>MR6_v3_20210109</ownerDesignName>
<engineerTo>
<item key="FD47ED64-2DA0-9308-D3B0-220639D09D6B" value="true"/>
</engineerTo>
<use>0</use>
<ownDataTypeParameters>,,</ownDataTypeParameters>
</Attribute>
<Attribute name="ru_id" id="54532FF3-B721-2EB6-0455-4EBC9B27F0D2">
<createdBy>sgonzalez</createdBy>
<createdTime>2021-01-08 00:25:58 UTC</createdTime>
<generatorID>218D82B4-DD02-F6AE-137A-21F48ABC86D3</generatorID>
<ownerDesignName>MR6_v3_20210109</ownerDesignName>
<engineerTo>
<item key="FD47ED64-2DA0-9308-D3B0-220639D09D6B" value="true"/>
</engineerTo>
<referedAttribute>ECD04D79-667F-3293-386A-4A262C819396</referedAttribute>
<use>0</use>
<ownDataTypeParameters>,,</ownDataTypeParameters>
</Attribute>
<Attribute name="po_id" id="4BAB2C8D-BE86-0028-07A3-62B0AA75EFB2">
<createdBy>sgonzalez</createdBy>
<createdTime>2021-01-09 04:16:32 UTC</createdTime>
<generatorID>5231AAFC-F972-8B54-756E-0289DE7F5BB7</generatorID>
<ownerDesignName>MR6_v3_20210109</ownerDesignName>
<engineerTo>
<item key="FD47ED64-2DA0-9308-D3B0-220639D09D6B" value="true"/>
</engineerTo>
<referedAttribute>8322879E-79AC-4861-BC84-55EE4AC49D58</referedAttribute>
<use>0</use>
<ownDataTypeParameters>,,</ownDataTypeParameters>
</Attribute>
<Attribute name="ma_codigo" id="DAC4EBFD-CDF6-16BD-A2F5-23E3F14501AE">
<createdBy>sgonzalez</createdBy>
<createdTime>2021-01-09 06:10:18 UTC</createdTime>
<generatorID>B093B0DE-FBDC-495E-361A-8A3EBADD8C54</generatorID>
<ownerDesignName>MR6_v3_20210109</ownerDesignName>
<engineerTo>
<item key="FD47ED64-2DA0-9308-D3B0-220639D09D6B" value="true"/>
</engineerTo>
<referedAttribute>E2385486-6186-2AF5-CA79-F1E91C37361C</referedAttribute>
<use>0</use>
<ownDataTypeParameters>,,</ownDataTypeParameters>
</Attribute>
<Attribute name="pr_imagen" id="B111A1EB-87F6-55D3-B77F-613207DEF798">
<createdBy>sgonzalez</createdBy>
<createdTime>2021-01-09 04:47:22 UTC</createdTime>
<ownerDesignName>MR6_v3_20210109</ownerDesignName>
<engineerTo>
<item key="FD47ED64-2DA0-9308-D3B0-220639D09D6B" value="true"/>
</engineerTo>
<nullsAllowed>true</nullsAllowed>
<use>0</use>
<ownDataTypeParameters>,,</ownDataTypeParameters>
</Attribute>
</attributes>
<identifiers itemClass="oracle.dbtools.crest.model.design.logical.CandidateKey">
<identifier id="185A85D0-9F8B-3CFB-ABA7-CC3F8C70BF9B" name="Producto PK">
<createdBy>AntonioB</createdBy>
<createdTime>2020-11-13 01:44:06 UTC</createdTime>
<ownerDesignName>MR6_v3_20210109</ownerDesignName>
<engineerTo>
<item key="FD47ED64-2DA0-9308-D3B0-220639D09D6B" value="true"/>
</engineerTo>
<pk>true</pk>
<usedAttributes>
<attributeRef>04EE5B6A-D849-90D4-B8CA-D885855B42DD</attributeRef>
</usedAttributes>
</identifier>
</identifiers>
</Entity>