<?xml version = '1.0' encoding = 'UTF-8'?>
<Entity class="oracle.dbtools.crest.model.design.logical.Entity" directorySegmentName="seg_0" id="AAFBAAD8-CD14-D86A-A275-6879B7189386" name="TELEFONO">
<createdBy>AntonioB</createdBy>
<createdTime>2020-11-25 02:21:29 UTC</createdTime>
<ownerDesignName>MR6_v3_20210109</ownerDesignName>
<engineerTo>
<item key="FD47ED64-2DA0-9308-D3B0-220639D09D6B" value="true"/>
</engineerTo>
<adequatelyNormalized>NO</adequatelyNormalized>
<expectedVolumes>0</expectedVolumes>
<fwdEngineeringStrategyName>Single Table</fwdEngineeringStrategyName>
<growthPercent>0</growthPercent>
<growthType>Year</growthType>
<maxVolumes>9999999</maxVolumes>
<minVolumes>0</minVolumes>
<normalForm>Third</normalForm>
<attributes itemClass="oracle.dbtools.crest.model.design.logical.Attribute">
<Attribute name="te_codigo" id="7F5F453B-AF45-02A6-88BD-6F7EB92B631F">
<createdBy>AntonioB</createdBy>
<createdTime>2020-11-25 02:21:36 UTC</createdTime>
<ownerDesignName>MR6_v3_20210109</ownerDesignName>
<engineerTo>
<item key="FD47ED64-2DA0-9308-D3B0-220639D09D6B" value="true"/>
</engineerTo>
<use>0</use>
<ownDataTypeParameters>,,</ownDataTypeParameters>
</Attribute>
<Attribute name="te_tipo" id="C37E26C9-3143-747C-C35C-EB0EB71FD6A2">
<createdBy>AntonioB</createdBy>
<createdTime>2020-11-25 02:21:53 UTC</createdTime>
<ownerDesignName>MR6_v3_20210109</ownerDesignName>
<engineerTo>
<item key="FD47ED64-2DA0-9308-D3B0-220639D09D6B" value="true"/>
</engineerTo>
<use>0</use>
<ownDataTypeParameters>,,</ownDataTypeParameters>
</Attribute>
<Attribute name="te_numero" id="B25AF715-A91E-4580-379D-9A956A39D6E7">
<createdBy>AntonioB</createdBy>
<createdTime>2020-11-25 02:21:59 UTC</createdTime>
<ownerDesignName>MR6_v3_20210109</ownerDesignName>
<engineerTo>
<item key="FD47ED64-2DA0-9308-D3B0-220639D09D6B" value="true"/>
</engineerTo>
<use>0</use>
<ownDataTypeParameters>,,</ownDataTypeParameters>
</Attribute>
<Attribute name="cl_id" id="66AA1452-D234-8169-4A31-B917AB42D4BF">
<createdBy>AntonioB</createdBy>
<createdTime>2020-11-25 02:26:21 UTC</createdTime>
<generatorID>C6EB0182-49D8-FE6E-1E3C-29B96435B786</generatorID>
<ownerDesignName>MR6_v3_20210109</ownerDesignName>
<engineerTo>
<item key="FD47ED64-2DA0-9308-D3B0-220639D09D6B" value="true"/>
</engineerTo>
<nullsAllowed>true</nullsAllowed>
<referedAttribute>49CD219A-7DEC-ACFC-C65C-38BE946DCB6F</referedAttribute>
<use>0</use>
<ownDataTypeParameters>,,</ownDataTypeParameters>
</Attribute>
<Attribute name="po_id" id="73444396-B7D8-F0F6-CC78-84C6EF495ECE">
<createdBy>AntonioB</createdBy>
<createdTime>2020-11-25 02:37:12 UTC</createdTime>
<generatorID>A28C17A0-EB1E-5D67-B035-E1D999F5161C</generatorID>
<ownerDesignName>MR6_v3_20210109</ownerDesignName>
<engineerTo>
<item key="FD47ED64-2DA0-9308-D3B0-220639D09D6B" value="true"/>
</engineerTo>
<nullsAllowed>true</nullsAllowed>
<referedAttribute>8322879E-79AC-4861-BC84-55EE4AC49D58</referedAttribute>
<use>0</use>
<ownDataTypeParameters>,,</ownDataTypeParameters>
</Attribute>
<Attribute name="em_codigo" id="F5114A84-128D-F7FC-F2DE-AB8868ECBB04">
<createdBy>AntonioB</createdBy>
<createdTime>2020-11-25 03:13:04 UTC</createdTime>
<generatorID>3850030F-CCC4-1A06-2BD7-88A05ED19F6F</generatorID>
<ownerDesignName>MR6_v3_20210109</ownerDesignName>
<engineerTo>
<item key="FD47ED64-2DA0-9308-D3B0-220639D09D6B" value="true"/>
</engineerTo>
<nullsAllowed>true</nullsAllowed>
<referedAttribute>9A8CA1C2-75F9-AB0C-F09D-81A90F2D13A2</referedAttribute>
<use>0</use>
<ownDataTypeParameters>,,</ownDataTypeParameters>
</Attribute>
<Attribute name="peco_cedula" id="E135B896-F47D-6CAD-3DD6-45A6F91A21AC">
<createdBy>AntonioB</createdBy>
<createdTime>2020-11-26 03:21:25 UTC</createdTime>
<generatorID>EA673964-F28E-0C5A-0CA9-DCDAAF867932</generatorID>
<ownerDesignName>MR6_v3_20210109</ownerDesignName>
<engineerTo>
<item key="FD47ED64-2DA0-9308-D3B0-220639D09D6B" value="true"/>
</engineerTo>
<nullsAllowed>true</nullsAllowed>
<referedAttribute>1AFEBD4C-39E7-2FA3-A062-58BAD6A55435</referedAttribute>
<use>0</use>
<ownDataTypeParameters>,,</ownDataTypeParameters>
</Attribute>
</attributes>
<identifiers itemClass="oracle.dbtools.crest.model.design.logical.CandidateKey">
<identifier id="268BB593-81B6-DCF0-E0F2-138956FB872A" name="telefono PK">
<createdBy>AntonioB</createdBy>
<createdTime>2020-11-25 02:21:52 UTC</createdTime>
<ownerDesignName>MR6_v3_20210109</ownerDesignName>
<engineerTo>
<item key="FD47ED64-2DA0-9308-D3B0-220639D09D6B" value="true"/>
</engineerTo>
<pk>true</pk>
<usedAttributes>
<attributeRef>7F5F453B-AF45-02A6-88BD-6F7EB92B631F</attributeRef>
</usedAttributes>
</identifier>
</identifiers>
</Entity>