<?xml version = '1.0' encoding = 'UTF-8'?>
<Entity class="oracle.dbtools.crest.model.design.logical.Entity" directorySegmentName="seg_0" id="AE90CC7B-8ADA-9839-CAD2-E870A51F39D3" name="CARRITO_PRODUCTO">
<createdBy>AntonioB</createdBy>
<createdTime>2020-11-24 23:18:38 UTC</createdTime>
<ownerDesignName>MR6_v3_20210109</ownerDesignName>
<engineerTo>
<item key="FD47ED64-2DA0-9308-D3B0-220639D09D6B" value="true"/>
</engineerTo>
<adequatelyNormalized>NO</adequatelyNormalized>
<expectedVolumes>0</expectedVolumes>
<fwdEngineeringStrategyName>Single Table</fwdEngineeringStrategyName>
<growthPercent>0</growthPercent>
<growthType>Year</growthType>
<maxVolumes>9999999</maxVolumes>
<minVolumes>0</minVolumes>
<normalForm>Third</normalForm>
<attributes itemClass="oracle.dbtools.crest.model.design.logical.Attribute">
<Attribute name="ca_id" id="7DFADC1D-78EB-A07B-F35A-88F67BD0855A">
<createdBy>AntonioB</createdBy>
<createdTime>2020-11-24 23:19:08 UTC</createdTime>
<generatorID>C0354806-B3E1-231B-0711-071BF9A95091</generatorID>
<ownerDesignName>MR6_v3_20210109</ownerDesignName>
<engineerTo>
<item key="FD47ED64-2DA0-9308-D3B0-220639D09D6B" value="true"/>
</engineerTo>
<referedAttribute>6B557713-7E17-D10E-62CF-811502DD2E06</referedAttribute>
<use>0</use>
<ownDataTypeParameters>,,</ownDataTypeParameters>
</Attribute>
<Attribute name="pr_id" id="DDFD86E6-5107-3F47-0853-2C48671C0266">
<createdBy>AntonioB</createdBy>
<createdTime>2020-11-24 23:19:03 UTC</createdTime>
<generatorID>F10153D8-3DF1-2E90-D950-5B4DDFFDD3F8</generatorID>
<ownerDesignName>MR6_v3_20210109</ownerDesignName>
<engineerTo>
<item key="FD47ED64-2DA0-9308-D3B0-220639D09D6B" value="true"/>
</engineerTo>
<referedAttribute>04EE5B6A-D849-90D4-B8CA-D885855B42DD</referedAttribute>
<use>0</use>
<ownDataTypeParameters>,,</ownDataTypeParameters>
</Attribute>
<Attribute name="cp_unidades" id="1DDE081E-DCAF-DF20-0FF4-4DA330B1E9B7">
<createdBy>AntonioB</createdBy>
<createdTime>2020-11-25 15:46:50 UTC</createdTime>
<ownerDesignName>MR6_v3_20210109</ownerDesignName>
<engineerTo>
<item key="FD47ED64-2DA0-9308-D3B0-220639D09D6B" value="true"/>
</engineerTo>
<use>0</use>
<ownDataTypeParameters>,,</ownDataTypeParameters>
</Attribute>
<Attribute name="cp_costo" id="BF683F52-B44B-FF03-CE5B-E07C0B6B5B47">
<createdBy>sgonzalez</createdBy>
<createdTime>2021-01-08 02:39:46 UTC</createdTime>
<ownerDesignName>MR6_v3_20210109</ownerDesignName>
<engineerTo>
<item key="FD47ED64-2DA0-9308-D3B0-220639D09D6B" value="true"/>
</engineerTo>
<nullsAllowed>true</nullsAllowed>
<use>0</use>
<ownDataTypeParameters>,,</ownDataTypeParameters>
</Attribute>
</attributes>
<identifiers itemClass="oracle.dbtools.crest.model.design.logical.CandidateKey">
<identifier id="59C7FE17-4EC8-3FA0-BFC5-AB59AA910A2B" name="carrito_producto PK">
<createdBy>AntonioB</createdBy>
<createdTime>2020-11-24 23:19:03 UTC</createdTime>
<ownerDesignName>MR6_v3_20210109</ownerDesignName>
<engineerTo>
<item key="FD47ED64-2DA0-9308-D3B0-220639D09D6B" value="true"/>
</engineerTo>
<pk>true</pk>
<usedAttributes>
<attributeRef>DDFD86E6-5107-3F47-0853-2C48671C0266</attributeRef>
<attributeRef>7DFADC1D-78EB-A07B-F35A-88F67BD0855A</attributeRef>
</usedAttributes>
</identifier>
</identifiers>
</Entity>