<?xml version = '1.0' encoding = 'UTF-8'?>
<Entity class="oracle.dbtools.crest.model.design.logical.Entity" directorySegmentName="seg_0" id="B12C4273-8A6A-8D79-FB5A-688B51744584" name="PRIVILEGIO">
<createdBy>AntonioB</createdBy>
<createdTime>2020-12-20 03:17:09 UTC</createdTime>
<ownerDesignName>MR6_v3_20210109</ownerDesignName>
<engineerTo>
<item key="FD47ED64-2DA0-9308-D3B0-220639D09D6B" value="true"/>
</engineerTo>
<adequatelyNormalized>NO</adequatelyNormalized>
<expectedVolumes>0</expectedVolumes>
<fwdEngineeringStrategyName>Single Table</fwdEngineeringStrategyName>
<growthPercent>0</growthPercent>
<growthType>Year</growthType>
<maxVolumes>9999999</maxVolumes>
<minVolumes>0</minVolumes>
<normalForm>Third</normalForm>
<attributes itemClass="oracle.dbtools.crest.model.design.logical.Attribute">
<Attribute name="pri_codigo" id="25D3F90C-AF5C-9B2C-ED44-FB2E9D7CA70A">
<createdBy>sgonzalez</createdBy>
<createdTime>2021-01-05 13:39:44 UTC</createdTime>
<ownerDesignName>MR6_v3_20210109</ownerDesignName>
<engineerTo>
<item key="FD47ED64-2DA0-9308-D3B0-220639D09D6B" value="true"/>
</engineerTo>
<use>0</use>
<ownDataTypeParameters>,,</ownDataTypeParameters>
</Attribute>
<Attribute name="pri_descripcion" id="1E58E99C-1A8F-9308-FB44-BAF4667AC0DB">
<createdBy>sgonzalez</createdBy>
<createdTime>2021-01-05 13:39:54 UTC</createdTime>
<ownerDesignName>MR6_v3_20210109</ownerDesignName>
<engineerTo>
<item key="FD47ED64-2DA0-9308-D3B0-220639D09D6B" value="true"/>
</engineerTo>
<nullsAllowed>true</nullsAllowed>
<use>0</use>
<ownDataTypeParameters>,,</ownDataTypeParameters>
</Attribute>
</attributes>
<identifiers itemClass="oracle.dbtools.crest.model.design.logical.CandidateKey">
<identifier id="CBBC8B75-CEEB-70BE-6490-34C20CCAA9F7" name="PRIVILEGIO PK">
<createdBy>sgonzalez</createdBy>
<createdTime>2021-01-05 13:40:08 UTC</createdTime>
<ownerDesignName>MR6_v3_20210109</ownerDesignName>
<engineerTo>
<item key="FD47ED64-2DA0-9308-D3B0-220639D09D6B" value="true"/>
</engineerTo>
<pk>true</pk>
<usedAttributes>
<attributeRef>25D3F90C-AF5C-9B2C-ED44-FB2E9D7CA70A</attributeRef>
</usedAttributes>
</identifier>
</identifiers>
</Entity>