<?xml version = '1.0' encoding = 'UTF-8'?>
<Entity class="oracle.dbtools.crest.model.design.logical.Entity" directorySegmentName="seg_0" id="BEC2D3B2-430B-EE9E-CD0E-26D6E65F2721" name="USUARIO">
<createdBy>sgonzalez</createdBy>
<createdTime>2021-01-09 02:28:23 UTC</createdTime>
<ownerDesignName>MR6_v3_20210109</ownerDesignName>
<engineerTo>
<item key="FD47ED64-2DA0-9308-D3B0-220639D09D6B" value="true"/>
</engineerTo>
<adequatelyNormalized>NO</adequatelyNormalized>
<expectedVolumes>0</expectedVolumes>
<fwdEngineeringStrategyName>Single Table</fwdEngineeringStrategyName>
<growthPercent>0</growthPercent>
<growthType>Year</growthType>
<maxVolumes>9999999</maxVolumes>
<minVolumes>0</minVolumes>
<normalForm>Third</normalForm>
<attributes itemClass="oracle.dbtools.crest.model.design.logical.Attribute">
<Attribute name="us_codigo" id="DF979D96-7985-92F6-97AA-A29DC0A2B3EB">
<createdBy>sgonzalez</createdBy>
<createdTime>2021-01-09 02:28:32 UTC</createdTime>
<ownerDesignName>MR6_v3_20210109</ownerDesignName>
<engineerTo>
<item key="FD47ED64-2DA0-9308-D3B0-220639D09D6B" value="true"/>
</engineerTo>
<use>0</use>
<ownDataTypeParameters>,,</ownDataTypeParameters>
</Attribute>
<Attribute name="us_correo" id="22DC150B-3121-A4E0-8E3D-716B86C65E4D">
<createdBy>sgonzalez</createdBy>
<createdTime>2021-01-09 02:50:46 UTC</createdTime>
<ownerDesignName>MR6_v3_20210109</ownerDesignName>
<engineerTo>
<item key="FD47ED64-2DA0-9308-D3B0-220639D09D6B" value="true"/>
</engineerTo>
<nullsAllowed>true</nullsAllowed>
<use>0</use>
<ownDataTypeParameters>,,</ownDataTypeParameters>
</Attribute>
<Attribute name="us_contraseña" id="72C25CDF-A623-04A5-5363-7B1162660F62">
<createdBy>sgonzalez</createdBy>
<createdTime>2021-01-09 02:50:56 UTC</createdTime>
<ownerDesignName>MR6_v3_20210109</ownerDesignName>
<engineerTo>
<item key="FD47ED64-2DA0-9308-D3B0-220639D09D6B" value="true"/>
</engineerTo>
<nullsAllowed>true</nullsAllowed>
<use>0</use>
<ownDataTypeParameters>,,</ownDataTypeParameters>
</Attribute>
<Attribute name="cl_id" id="2A993C3E-8EB5-F0DD-B01F-019AAA2059DC">
<createdBy>sgonzalez</createdBy>
<createdTime>2021-01-09 02:51:51 UTC</createdTime>
<generatorID>FE09C23F-B4E7-E380-5765-0480B9213632</generatorID>
<ownerDesignName>MR6_v3_20210109</ownerDesignName>
<engineerTo>
<item key="FD47ED64-2DA0-9308-D3B0-220639D09D6B" value="true"/>
</engineerTo>
<referedAttribute>49CD219A-7DEC-ACFC-C65C-38BE946DCB6F</referedAttribute>
<use>0</use>
<ownDataTypeParameters>,,</ownDataTypeParameters>
</Attribute>
<Attribute name="em_codigo" id="9B5783D1-418C-9D8B-0768-87ADF413E1D5">
<createdBy>sgonzalez</createdBy>
<createdTime>2021-01-09 02:53:14 UTC</createdTime>
<generatorID>FD98ACBC-0EDE-89C9-C01C-5B0C683601A2</generatorID>
<ownerDesignName>MR6_v3_20210109</ownerDesignName>
<engineerTo>
<item key="FD47ED64-2DA0-9308-D3B0-220639D09D6B" value="true"/>
</engineerTo>
<referedAttribute>9A8CA1C2-75F9-AB0C-F09D-81A90F2D13A2</referedAttribute>
<use>0</use>
<ownDataTypeParameters>,,</ownDataTypeParameters>
</Attribute>
<Attribute name="rol_codigo" id="C6CACA5B-418C-79E4-0574-3489CC218843">
<createdBy>sgonzalez</createdBy>
<createdTime>2021-01-09 04:32:16 UTC</createdTime>
<generatorID>F89B5535-3162-9511-7B04-8355E5A7605D</generatorID>
<ownerDesignName>MR6_v3_20210109</ownerDesignName>
<engineerTo>
<item key="FD47ED64-2DA0-9308-D3B0-220639D09D6B" value="true"/>
</engineerTo>
<referedAttribute>CFED7DA8-BBD2-3C05-B0D8-9660D1AE087D</referedAttribute>
<use>0</use>
<ownDataTypeParameters>,,</ownDataTypeParameters>
</Attribute>
</attributes>
<identifiers itemClass="oracle.dbtools.crest.model.design.logical.CandidateKey">
<identifier id="66BAC0BB-973E-94D9-0E3E-26C2F813F323" name="USUARIO PK">
<createdBy>sgonzalez</createdBy>
<createdTime>2021-01-09 02:29:46 UTC</createdTime>
<ownerDesignName>MR6_v3_20210109</ownerDesignName>
<engineerTo>
<item key="FD47ED64-2DA0-9308-D3B0-220639D09D6B" value="true"/>
</engineerTo>
<pk>true</pk>
<usedAttributes>
<attributeRef>DF979D96-7985-92F6-97AA-A29DC0A2B3EB</attributeRef>
</usedAttributes>
</identifier>
</identifiers>
</Entity>