<?xml version = '1.0' encoding = 'UTF-8'?>
<Entity class="oracle.dbtools.crest.model.design.logical.Entity" directorySegmentName="seg_0" id="C292B629-5667-E3FA-0F4E-D45AC7A60824" name="RUBRO">
<createdBy>AntonioB</createdBy>
<createdTime>2020-12-19 23:22:32 UTC</createdTime>
<ownerDesignName>MR6_v3_20210109</ownerDesignName>
<engineerTo>
<item key="FD47ED64-2DA0-9308-D3B0-220639D09D6B" value="true"/>
</engineerTo>
<adequatelyNormalized>NO</adequatelyNormalized>
<expectedVolumes>0</expectedVolumes>
<fwdEngineeringStrategyName>Single Table</fwdEngineeringStrategyName>
<growthPercent>0</growthPercent>
<growthType>Year</growthType>
<maxVolumes>9999999</maxVolumes>
<minVolumes>0</minVolumes>
<normalForm>Third</normalForm>
<attributes itemClass="oracle.dbtools.crest.model.design.logical.Attribute">
<Attribute name="ru_id" id="ECD04D79-667F-3293-386A-4A262C819396">
<createdBy>AntonioB</createdBy>
<createdTime>2020-12-19 23:22:41 UTC</createdTime>
<ownerDesignName>MR6_v3_20210109</ownerDesignName>
<engineerTo>
<item key="FD47ED64-2DA0-9308-D3B0-220639D09D6B" value="true"/>
</engineerTo>
<use>0</use>
<ownDataTypeParameters>,,</ownDataTypeParameters>
</Attribute>
<Attribute name="ru_nombre" id="F843E4DC-E161-7A23-279D-F6F6FDAC376F">
<createdBy>AntonioB</createdBy>
<createdTime>2020-12-19 23:22:48 UTC</createdTime>
<ownerDesignName>MR6_v3_20210109</ownerDesignName>
<engineerTo>
<item key="FD47ED64-2DA0-9308-D3B0-220639D09D6B" value="true"/>
</engineerTo>
<use>0</use>
<ownDataTypeParameters>,,</ownDataTypeParameters>
</Attribute>
</attributes>
<identifiers itemClass="oracle.dbtools.crest.model.design.logical.CandidateKey">
<identifier id="FC248BDF-563D-9C8D-5144-B8B24DCC33B8" name="RUBRO PK">
<createdBy>AntonioB</createdBy>
<createdTime>2020-12-19 23:22:48 UTC</createdTime>
<ownerDesignName>MR6_v3_20210109</ownerDesignName>
<engineerTo>
<item key="FD47ED64-2DA0-9308-D3B0-220639D09D6B" value="true"/>
</engineerTo>
<pk>true</pk>
<usedAttributes>
<attributeRef>ECD04D79-667F-3293-386A-4A262C819396</attributeRef>
</usedAttributes>
</identifier>
</identifiers>
</Entity>