<?xml version = '1.0' encoding = 'UTF-8'?>
<Entity class="oracle.dbtools.crest.model.design.logical.Entity" directorySegmentName="seg_0" id="C298CA42-98AC-87E7-F990-590B32BD89D6" name="CLIENTE">
<createdBy>AntonioB</createdBy>
<createdTime>2020-11-13 01:41:32 UTC</createdTime>
<ownerDesignName>MR6_v3_20210109</ownerDesignName>
<engineerTo>
<item key="FD47ED64-2DA0-9308-D3B0-220639D09D6B" value="true"/>
</engineerTo>
<adequatelyNormalized>NO</adequatelyNormalized>
<expectedVolumes>0</expectedVolumes>
<fwdEngineeringStrategyName>Single Table</fwdEngineeringStrategyName>
<growthPercent>0</growthPercent>
<growthType>Year</growthType>
<maxVolumes>9999999</maxVolumes>
<minVolumes>0</minVolumes>
<normalForm>Third</normalForm>
<attributes itemClass="oracle.dbtools.crest.model.design.logical.Attribute">
<Attribute name="cl_id" id="49CD219A-7DEC-ACFC-C65C-38BE946DCB6F">
<createdBy>AntonioB</createdBy>
<createdTime>2020-11-13 01:45:10 UTC</createdTime>
<ownerDesignName>MR6_v3_20210109</ownerDesignName>
<engineerTo>
<item key="FD47ED64-2DA0-9308-D3B0-220639D09D6B" value="true"/>
</engineerTo>
<use>0</use>
<ownDataTypeParameters>,,</ownDataTypeParameters>
</Attribute>
<Attribute name="cl_correo" id="3895908D-A105-B0A0-6B20-6B6A28D9FE36">
<createdBy>AntonioB</createdBy>
<createdTime>2020-11-14 01:04:25 UTC</createdTime>
<ownerDesignName>MR6_v3_20210109</ownerDesignName>
<engineerTo>
<item key="FD47ED64-2DA0-9308-D3B0-220639D09D6B" value="true"/>
</engineerTo>
<use>0</use>
<ownDataTypeParameters>,,</ownDataTypeParameters>
</Attribute>
<Attribute name="cl_contraseña" id="64521BDC-F10C-B139-37AD-8F954B148658">
<createdBy>AntonioB</createdBy>
<createdTime>2020-11-14 01:04:39 UTC</createdTime>
<ownerDesignName>MR6_v3_20210109</ownerDesignName>
<engineerTo>
<item key="FD47ED64-2DA0-9308-D3B0-220639D09D6B" value="true"/>
</engineerTo>
<use>0</use>
<ownDataTypeParameters>,,</ownDataTypeParameters>
</Attribute>
<Attribute name="cl_puntos" id="D0DD3171-AACC-625B-74AB-2416054A92C0">
<createdBy>AntonioB</createdBy>
<createdTime>2020-11-24 19:43:54 UTC</createdTime>
<ownerDesignName>MR6_v3_20210109</ownerDesignName>
<engineerTo>
<item key="FD47ED64-2DA0-9308-D3B0-220639D09D6B" value="true"/>
</engineerTo>
<use>0</use>
<ownDataTypeParameters>,,</ownDataTypeParameters>
</Attribute>
<Attribute name="cl_afiliacion" id="FBE6450F-413D-5DCF-2C67-A6FFB073A4BE">
<createdBy>AntonioB</createdBy>
<createdTime>2020-11-27 18:21:36 UTC</createdTime>
<ownerDesignName>MR6_v3_20210109</ownerDesignName>
<engineerTo>
<item key="FD47ED64-2DA0-9308-D3B0-220639D09D6B" value="true"/>
</engineerTo>
<use>0</use>
<ownDataTypeParameters>,,</ownDataTypeParameters>
</Attribute>
<Attribute name="ti_codigo" id="1CDC1778-DE22-EFB4-3686-F7FD0E386156">
<createdBy>AntonioB</createdBy>
<createdTime>2020-11-14 01:53:49 UTC</createdTime>
<generatorID>DA8D6187-A0D3-35A7-2975-0CAB30F85786</generatorID>
<ownerDesignName>MR6_v3_20210109</ownerDesignName>
<engineerTo>
<item key="FD47ED64-2DA0-9308-D3B0-220639D09D6B" value="true"/>
</engineerTo>
<referedAttribute>2826C14E-E73C-1A1F-F803-5557F9B6A9B3</referedAttribute>
<use>0</use>
<ownDataTypeParameters>,,</ownDataTypeParameters>
</Attribute>
</attributes>
<identifiers itemClass="oracle.dbtools.crest.model.design.logical.CandidateKey">
<identifier id="6D17CE1D-4E66-B1CC-7934-FC9B5F9FE0F1" name="Cliente PK">
<createdBy>AntonioB</createdBy>
<createdTime>2020-11-13 01:45:19 UTC</createdTime>
<ownerDesignName>MR6_v3_20210109</ownerDesignName>
<engineerTo>
<item key="FD47ED64-2DA0-9308-D3B0-220639D09D6B" value="true"/>
</engineerTo>
<pk>true</pk>
<usedAttributes>
<attributeRef>49CD219A-7DEC-ACFC-C65C-38BE946DCB6F</attributeRef>
</usedAttributes>
</identifier>
</identifiers>
</Entity>