<?xml version = '1.0' encoding = 'UTF-8'?>
<Entity class="oracle.dbtools.crest.model.design.logical.Entity" directorySegmentName="seg_0" id="D04DF507-7E79-6F43-42AD-7EE655C5AD28" name="HORARIO_EMP">
<createdBy>AntonioB</createdBy>
<createdTime>2020-12-19 23:08:23 UTC</createdTime>
<ownerDesignName>MR6_v3_20210109</ownerDesignName>
<engineerTo>
<item key="FD47ED64-2DA0-9308-D3B0-220639D09D6B" value="true"/>
</engineerTo>
<adequatelyNormalized>NO</adequatelyNormalized>
<expectedVolumes>0</expectedVolumes>
<fwdEngineeringStrategyName>Single Table</fwdEngineeringStrategyName>
<growthPercent>0</growthPercent>
<growthType>Year</growthType>
<maxVolumes>9999999</maxVolumes>
<minVolumes>0</minVolumes>
<normalForm>Third</normalForm>
<attributes itemClass="oracle.dbtools.crest.model.design.logical.Attribute">
<Attribute name="em_codigo" id="662CADCF-7D3D-BCE5-ADB7-438A52B0F1A1">
<createdBy>sgonzalez</createdBy>
<createdTime>2021-01-02 21:03:14 UTC</createdTime>
<generatorID>593C73AF-216B-2571-1FC7-2977181D81EF</generatorID>
<ownerDesignName>MR6_v3_20210109</ownerDesignName>
<engineerTo>
<item key="FD47ED64-2DA0-9308-D3B0-220639D09D6B" value="true"/>
</engineerTo>
<referedAttribute>9A8CA1C2-75F9-AB0C-F09D-81A90F2D13A2</referedAttribute>
<use>0</use>
<ownDataTypeParameters>,,</ownDataTypeParameters>
</Attribute>
<Attribute name="ho_codigo" id="FFE6C779-3CD5-4F01-8D89-A4DB183D10AC">
<createdBy>AntonioB</createdBy>
<createdTime>2020-12-19 23:08:36 UTC</createdTime>
<generatorID>AB8125B7-2F00-0134-B814-FB9DEB25D29C</generatorID>
<ownerDesignName>MR6_v3_20210109</ownerDesignName>
<engineerTo>
<item key="FD47ED64-2DA0-9308-D3B0-220639D09D6B" value="true"/>
</engineerTo>
<referedAttribute>C2EAF6E2-C468-5AC7-41CA-FBA5D5991766</referedAttribute>
<use>0</use>
<ownDataTypeParameters>,,</ownDataTypeParameters>
</Attribute>
</attributes>
<identifiers itemClass="oracle.dbtools.crest.model.design.logical.CandidateKey">
<identifier id="D8496138-B342-83D6-41A8-B5AF57566C7B" name="HORARIO_EMPLEADO PK">
<createdBy>AntonioB</createdBy>
<createdTime>2020-12-19 23:08:36 UTC</createdTime>
<ownerDesignName>MR6_v3_20210109</ownerDesignName>
<engineerTo>
<item key="FD47ED64-2DA0-9308-D3B0-220639D09D6B" value="true"/>
</engineerTo>
<pk>true</pk>
<usedAttributes>
<attributeRef>FFE6C779-3CD5-4F01-8D89-A4DB183D10AC</attributeRef>
<attributeRef>662CADCF-7D3D-BCE5-ADB7-438A52B0F1A1</attributeRef>
</usedAttributes>
</identifier>
</identifiers>
</Entity>