<?xml version = '1.0' encoding = 'UTF-8'?>
<Entity class="oracle.dbtools.crest.model.design.logical.Entity" directorySegmentName="seg_0" id="D28B7960-6DCD-E821-40D6-DCF478D28E44" name="TIENDA_ALMACEN">
<createdBy>AntonioB</createdBy>
<createdTime>2020-12-20 03:13:42 UTC</createdTime>
<ownerDesignName>MR6_v3_20210109</ownerDesignName>
<engineerTo>
<item key="FD47ED64-2DA0-9308-D3B0-220639D09D6B" value="true"/>
</engineerTo>
<adequatelyNormalized>NO</adequatelyNormalized>
<expectedVolumes>0</expectedVolumes>
<fwdEngineeringStrategyName>Single Table</fwdEngineeringStrategyName>
<growthPercent>0</growthPercent>
<growthType>Year</growthType>
<maxVolumes>9999999</maxVolumes>
<minVolumes>0</minVolumes>
<normalForm>Third</normalForm>
<attributes itemClass="oracle.dbtools.crest.model.design.logical.Attribute">
<Attribute name="ti_codigo" id="32DBBB22-6F31-93E4-D512-E7155AC5A3F8">
<createdBy>AntonioB</createdBy>
<createdTime>2020-12-20 03:16:01 UTC</createdTime>
<generatorID>4884CEB8-8282-A887-D524-B6D1C2BCFA8A</generatorID>
<ownerDesignName>MR6_v3_20210109</ownerDesignName>
<engineerTo>
<item key="FD47ED64-2DA0-9308-D3B0-220639D09D6B" value="true"/>
</engineerTo>
<referedAttribute>2826C14E-E73C-1A1F-F803-5557F9B6A9B3</referedAttribute>
<use>0</use>
<ownDataTypeParameters>,,</ownDataTypeParameters>
</Attribute>
<Attribute name="pr_id" id="1486FB09-76B8-0D4E-73B2-62A9F317BEF0">
<createdBy>sgonzalez</createdBy>
<createdTime>2021-01-08 00:19:01 UTC</createdTime>
<generatorID>D72FFA82-BC4D-3669-AD74-F7CB084573C8</generatorID>
<ownerDesignName>MR6_v3_20210109</ownerDesignName>
<engineerTo>
<item key="FD47ED64-2DA0-9308-D3B0-220639D09D6B" value="true"/>
</engineerTo>
<referedAttribute>04EE5B6A-D849-90D4-B8CA-D885855B42DD</referedAttribute>
<use>0</use>
<ownDataTypeParameters>,,</ownDataTypeParameters>
</Attribute>
<Attribute name="zo_id" id="62D305F2-EF5F-5725-5B6E-41567725300B">
<createdBy>sgonzalez</createdBy>
<createdTime>2021-01-08 00:21:22 UTC</createdTime>
<generatorID>5DEBFAEF-0757-AFB6-EE97-9C4141634721</generatorID>
<ownerDesignName>MR6_v3_20210109</ownerDesignName>
<engineerTo>
<item key="FD47ED64-2DA0-9308-D3B0-220639D09D6B" value="true"/>
</engineerTo>
<referedAttribute>75D0ABB4-8DA1-9E6C-A561-17549F9DBA95</referedAttribute>
<use>0</use>
<ownDataTypeParameters>,,</ownDataTypeParameters>
</Attribute>
<Attribute name="ta_cantidad" id="66D4196C-27B1-C2C8-9FB3-77A07FC42031">
<createdBy>sgonzalez</createdBy>
<createdTime>2021-01-08 00:22:05 UTC</createdTime>
<ownerDesignName>MR6_v3_20210109</ownerDesignName>
<engineerTo>
<item key="FD47ED64-2DA0-9308-D3B0-220639D09D6B" value="true"/>
</engineerTo>
<nullsAllowed>true</nullsAllowed>
<use>0</use>
<ownDataTypeParameters>,,</ownDataTypeParameters>
</Attribute>
</attributes>
<identifiers itemClass="oracle.dbtools.crest.model.design.logical.CandidateKey">
<identifier id="22E0170D-7CE9-A6CF-CCB2-7945804F836D" name="TIENDA_ALMACEN PK">
<createdBy>sgonzalez</createdBy>
<createdTime>2021-01-08 00:19:55 UTC</createdTime>
<ownerDesignName>MR6_v3_20210109</ownerDesignName>
<engineerTo>
<item key="FD47ED64-2DA0-9308-D3B0-220639D09D6B" value="true"/>
</engineerTo>
<pk>true</pk>
<usedAttributes>
<attributeRef>32DBBB22-6F31-93E4-D512-E7155AC5A3F8</attributeRef>
<attributeRef>1486FB09-76B8-0D4E-73B2-62A9F317BEF0</attributeRef>
</usedAttributes>
</identifier>
</identifiers>
</Entity>