<?xml version = '1.0' encoding = 'UTF-8'?>
<Entity class="oracle.dbtools.crest.model.design.logical.Entity" directorySegmentName="seg_0" id="D5A46074-B6C9-F312-9097-68509F0222C4" name="MET_PAGO_COMPRA">
<createdBy>AntonioB</createdBy>
<createdTime>2020-12-19 23:49:07 UTC</createdTime>
<ownerDesignName>MR6_v3_20210109</ownerDesignName>
<engineerTo>
<item key="FD47ED64-2DA0-9308-D3B0-220639D09D6B" value="true"/>
</engineerTo>
<adequatelyNormalized>NO</adequatelyNormalized>
<expectedVolumes>0</expectedVolumes>
<fwdEngineeringStrategyName>Single Table</fwdEngineeringStrategyName>
<growthPercent>0</growthPercent>
<growthType>Year</growthType>
<maxVolumes>9999999</maxVolumes>
<minVolumes>0</minVolumes>
<normalForm>Third</normalForm>
<attributes itemClass="oracle.dbtools.crest.model.design.logical.Attribute">
<Attribute name="co_id" id="59C51711-4841-E668-3818-7D71CBBCEB21">
<createdBy>AntonioB</createdBy>
<createdTime>2020-12-20 00:40:45 UTC</createdTime>
<generatorID>5B735604-557D-7A9E-BC5A-C66BD4363DCE</generatorID>
<ownerDesignName>MR6_v3_20210109</ownerDesignName>
<engineerTo>
<item key="FD47ED64-2DA0-9308-D3B0-220639D09D6B" value="true"/>
</engineerTo>
<referedAttribute>CCC1ECAC-1CE0-83D0-2540-0D5A4E42E9EB</referedAttribute>
<use>0</use>
<ownDataTypeParameters>,,</ownDataTypeParameters>
</Attribute>
<Attribute name="tp_codigo" id="5B3E2ADC-7BCB-3AEC-9BB1-B67F57B1D8DC">
<createdBy>sgonzalez</createdBy>
<createdTime>2021-01-02 13:25:33 UTC</createdTime>
<generatorID>57BAD403-9CA0-5427-89B9-CF025E2C889A</generatorID>
<ownerDesignName>MR6_v3_20210109</ownerDesignName>
<engineerTo>
<item key="FD47ED64-2DA0-9308-D3B0-220639D09D6B" value="true"/>
</engineerTo>
<referedAttribute>EC97ECF8-5FA1-951F-3D6F-0ED034F0B08D</referedAttribute>
<use>0</use>
<ownDataTypeParameters>,,</ownDataTypeParameters>
</Attribute>
<Attribute name="mp_documento" id="BC4E8F6C-74FA-98A0-85B5-0B805CDE2A70">
<createdBy>sgonzalez</createdBy>
<createdTime>2021-01-02 13:29:32 UTC</createdTime>
<ownerDesignName>MR6_v3_20210109</ownerDesignName>
<engineerTo>
<item key="FD47ED64-2DA0-9308-D3B0-220639D09D6B" value="true"/>
</engineerTo>
<use>0</use>
<ownDataTypeParameters>,,</ownDataTypeParameters>
</Attribute>
<Attribute name="mo_codigo" id="CBABAEEC-0C59-D8A5-F73C-0DAF64809DDD">
<createdBy>sgonzalez</createdBy>
<createdTime>2021-01-02 13:32:42 UTC</createdTime>
<generatorID>8D86EEC3-405A-6AD0-75BE-F839BD6AF130</generatorID>
<ownerDesignName>MR6_v3_20210109</ownerDesignName>
<engineerTo>
<item key="FD47ED64-2DA0-9308-D3B0-220639D09D6B" value="true"/>
</engineerTo>
<referedAttribute>AD36B313-1017-B038-8E3C-23892BCEB116</referedAttribute>
<use>0</use>
<ownDataTypeParameters>,,</ownDataTypeParameters>
</Attribute>
<Attribute name="mp_monto" id="0CAFB3A9-C6F1-B024-28C3-AC85C5B6AA3D">
<createdBy>AntonioB</createdBy>
<createdTime>2020-12-19 23:49:16 UTC</createdTime>
<ownerDesignName>MR6_v3_20210109</ownerDesignName>
<engineerTo>
<item key="FD47ED64-2DA0-9308-D3B0-220639D09D6B" value="true"/>
</engineerTo>
<use>0</use>
<ownDataTypeParameters>,,</ownDataTypeParameters>
</Attribute>
<Attribute name="mp_cantidad" id="096CD186-F0C2-D415-1660-034140028F8C">
<createdBy>sgonzalez</createdBy>
<createdTime>2021-01-02 13:40:06 UTC</createdTime>
<ownerDesignName>MR6_v3_20210109</ownerDesignName>
<engineerTo>
<item key="FD47ED64-2DA0-9308-D3B0-220639D09D6B" value="true"/>
</engineerTo>
<nullsAllowed>true</nullsAllowed>
<use>0</use>
<ownDataTypeParameters>,,</ownDataTypeParameters>
</Attribute>
</attributes>
<identifiers itemClass="oracle.dbtools.crest.model.design.logical.CandidateKey">
<identifier id="AD18FB36-1120-BE27-53E1-63472D3DF873" name="MEDIO_PAGO_COMPRA PK">
<createdBy>AntonioB</createdBy>
<createdTime>2020-12-19 23:49:51 UTC</createdTime>
<ownerDesignName>MR6_v3_20210109</ownerDesignName>
<engineerTo>
<item key="FD47ED64-2DA0-9308-D3B0-220639D09D6B" value="true"/>
</engineerTo>
<pk>true</pk>
<usedAttributes>
<attributeRef>59C51711-4841-E668-3818-7D71CBBCEB21</attributeRef>
<attributeRef>BC4E8F6C-74FA-98A0-85B5-0B805CDE2A70</attributeRef>
<attributeRef>5B3E2ADC-7BCB-3AEC-9BB1-B67F57B1D8DC</attributeRef>
</usedAttributes>
</identifier>
</identifiers>
</Entity>