<?xml version = '1.0' encoding = 'UTF-8'?>
<Entity class="oracle.dbtools.crest.model.design.logical.Entity" directorySegmentName="seg_0" id="D791BB30-1D43-F02E-D092-4CF748475333" name="HORARIO">
<createdBy>AntonioB</createdBy>
<createdTime>2020-11-14 02:09:02 UTC</createdTime>
<ownerDesignName>MR6_v3_20210109</ownerDesignName>
<engineerTo>
<item key="FD47ED64-2DA0-9308-D3B0-220639D09D6B" value="true"/>
</engineerTo>
<adequatelyNormalized>NO</adequatelyNormalized>
<expectedVolumes>0</expectedVolumes>
<fwdEngineeringStrategyName>Single Table</fwdEngineeringStrategyName>
<growthPercent>0</growthPercent>
<growthType>Year</growthType>
<maxVolumes>9999999</maxVolumes>
<minVolumes>0</minVolumes>
<normalForm>Third</normalForm>
<attributes itemClass="oracle.dbtools.crest.model.design.logical.Attribute">
<Attribute name="ho_codigo" id="C2EAF6E2-C468-5AC7-41CA-FBA5D5991766">
<createdBy>AntonioB</createdBy>
<createdTime>2020-11-14 02:09:10 UTC</createdTime>
<ownerDesignName>MR6_v3_20210109</ownerDesignName>
<engineerTo>
<item key="FD47ED64-2DA0-9308-D3B0-220639D09D6B" value="true"/>
</engineerTo>
<use>0</use>
<ownDataTypeParameters>,,</ownDataTypeParameters>
</Attribute>
<Attribute name="ho_descripcion" id="3D730729-14C5-8861-D41B-F0154F99CE82">
<createdBy>sgonzalez</createdBy>
<createdTime>2021-01-02 16:27:54 UTC</createdTime>
<ownerDesignName>MR6_v3_20210109</ownerDesignName>
<engineerTo>
<item key="FD47ED64-2DA0-9308-D3B0-220639D09D6B" value="true"/>
</engineerTo>
<nullsAllowed>true</nullsAllowed>
<use>0</use>
<ownDataTypeParameters>,,</ownDataTypeParameters>
</Attribute>
<Attribute name="ho_dia" id="EF3CA6CA-30C9-8BE5-009E-0459C9558333">
<createdBy>AntonioB</createdBy>
<createdTime>2020-12-19 23:08:08 UTC</createdTime>
<ownerDesignName>MR6_v3_20210109</ownerDesignName>
<engineerTo>
<item key="FD47ED64-2DA0-9308-D3B0-220639D09D6B" value="true"/>
</engineerTo>
<use>0</use>
<ownDataTypeParameters>,,</ownDataTypeParameters>
</Attribute>
<Attribute name="ho_hora_entrada" id="F9807C93-60C8-1A80-E5FC-77A84E1DF1B1">
<createdBy>AntonioB</createdBy>
<createdTime>2020-11-24 19:53:17 UTC</createdTime>
<ownerDesignName>MR6_v3_20210109</ownerDesignName>
<engineerTo>
<item key="FD47ED64-2DA0-9308-D3B0-220639D09D6B" value="true"/>
</engineerTo>
<use>0</use>
<ownDataTypeParameters>,,</ownDataTypeParameters>
</Attribute>
<Attribute name="ho_hora_salida" id="59B24BD6-14C7-C3DB-54E6-E4110402DDA6">
<createdBy>AntonioB</createdBy>
<createdTime>2020-11-24 19:53:26 UTC</createdTime>
<ownerDesignName>MR6_v3_20210109</ownerDesignName>
<engineerTo>
<item key="FD47ED64-2DA0-9308-D3B0-220639D09D6B" value="true"/>
</engineerTo>
<use>0</use>
<ownDataTypeParameters>,,</ownDataTypeParameters>
</Attribute>
</attributes>
<identifiers itemClass="oracle.dbtools.crest.model.design.logical.CandidateKey">
<identifier id="CD18C37D-424F-4525-5E4F-DA421C74C468" name="horario PK">
<createdBy>AntonioB</createdBy>
<createdTime>2020-11-14 02:10:12 UTC</createdTime>
<ownerDesignName>MR6_v3_20210109</ownerDesignName>
<engineerTo>
<item key="FD47ED64-2DA0-9308-D3B0-220639D09D6B" value="true"/>
</engineerTo>
<pk>true</pk>
<usedAttributes>
<attributeRef>C2EAF6E2-C468-5AC7-41CA-FBA5D5991766</attributeRef>
</usedAttributes>
</identifier>
</identifiers>
</Entity>