<?xml version = '1.0' encoding = 'UTF-8'?>
<Entity class="oracle.dbtools.crest.model.design.logical.Entity" directorySegmentName="seg_0" id="EE7B0334-6C16-13CD-790A-BD3C0968C65A" name="PRIVILEGIO_ROL">
<createdBy>AntonioB</createdBy>
<createdTime>2020-12-20 03:18:05 UTC</createdTime>
<ownerDesignName>MR6_v3_20210109</ownerDesignName>
<engineerTo>
<item key="FD47ED64-2DA0-9308-D3B0-220639D09D6B" value="true"/>
</engineerTo>
<adequatelyNormalized>NO</adequatelyNormalized>
<expectedVolumes>0</expectedVolumes>
<fwdEngineeringStrategyName>Single Table</fwdEngineeringStrategyName>
<growthPercent>0</growthPercent>
<growthType>Year</growthType>
<maxVolumes>9999999</maxVolumes>
<minVolumes>0</minVolumes>
<normalForm>Third</normalForm>
<attributes itemClass="oracle.dbtools.crest.model.design.logical.Attribute">
<Attribute name="rol_codigo" id="884C4854-0A43-4FAF-599A-9E27A42F9587">
<createdBy>sgonzalez</createdBy>
<createdTime>2021-01-02 15:58:28 UTC</createdTime>
<generatorID>71EF8717-D3C3-C284-93B6-7AF670E7FDA4</generatorID>
<ownerDesignName>MR6_v3_20210109</ownerDesignName>
<engineerTo>
<item key="FD47ED64-2DA0-9308-D3B0-220639D09D6B" value="true"/>
</engineerTo>
<referedAttribute>CFED7DA8-BBD2-3C05-B0D8-9660D1AE087D</referedAttribute>
<use>0</use>
<ownDataTypeParameters>,,</ownDataTypeParameters>
</Attribute>
<Attribute name="pri_codigo" id="CE0CFB4C-3826-2579-D885-E096AAA21CCF">
<createdBy>sgonzalez</createdBy>
<createdTime>2021-01-05 13:40:12 UTC</createdTime>
<generatorID>C4AD3CAE-D611-4BA0-852E-02DB0B36CFEC</generatorID>
<ownerDesignName>MR6_v3_20210109</ownerDesignName>
<engineerTo>
<item key="FD47ED64-2DA0-9308-D3B0-220639D09D6B" value="true"/>
</engineerTo>
<referedAttribute>25D3F90C-AF5C-9B2C-ED44-FB2E9D7CA70A</referedAttribute>
<use>0</use>
<ownDataTypeParameters>,,</ownDataTypeParameters>
</Attribute>
</attributes>
<identifiers itemClass="oracle.dbtools.crest.model.design.logical.CandidateKey">
<identifier id="C19C7FF4-167B-94C7-1056-E997DC72EFF4" name="PRIVILEGIO_ROL PK">
<createdBy>sgonzalez</createdBy>
<createdTime>2021-01-02 15:58:12 UTC</createdTime>
<ownerDesignName>MR6_v3_20210109</ownerDesignName>
<engineerTo>
<item key="FD47ED64-2DA0-9308-D3B0-220639D09D6B" value="true"/>
</engineerTo>
<pk>true</pk>
<usedAttributes>
<attributeRef>884C4854-0A43-4FAF-599A-9E27A42F9587</attributeRef>
<attributeRef>CE0CFB4C-3826-2579-D885-E096AAA21CCF</attributeRef>
</usedAttributes>
</identifier>
</identifiers>
</Entity>