<?xml version = '1.0' encoding = 'UTF-8'?>
<Diagram class="oracle.dbtools.crest.swingui.logical.DPVLogical" name="Logical" id="0D8A0D20-DFB5-93CB-87C8-3AF4678B3529">
<createdBy>AntonioB</createdBy>
<modifiedBy>AntonioB</modifiedBy>
<createdTime>2020-11-13 01:41:17 UTC</createdTime>
<autoRoute>false</autoRoute>
<boxInbox>true</boxInbox>
<showLegend>false</showLegend>
<showLabels>false</showLabels>
<showRelAttributes>false</showRelAttributes>
<gridEnabled>false</gridEnabled>
<showGrid>false</showGrid>
<diagramColor>-1</diagramColor>
<display>false</display>
<notation>1</notation>
<objectViews>
<OView class="oracle.dbtools.crest.swingui.logical.TVEntity" oid="08DAB1BE-7719-4420-52CB-961CDDB076B4" otype="Entity" vid="111A8187-DBDD-3C59-91AB-F81903E633C3">
<hideElementsInCurrentOnly>false</hideElementsInCurrentOnly>
<bounds x="458" y="353" width="128" height="110"/>
</OView>
<OView class="oracle.dbtools.crest.swingui.logical.TVEntity" oid="0D4F9737-9F4D-CB38-7B15-BFB2100BDC2C" otype="Entity" vid="150667BB-7ADC-B04C-C3D4-D2E553EA0D2C">
<hideElementsInCurrentOnly>false</hideElementsInCurrentOnly>
<bounds x="1077" y="270" width="105" height="126"/>
</OView>
<OView class="oracle.dbtools.crest.swingui.logical.TVEntity" oid="14BFAA98-A671-C7B1-90D1-8FFA5768F3AE" otype="Entity" vid="405B3613-1DB6-7EA3-4D4F-7BC32C0BF552">
<hideElementsInCurrentOnly>false</hideElementsInCurrentOnly>
<bounds x="708" y="435" width="100" height="95"/>
</OView>
<OView class="oracle.dbtools.crest.swingui.logical.TVEntity" oid="14DAF8C6-92F7-67B2-FF7B-92C7FC013E71" otype="Entity" vid="98D2D71C-54EA-FE19-A3BA-8C05B4FFE461">
<hideElementsInCurrentOnly>false</hideElementsInCurrentOnly>
<bounds x="455" y="467" width="131" height="100"/>
</OView>
<OView class="oracle.dbtools.crest.swingui.logical.TVEntity" oid="18B31F8B-04FE-A11E-6A4B-D71352BEB222" otype="Entity" vid="5F049EEA-21B6-535E-1420-99D077A338C4">
<hideElementsInCurrentOnly>false</hideElementsInCurrentOnly>
<bounds x="78" y="179" width="135" height="43"/>
</OView>
<OView class="oracle.dbtools.crest.swingui.logical.TVEntity" oid="6287B417-F4CF-9E40-9015-102000CBE4DE" otype="Entity" vid="3BFB289C-0A00-34A7-9867-560D8B84ED49">
<hideElementsInCurrentOnly>false</hideElementsInCurrentOnly>
<bounds x="694" y="276" width="122" height="52"/>
</OView>
<OView class="oracle.dbtools.crest.swingui.logical.TVEntity" oid="7420E6B7-499E-F956-17A3-502E09F6174C" otype="Entity" vid="9FDBA55D-B11B-0B83-F942-33281FF559B0">
<hideElementsInCurrentOnly>false</hideElementsInCurrentOnly>
<bounds x="1065" y="171" width="131" height="43"/>
</OView>
<OView class="oracle.dbtools.crest.swingui.logical.TVEntity" oid="8CE6C662-E3F2-2FEF-5BAD-A476258BAC91" otype="Entity" vid="C6D07B24-C401-AAAA-B41D-0AC288171978">
<hideElementsInCurrentOnly>false</hideElementsInCurrentOnly>
<bounds x="87" y="347" width="111" height="122"/>
</OView>
<OView class="oracle.dbtools.crest.swingui.logical.TVEntity" oid="94B37113-2F0E-2241-EC38-0C857B384A06" otype="Entity" vid="E6B1B237-A641-7DAA-31A0-902CC0FFBAB4">
<hideElementsInCurrentOnly>false</hideElementsInCurrentOnly>
<bounds x="461" y="183" width="116" height="40"/>
</OView>
<OView class="oracle.dbtools.crest.swingui.logical.TVEntity" oid="9E89A288-A647-AEAD-86DB-1DDB06917845" otype="Entity" vid="7D593094-3F08-2734-3BE7-2AF1CB8B5452">
<hideElementsInCurrentOnly>false</hideElementsInCurrentOnly>
<bounds x="259" y="170" width="108" height="84"/>
</OView>
<OView class="oracle.dbtools.crest.swingui.logical.TVEntity" oid="A7A0BA2C-3708-4F25-3257-47AFC09A61FE" otype="Entity" vid="0A69165D-7E46-3E74-B99A-DF59FEDC054C">
<hideElementsInCurrentOnly>false</hideElementsInCurrentOnly>
<bounds x="468" y="585" width="108" height="43"/>
</OView>
<OView class="oracle.dbtools.crest.swingui.logical.TVEntity" oid="BC406C63-A7BB-A9BE-2404-603E3BDDAF12" otype="Entity" vid="02EB5241-BD3D-11DE-E1ED-2BD218329AB0">
<hideElementsInCurrentOnly>false</hideElementsInCurrentOnly>
<bounds x="890" y="282" width="119" height="42"/>
</OView>
<OView class="oracle.dbtools.crest.swingui.logical.TVEntity" oid="C0B6E5A0-495F-C0B9-856D-44330F9956B8" otype="Entity" vid="6D12E74F-64ED-8B93-656B-38800BB654F0">
<hideElementsInCurrentOnly>false</hideElementsInCurrentOnly>
<bounds x="1074" y="53" width="105" height="59"/>
</OView>
<OView class="oracle.dbtools.crest.swingui.logical.TVEntity" oid="C298CA42-98AC-87E7-F990-590B32BD89D6" otype="Entity" vid="2C9EB628-D64A-2CB8-0AC1-D270E11F0889">
<hideElementsInCurrentOnly>false</hideElementsInCurrentOnly>
<bounds x="438" y="244" width="164" height="333"/>
</OView>
<OView class="oracle.dbtools.crest.swingui.logical.TVEntity" oid="CB725B56-4E68-0149-3E44-AC301D1EB17F" otype="Entity" vid="73A04393-C38A-4ED0-B7F9-6472B0F59DBC">
<hideElementsInCurrentOnly>false</hideElementsInCurrentOnly>
<bounds x="261" y="295" width="99" height="43"/>
</OView>
<OView class="oracle.dbtools.crest.swingui.logical.TVEntity" oid="CE61BE2E-8668-90AE-5023-6FC4F7B12BDE" otype="Entity" vid="118FCEAE-56E9-3B5E-938E-3B04A7C2AFB7">
<hideElementsInCurrentOnly>false</hideElementsInCurrentOnly>
<bounds x="453" y="55" width="132" height="42"/>
</OView>
<OView class="oracle.dbtools.crest.swingui.logical.TVEntity" oid="D791BB30-1D43-F02E-D092-4CF748475333" otype="Entity" vid="EB7DB13C-702E-3EBD-F5A5-C01E107D7FE0">
<hideElementsInCurrentOnly>false</hideElementsInCurrentOnly>
<bounds x="1253" y="273" width="130" height="71"/>
</OView>
</objectViews>
<connectors>
<Connector class="oracle.dbtools.crest.swingui.logical.TVRelation" oid="03DE2280-3C18-0655-5B52-40C76DC95C04" otype="Relation" vid_source="6D12E74F-64ED-8B93-656B-38800BB654F0" vid_target="9FDBA55D-B11B-0B83-F942-33281FF559B0">
<hideElementsInCurrentOnly>false</hideElementsInCurrentOnly>
<backgroundColor>-16777216</backgroundColor>
<lineWidth>1</lineWidth>
<points>
<point x="1126" y="112"/>
<point x="1126" y="171"/>
</points>
</Connector>
<Connector class="oracle.dbtools.crest.swingui.logical.TVRelation" oid="0FF94F3B-8110-3307-141E-F8E6EC5288DC" otype="Relation" vid_source="7D593094-3F08-2734-3BE7-2AF1CB8B5452" vid_target="E6B1B237-A641-7DAA-31A0-902CC0FFBAB4">
<hideElementsInCurrentOnly>false</hideElementsInCurrentOnly>
<backgroundColor>-16777216</backgroundColor>
<lineWidth>1</lineWidth>
<points>
<point x="367" y="203"/>
<point x="461" y="203"/>
</points>
</Connector>
<Connector class="oracle.dbtools.crest.swingui.logical.TVRelation" oid="16130DD6-7FFB-110D-E7ED-5C393D97D5DC" otype="Relation" vid_source="7D593094-3F08-2734-3BE7-2AF1CB8B5452" vid_target="118FCEAE-56E9-3B5E-938E-3B04A7C2AFB7">
<hideElementsInCurrentOnly>false</hideElementsInCurrentOnly>
<backgroundColor>-16777216</backgroundColor>
<lineWidth>1</lineWidth>
<points>
<point x="309" y="170"/>
<point x="309" y="71"/>
<point x="453" y="71"/>
</points>
</Connector>
<Connector class="oracle.dbtools.crest.swingui.logical.TVRelation" oid="1B24D861-66FA-8524-CC5E-77AD0598B2AE" otype="Relation" vid_source="2C9EB628-D64A-2CB8-0AC1-D270E11F0889" vid_target="0A69165D-7E46-3E74-B99A-DF59FEDC054C">
<hideElementsInCurrentOnly>false</hideElementsInCurrentOnly>
<backgroundColor>-16777216</backgroundColor>
<lineWidth>1</lineWidth>
<points>
<point x="522" y="577"/>
<point x="522" y="585"/>
</points>
</Connector>
<Connector class="oracle.dbtools.crest.swingui.logical.TVRelation" oid="1DEF0346-E209-C5E5-E1CA-C1A6566A99DC" otype="Relation" vid_source="111A8187-DBDD-3C59-91AB-F81903E633C3" vid_target="405B3613-1DB6-7EA3-4D4F-7BC32C0BF552">
<hideElementsInCurrentOnly>false</hideElementsInCurrentOnly>
<backgroundColor>-16777216</backgroundColor>
<lineWidth>1</lineWidth>
<points>
<point x="586" y="449"/>
<point x="708" y="449"/>
</points>
</Connector>
<Connector class="oracle.dbtools.crest.swingui.logical.TVRelation" oid="2168D4E7-619C-2555-F040-8C0D70B1A773" otype="Relation" vid_source="2C9EB628-D64A-2CB8-0AC1-D270E11F0889" vid_target="73A04393-C38A-4ED0-B7F9-6472B0F59DBC">
<hideElementsInCurrentOnly>false</hideElementsInCurrentOnly>
<backgroundColor>-16777216</backgroundColor>
<lineWidth>1</lineWidth>
<points>
<point x="438" y="316"/>
<point x="360" y="316"/>
</points>
</Connector>
<Connector class="oracle.dbtools.crest.swingui.logical.TVRelation" oid="2430DBB0-5611-B64D-18D7-5C8A8F62056B" otype="Relation" vid_source="3BFB289C-0A00-34A7-9867-560D8B84ED49" vid_target="E6B1B237-A641-7DAA-31A0-902CC0FFBAB4">
<hideElementsInCurrentOnly>false</hideElementsInCurrentOnly>
<backgroundColor>-16777216</backgroundColor>
<lineWidth>1</lineWidth>
<points>
<point x="752" y="276"/>
<point x="752" y="200"/>
<point x="577" y="200"/>
</points>
</Connector>
<Connector class="oracle.dbtools.crest.swingui.logical.TVRelation" oid="2F4387CD-BF12-7F62-7F4A-96E391DE17FB" otype="Relation" vid_source="7D593094-3F08-2734-3BE7-2AF1CB8B5452" vid_target="73A04393-C38A-4ED0-B7F9-6472B0F59DBC">
<hideElementsInCurrentOnly>false</hideElementsInCurrentOnly>
<backgroundColor>-16777216</backgroundColor>
<lineWidth>1</lineWidth>
<points>
<point x="310" y="254"/>
<point x="310" y="295"/>
</points>
</Connector>
<Connector class="oracle.dbtools.crest.swingui.logical.TVInheritanceRelation" oid="590F30CE-9115-EB48-0B17-4AA7E02516B2" otype="Hierarchy relation" vid_source="2C9EB628-D64A-2CB8-0AC1-D270E11F0889" vid_target="111A8187-DBDD-3C59-91AB-F81903E633C3">
<hideElementsInCurrentOnly>false</hideElementsInCurrentOnly>
<backgroundColor>-65536</backgroundColor>
<lineWidth>1</lineWidth>
</Connector>
<Connector class="oracle.dbtools.crest.swingui.logical.TVRelation" oid="668CD513-46B4-181E-1D16-915E23D53E5C" otype="Relation" vid_source="7D593094-3F08-2734-3BE7-2AF1CB8B5452" vid_target="5F049EEA-21B6-535E-1420-99D077A338C4">
<hideElementsInCurrentOnly>false</hideElementsInCurrentOnly>
<backgroundColor>-16777216</backgroundColor>
<lineWidth>1</lineWidth>
<points>
<point x="259" y="200"/>
<point x="213" y="200"/>
</points>
</Connector>
<Connector class="oracle.dbtools.crest.swingui.logical.TVRelation" oid="8502D17C-F65C-9160-DDD3-6E3C216364F8" otype="Relation" vid_source="3BFB289C-0A00-34A7-9867-560D8B84ED49" vid_target="405B3613-1DB6-7EA3-4D4F-7BC32C0BF552">
<hideElementsInCurrentOnly>false</hideElementsInCurrentOnly>
<backgroundColor>-16777216</backgroundColor>
<lineWidth>1</lineWidth>
<points>
<point x="743" y="328"/>
<point x="743" y="435"/>
</points>
</Connector>
<Connector class="oracle.dbtools.crest.swingui.logical.TVRelation" oid="8A78F3F7-8594-A7E3-47A9-9D610B9A4F5C" otype="Relation" vid_source="98D2D71C-54EA-FE19-A3BA-8C05B4FFE461" vid_target="405B3613-1DB6-7EA3-4D4F-7BC32C0BF552">
<hideElementsInCurrentOnly>false</hideElementsInCurrentOnly>
<backgroundColor>-16777216</backgroundColor>
<lineWidth>1</lineWidth>
<points>
<point x="586" y="513"/>
<point x="708" y="513"/>
</points>
</Connector>
<Connector class="oracle.dbtools.crest.swingui.logical.TVRelation" oid="8B3882AF-C8CD-7220-4E81-3F8DA85388C6" otype="Relation" vid_source="6D12E74F-64ED-8B93-656B-38800BB654F0" vid_target="405B3613-1DB6-7EA3-4D4F-7BC32C0BF552">
<hideElementsInCurrentOnly>false</hideElementsInCurrentOnly>
<backgroundColor>-16777216</backgroundColor>
<lineWidth>1</lineWidth>
<points>
<point x="1179" y="78"/>
<point x="1411" y="78"/>
<point x="1415" y="473"/>
<point x="808" y="473"/>
</points>
</Connector>
<Connector class="oracle.dbtools.crest.swingui.logical.TVRelation" oid="8D216885-47BA-854A-E947-EC3567B861A8" otype="Relation" vid_source="C6D07B24-C401-AAAA-B41D-0AC288171978" vid_target="5F049EEA-21B6-535E-1420-99D077A338C4">
<hideElementsInCurrentOnly>false</hideElementsInCurrentOnly>
<backgroundColor>-16777216</backgroundColor>
<lineWidth>1</lineWidth>
<points>
<point x="142" y="347"/>
<point x="142" y="222"/>
</points>
</Connector>
<Connector class="oracle.dbtools.crest.swingui.logical.TVRelation" oid="8E2B18C2-4C1B-109A-A793-A82CEF6DEC64" otype="Relation" vid_source="150667BB-7ADC-B04C-C3D4-D2E553EA0D2C" vid_target="02EB5241-BD3D-11DE-E1ED-2BD218329AB0">
<hideElementsInCurrentOnly>false</hideElementsInCurrentOnly>
<backgroundColor>-16777216</backgroundColor>
<lineWidth>1</lineWidth>
<points>
<point x="1077" y="303"/>
<point x="1009" y="303"/>
</points>
</Connector>
<Connector class="oracle.dbtools.crest.swingui.logical.TVRelation" oid="904786D5-AF78-0D58-95AE-F6FDFBAF65D2" otype="Relation" vid_source="150667BB-7ADC-B04C-C3D4-D2E553EA0D2C" vid_target="9FDBA55D-B11B-0B83-F942-33281FF559B0">
<hideElementsInCurrentOnly>false</hideElementsInCurrentOnly>
<backgroundColor>-16777216</backgroundColor>
<lineWidth>1</lineWidth>
<points>
<point x="1129" y="270"/>
<point x="1129" y="214"/>
</points>
</Connector>
<Connector class="oracle.dbtools.crest.swingui.logical.TVInheritanceRelation" oid="94E303AF-7202-1426-4713-4FCC33794EC8" otype="Hierarchy relation" vid_source="2C9EB628-D64A-2CB8-0AC1-D270E11F0889" vid_target="98D2D71C-54EA-FE19-A3BA-8C05B4FFE461">
<hideElementsInCurrentOnly>false</hideElementsInCurrentOnly>
<backgroundColor>-65536</backgroundColor>
<lineWidth>1</lineWidth>
</Connector>
<Connector class="oracle.dbtools.crest.swingui.logical.TVRelation" oid="A1829CBD-BCAC-A840-4B83-4A33ABFC1435" otype="Relation" vid_source="6D12E74F-64ED-8B93-656B-38800BB654F0" vid_target="118FCEAE-56E9-3B5E-938E-3B04A7C2AFB7">
<hideElementsInCurrentOnly>false</hideElementsInCurrentOnly>
<backgroundColor>-16777216</backgroundColor>
<lineWidth>1</lineWidth>
<points>
<point x="1074" y="76"/>
<point x="585" y="76"/>
</points>
</Connector>
<Connector class="oracle.dbtools.crest.swingui.logical.TVRelation" oid="C8C35D7A-ED39-0DBF-9297-41C3246359C5" otype="Relation" vid_source="EB7DB13C-702E-3EBD-F5A5-C01E107D7FE0" vid_target="150667BB-7ADC-B04C-C3D4-D2E553EA0D2C">
<hideElementsInCurrentOnly>false</hideElementsInCurrentOnly>
<backgroundColor>-16777216</backgroundColor>
<lineWidth>1</lineWidth>
<points>
<point x="1253" y="308"/>
<point x="1182" y="308"/>
</points>
</Connector>
<Connector class="oracle.dbtools.crest.swingui.logical.TVRelation" oid="CE32D9AE-E083-8739-76A5-E449053FB928" otype="Relation" vid_source="C6D07B24-C401-AAAA-B41D-0AC288171978" vid_target="405B3613-1DB6-7EA3-4D4F-7BC32C0BF552">
<hideElementsInCurrentOnly>false</hideElementsInCurrentOnly>
<backgroundColor>-16777216</backgroundColor>
<lineWidth>1</lineWidth>
<points>
<point x="149" y="469"/>
<point x="149" y="685"/>
<point x="737" y="686"/>
<point x="737" y="530"/>
</points>
</Connector>
<Connector class="oracle.dbtools.crest.swingui.logical.TVRelation" oid="D02B49DD-CB14-52F5-3C5D-4B245B29182A" otype="Relation" vid_source="405B3613-1DB6-7EA3-4D4F-7BC32C0BF552" vid_target="405B3613-1DB6-7EA3-4D4F-7BC32C0BF552">
<hideElementsInCurrentOnly>false</hideElementsInCurrentOnly>
<backgroundColor>-16777216</backgroundColor>
<lineWidth>1</lineWidth>
<points>
<point x="808" y="495"/>
<point x="833" y="495"/>
<point x="833" y="561"/>
<point x="766" y="561"/>
<point x="766" y="530"/>
</points>
</Connector>
<Connector class="oracle.dbtools.crest.swingui.logical.TVRelation" oid="D6CF510B-DB76-F2D5-3322-64FA4BE16B2E" otype="Relation" vid_source="98D2D71C-54EA-FE19-A3BA-8C05B4FFE461" vid_target="405B3613-1DB6-7EA3-4D4F-7BC32C0BF552">
<hideElementsInCurrentOnly>false</hideElementsInCurrentOnly>
<backgroundColor>-16777216</backgroundColor>
<lineWidth>1</lineWidth>
<points>
<point x="586" y="498"/>
<point x="708" y="498"/>
</points>
</Connector>
<Connector class="oracle.dbtools.crest.swingui.logical.TVRelation" oid="DA8D6187-A0D3-35A7-2975-0CAB30F85786" otype="Relation" vid_source="3BFB289C-0A00-34A7-9867-560D8B84ED49" vid_target="2C9EB628-D64A-2CB8-0AC1-D270E11F0889">
<hideElementsInCurrentOnly>false</hideElementsInCurrentOnly>
<backgroundColor>-16777216</backgroundColor>
<lineWidth>1</lineWidth>
<points>
<point x="694" y="302"/>
<point x="602" y="302"/>
</points>
</Connector>
<Connector class="oracle.dbtools.crest.swingui.logical.TVRelation" oid="F6FD3398-14F2-18A8-56AA-FBF9AA9EDFD7" otype="Relation" vid_source="150667BB-7ADC-B04C-C3D4-D2E553EA0D2C" vid_target="150667BB-7ADC-B04C-C3D4-D2E553EA0D2C">
<hideElementsInCurrentOnly>false</hideElementsInCurrentOnly>
<backgroundColor>-16777216</backgroundColor>
<lineWidth>1</lineWidth>
<points>
<point x="1182" y="332"/>
<point x="1207" y="332"/>
<point x="1206" y="417"/>
<point x="1137" y="416"/>
<point x="1137" y="396"/>
</points>
</Connector>
<Connector class="oracle.dbtools.crest.swingui.logical.TVRelation" oid="FB54216D-0215-D639-C7D6-9EC356F120D1" otype="Relation" vid_source="3BFB289C-0A00-34A7-9867-560D8B84ED49" vid_target="02EB5241-BD3D-11DE-E1ED-2BD218329AB0">
<hideElementsInCurrentOnly>false</hideElementsInCurrentOnly>
<backgroundColor>-16777216</backgroundColor>
<lineWidth>1</lineWidth>
<points>
<point x="816" y="303"/>
<point x="890" y="303"/>
</points>
</Connector>
</connectors>
</Diagram>