<?xml version = '1.0' encoding = 'UTF-8'?>
<Relation class="oracle.dbtools.crest.model.design.logical.Relation" name="Relation_34" directorySegmentName="seg_0" id="03DE2280-3C18-0655-5B52-40C76DC95C04">
<createdBy>AntonioB</createdBy>
<createdTime>2020-11-14 02:16:45 UTC</createdTime>
<ownerDesignName>dpro</ownerDesignName>
<engineerTo>
<item key="3AFBB32C-D99B-4C0E-6DA7-236BDEE0262F" value="true"/>
</engineerTo>
<sourcePk>BDB6DF55-0221-3509-13A9-D4157CB19027</sourcePk>
<identifying>true</identifying>
<optionalSource>true</optionalSource>
<optionalTarget>false</optionalTarget>
<sourceCardinality>1</sourceCardinality>
<sourceEntity>C0B6E5A0-495F-C0B9-856D-44330F9956B8</sourceEntity>
<targetCardinalityString>*</targetCardinalityString>
<targetEntity>7420E6B7-499E-F956-17A3-502E09F6174C</targetEntity>
<transferable>true</transferable>
<deleteRule>NO ACTION</deleteRule>
</Relation>