<?xml version = '1.0' encoding = 'UTF-8'?>
<Relation class="oracle.dbtools.crest.model.design.logical.Relation" name="Relation_23" directorySegmentName="seg_0" id="2168D4E7-619C-2555-F040-8C0D70B1A773">
<createdBy>AntonioB</createdBy>
<createdTime>2020-11-14 01:50:56 UTC</createdTime>
<ownerDesignName>dpro</ownerDesignName>
<engineerTo>
<item key="3AFBB32C-D99B-4C0E-6DA7-236BDEE0262F" value="true"/>
</engineerTo>
<sourcePk>6D17CE1D-4E66-B1CC-7934-FC9B5F9FE0F1</sourcePk>
<identifying>true</identifying>
<optionalSource>true</optionalSource>
<optionalTarget>false</optionalTarget>
<sourceCardinality>1</sourceCardinality>
<sourceEntity>C298CA42-98AC-87E7-F990-590B32BD89D6</sourceEntity>
<targetCardinalityString>*</targetCardinalityString>
<targetEntity>CB725B56-4E68-0149-3E44-AC301D1EB17F</targetEntity>
<transferable>true</transferable>
<deleteRule>NO ACTION</deleteRule>
</Relation>