<?xml version = '1.0' encoding = 'UTF-8'?>
<Relation class="oracle.dbtools.crest.model.design.logical.Relation" name="Relation_24" directorySegmentName="seg_0" id="2430DBB0-5611-B64D-18D7-5C8A8F62056B">
<createdBy>AntonioB</createdBy>
<createdTime>2020-11-14 01:53:24 UTC</createdTime>
<ownerDesignName>dpro</ownerDesignName>
<engineerTo>
<item key="3AFBB32C-D99B-4C0E-6DA7-236BDEE0262F" value="true"/>
</engineerTo>
<sourcePk>BBD5F155-40D4-19AE-D241-1BAD6AC3D3BE</sourcePk>
<identifying>true</identifying>
<optionalSource>true</optionalSource>
<optionalTarget>false</optionalTarget>
<sourceCardinality>1</sourceCardinality>
<sourceEntity>6287B417-F4CF-9E40-9015-102000CBE4DE</sourceEntity>
<targetCardinalityString>*</targetCardinalityString>
<targetEntity>94B37113-2F0E-2241-EC38-0C857B384A06</targetEntity>
<transferable>true</transferable>
<deleteRule>NO ACTION</deleteRule>
</Relation>