<?xml version = '1.0' encoding = 'UTF-8'?>
<Relation class="oracle.dbtools.crest.model.design.logical.Relation" name="Relation_22" directorySegmentName="seg_0" id="668CD513-46B4-181E-1D16-915E23D53E5C">
<createdBy>AntonioB</createdBy>
<createdTime>2020-11-14 01:50:37 UTC</createdTime>
<ownerDesignName>dpro</ownerDesignName>
<engineerTo>
<item key="3AFBB32C-D99B-4C0E-6DA7-236BDEE0262F" value="true"/>
</engineerTo>
<sourcePk>185A85D0-9F8B-3CFB-ABA7-CC3F8C70BF9B</sourcePk>
<identifying>true</identifying>
<optionalSource>true</optionalSource>
<optionalTarget>false</optionalTarget>
<sourceCardinality>1</sourceCardinality>
<sourceEntity>9E89A288-A647-AEAD-86DB-1DDB06917845</sourceEntity>
<targetCardinalityString>*</targetCardinalityString>
<targetEntity>18B31F8B-04FE-A11E-6A4B-D71352BEB222</targetEntity>
<transferable>true</transferable>
<deleteRule>NO ACTION</deleteRule>
</Relation>