<?xml version = '1.0' encoding = 'UTF-8'?>
<Relation class="oracle.dbtools.crest.model.design.logical.Relation" name="Relation_13" directorySegmentName="seg_0" id="8A78F3F7-8594-A7E3-47A9-9D610B9A4F5C">
<createdBy>AntonioB</createdBy>
<createdTime>2020-11-14 01:36:11 UTC</createdTime>
<ownerDesignName>dpro</ownerDesignName>
<engineerTo>
<item key="3AFBB32C-D99B-4C0E-6DA7-236BDEE0262F" value="true"/>
</engineerTo>
<sourcePk>97447346-D4C1-5277-3A72-D5CE70D3D909</sourcePk>
<identifying>false</identifying>
<optionalSource>true</optionalSource>
<optionalTarget>false</optionalTarget>
<sourceCardinality>1</sourceCardinality>
<sourceEntity>14DAF8C6-92F7-67B2-FF7B-92C7FC013E71</sourceEntity>
<targetCardinalityString>1</targetCardinalityString>
<targetEntity>14BFAA98-A671-C7B1-90D1-8FFA5768F3AE</targetEntity>
<transferable>true</transferable>
<deleteRule>NO ACTION</deleteRule>
</Relation>