<?xml version = '1.0' encoding = 'UTF-8'?>
<Relation class="oracle.dbtools.crest.model.design.logical.Relation" name="Relation_21" directorySegmentName="seg_0" id="8D216885-47BA-854A-E947-EC3567B861A8">
<createdBy>AntonioB</createdBy>
<createdTime>2020-11-14 01:50:32 UTC</createdTime>
<ownerDesignName>dpro</ownerDesignName>
<engineerTo>
<item key="3AFBB32C-D99B-4C0E-6DA7-236BDEE0262F" value="true"/>
</engineerTo>
<sourcePk>E7ECD410-4FAE-B8B4-E4A3-4DDBFBD01A31</sourcePk>
<identifying>true</identifying>
<optionalSource>true</optionalSource>
<optionalTarget>false</optionalTarget>
<sourceCardinality>1</sourceCardinality>
<sourceEntity>8CE6C662-E3F2-2FEF-5BAD-A476258BAC91</sourceEntity>
<targetCardinalityString>*</targetCardinalityString>
<targetEntity>18B31F8B-04FE-A11E-6A4B-D71352BEB222</targetEntity>
<transferable>true</transferable>
<deleteRule>NO ACTION</deleteRule>
</Relation>