<?xml version = '1.0' encoding = 'UTF-8'?>
<Relation class="oracle.dbtools.crest.model.design.logical.Relation" name="Relation_37" directorySegmentName="seg_0" id="8E2B18C2-4C1B-109A-A793-A82CEF6DEC64">
<createdBy>AntonioB</createdBy>
<createdTime>2020-11-14 02:17:52 UTC</createdTime>
<ownerDesignName>dpro</ownerDesignName>
<engineerTo>
<item key="3AFBB32C-D99B-4C0E-6DA7-236BDEE0262F" value="true"/>
</engineerTo>
<sourcePk>B1323973-45D3-744F-9F24-DD21E2C6D477</sourcePk>
<identifying>true</identifying>
<optionalSource>true</optionalSource>
<optionalTarget>false</optionalTarget>
<sourceCardinality>1</sourceCardinality>
<sourceEntity>0D4F9737-9F4D-CB38-7B15-BFB2100BDC2C</sourceEntity>
<targetCardinalityString>*</targetCardinalityString>
<targetEntity>BC406C63-A7BB-A9BE-2404-603E3BDDAF12</targetEntity>
<transferable>true</transferable>
<deleteRule>NO ACTION</deleteRule>
</Relation>