<?xml version = '1.0' encoding = 'UTF-8'?>
<Relation class="oracle.dbtools.crest.model.design.logical.Relation" name="Relation_35" directorySegmentName="seg_0" id="904786D5-AF78-0D58-95AE-F6FDFBAF65D2">
<createdBy>AntonioB</createdBy>
<createdTime>2020-11-14 02:16:51 UTC</createdTime>
<ownerDesignName>dpro</ownerDesignName>
<engineerTo>
<item key="3AFBB32C-D99B-4C0E-6DA7-236BDEE0262F" value="true"/>
</engineerTo>
<sourcePk>B1323973-45D3-744F-9F24-DD21E2C6D477</sourcePk>
<identifying>true</identifying>
<optionalSource>true</optionalSource>
<optionalTarget>false</optionalTarget>
<sourceCardinality>1</sourceCardinality>
<sourceEntity>0D4F9737-9F4D-CB38-7B15-BFB2100BDC2C</sourceEntity>
<targetCardinalityString>*</targetCardinalityString>
<targetEntity>7420E6B7-499E-F956-17A3-502E09F6174C</targetEntity>
<transferable>true</transferable>
<deleteRule>NO ACTION</deleteRule>
</Relation>