<?xml version = '1.0' encoding = 'UTF-8'?>
<Relation class="oracle.dbtools.crest.model.design.logical.Relation" name="Relation_32" directorySegmentName="seg_0" id="A1829CBD-BCAC-A840-4B83-4A33ABFC1435">
<createdBy>AntonioB</createdBy>
<createdTime>2020-11-14 02:13:17 UTC</createdTime>
<ownerDesignName>dpro</ownerDesignName>
<engineerTo>
<item key="3AFBB32C-D99B-4C0E-6DA7-236BDEE0262F" value="true"/>
</engineerTo>
<sourcePk>BDB6DF55-0221-3509-13A9-D4157CB19027</sourcePk>
<identifying>true</identifying>
<optionalSource>true</optionalSource>
<optionalTarget>false</optionalTarget>
<sourceCardinality>1</sourceCardinality>
<sourceEntity>C0B6E5A0-495F-C0B9-856D-44330F9956B8</sourceEntity>
<targetCardinalityString>*</targetCardinalityString>
<targetEntity>CE61BE2E-8668-90AE-5023-6FC4F7B12BDE</targetEntity>
<transferable>true</transferable>
<deleteRule>NO ACTION</deleteRule>
</Relation>