<?xml version = '1.0' encoding = 'UTF-8'?>
<Relation class="oracle.dbtools.crest.model.design.logical.Relation" name="Relation_29" directorySegmentName="seg_0" id="C8C35D7A-ED39-0DBF-9297-41C3246359C5">
<createdBy>AntonioB</createdBy>
<createdTime>2020-11-14 02:09:59 UTC</createdTime>
<ownerDesignName>dpro</ownerDesignName>
<engineerTo>
<item key="3AFBB32C-D99B-4C0E-6DA7-236BDEE0262F" value="true"/>
</engineerTo>
<sourcePk>CD18C37D-424F-4525-5E4F-DA421C74C468</sourcePk>
<identifying>false</identifying>
<optionalSource>true</optionalSource>
<optionalTarget>false</optionalTarget>
<sourceCardinality>1</sourceCardinality>
<sourceEntity>D791BB30-1D43-F02E-D092-4CF748475333</sourceEntity>
<targetCardinalityString>*</targetCardinalityString>
<targetEntity>0D4F9737-9F4D-CB38-7B15-BFB2100BDC2C</targetEntity>
<transferable>true</transferable>
<deleteRule>NO ACTION</deleteRule>
</Relation>