<?xml version = '1.0' encoding = 'UTF-8'?>
<Relation class="oracle.dbtools.crest.model.design.logical.Relation" name="Relation_26" directorySegmentName="seg_0" id="CE32D9AE-E083-8739-76A5-E449053FB928">
<createdBy>AntonioB</createdBy>
<createdTime>2020-11-14 01:59:52 UTC</createdTime>
<ownerDesignName>dpro</ownerDesignName>
<engineerTo>
<item key="3AFBB32C-D99B-4C0E-6DA7-236BDEE0262F" value="true"/>
</engineerTo>
<sourcePk>E7ECD410-4FAE-B8B4-E4A3-4DDBFBD01A31</sourcePk>
<identifying>false</identifying>
<optionalSource>true</optionalSource>
<optionalTarget>false</optionalTarget>
<sourceCardinality>1</sourceCardinality>
<sourceEntity>8CE6C662-E3F2-2FEF-5BAD-A476258BAC91</sourceEntity>
<targetCardinalityString>1</targetCardinalityString>
<targetEntity>14BFAA98-A671-C7B1-90D1-8FFA5768F3AE</targetEntity>
<transferable>true</transferable>
<deleteRule>NO ACTION</deleteRule>
</Relation>