<?xml version = '1.0' encoding = 'UTF-8'?>
<Relation class="oracle.dbtools.crest.model.design.logical.Relation" name="Relation_36" directorySegmentName="seg_0" id="FB54216D-0215-D639-C7D6-9EC356F120D1">
<createdBy>AntonioB</createdBy>
<createdTime>2020-11-14 02:17:46 UTC</createdTime>
<ownerDesignName>dpro</ownerDesignName>
<engineerTo>
<item key="3AFBB32C-D99B-4C0E-6DA7-236BDEE0262F" value="true"/>
</engineerTo>
<sourcePk>BBD5F155-40D4-19AE-D241-1BAD6AC3D3BE</sourcePk>
<identifying>true</identifying>
<optionalSource>true</optionalSource>
<optionalTarget>false</optionalTarget>
<sourceCardinality>1</sourceCardinality>
<sourceEntity>6287B417-F4CF-9E40-9015-102000CBE4DE</sourceEntity>
<targetCardinalityString>*</targetCardinalityString>
<targetEntity>BC406C63-A7BB-A9BE-2404-603E3BDDAF12</targetEntity>
<transferable>true</transferable>
<deleteRule>NO ACTION</deleteRule>
</Relation>