<?xml version = '1.0' encoding = 'UTF-8'?>
<Relation class="oracle.dbtools.crest.model.design.logical.Relation" name="altera" directorySegmentName="seg_0" id="489C6A8A-4DA0-2743-AC80-F5040AA658CE">
<createdBy>AntonioB</createdBy>
<createdTime>2020-11-24 19:56:00 UTC</createdTime>
<ownerDesignName>DPRO</ownerDesignName>
<engineerTo>
<item key="FD47ED64-2DA0-9308-D3B0-220639D09D6B" value="true"/>
</engineerTo>
<sourcePk>B1323973-45D3-744F-9F24-DD21E2C6D477</sourcePk>
<identifying>false</identifying>
<optionalSource>false</optionalSource>
<optionalTarget>false</optionalTarget>
<sourceCardinality>1</sourceCardinality>
<sourceEntity>0D4F9737-9F4D-CB38-7B15-BFB2100BDC2C</sourceEntity>
<targetCardinalityString>*</targetCardinalityString>
<targetEntity>8BC969D3-6D55-96FB-0E39-BAB9F77653AB</targetEntity>
<transferable>true</transferable>
<deleteRule>NO ACTION</deleteRule>
</Relation>