<?xml version = '1.0' encoding = 'UTF-8'?>
<Relation class="oracle.dbtools.crest.model.design.logical.Relation" name="Relation_73" directorySegmentName="seg_0" id="66EC6E1F-1635-7B16-0FB0-EA2606AE996A">
<createdBy>AntonioB</createdBy>
<createdTime>2020-11-25 02:47:20 UTC</createdTime>
<ownerDesignName>DPRO</ownerDesignName>
<engineerTo>
<item key="FD47ED64-2DA0-9308-D3B0-220639D09D6B" value="true"/>
</engineerTo>
<sourcePk>BBD5F155-40D4-19AE-D241-1BAD6AC3D3BE</sourcePk>
<identifying>false</identifying>
<optionalSource>true</optionalSource>
<optionalTarget>false</optionalTarget>
<sourceCardinality>1</sourceCardinality>
<sourceEntity>6287B417-F4CF-9E40-9015-102000CBE4DE</sourceEntity>
<targetCardinalityString>*</targetCardinalityString>
<targetEntity>0D4F9737-9F4D-CB38-7B15-BFB2100BDC2C</targetEntity>
<transferable>true</transferable>
<deleteRule>NO ACTION</deleteRule>
</Relation>