<?xml version = '1.0' encoding = 'UTF-8'?>
<Relation class="oracle.dbtools.crest.model.design.logical.Relation" name="Relation_57" directorySegmentName="seg_0" id="C0354806-B3E1-231B-0711-071BF9A95091">
<createdBy>AntonioB</createdBy>
<createdTime>2020-11-24 23:19:08 UTC</createdTime>
<ownerDesignName>DPRO</ownerDesignName>
<engineerTo>
<item key="FD47ED64-2DA0-9308-D3B0-220639D09D6B" value="true"/>
</engineerTo>
<sourcePk>2D393F9B-458A-E17C-4CB4-9FEA80AE4DCE</sourcePk>
<identifying>true</identifying>
<optionalSource>true</optionalSource>
<optionalTarget>false</optionalTarget>
<sourceCardinality>1</sourceCardinality>
<sourceEntity>CB725B56-4E68-0149-3E44-AC301D1EB17F</sourceEntity>
<targetCardinalityString>*</targetCardinalityString>
<targetEntity>AE90CC7B-8ADA-9839-CAD2-E870A51F39D3</targetEntity>
<transferable>true</transferable>
<deleteRule>NO ACTION</deleteRule>
</Relation>