<?xml version = '1.0' encoding = 'UTF-8'?>
<Relation class="oracle.dbtools.crest.model.design.logical.Relation" name="Relation_69" directorySegmentName="seg_0" id="C6EB0182-49D8-FE6E-1E3C-29B96435B786">
<createdBy>AntonioB</createdBy>
<createdTime>2020-11-25 02:26:21 UTC</createdTime>
<ownerDesignName>DPRO</ownerDesignName>
<engineerTo>
<item key="FD47ED64-2DA0-9308-D3B0-220639D09D6B" value="true"/>
</engineerTo>
<sourcePk>6D17CE1D-4E66-B1CC-7934-FC9B5F9FE0F1</sourcePk>
<arc>42E2FB7B-C15C-3218-09FB-0F9FAFFCA948</arc>
<identifying>false</identifying>
<optionalSource>true</optionalSource>
<optionalTarget>false</optionalTarget>
<sourceCardinality>1</sourceCardinality>
<sourceEntity>C298CA42-98AC-87E7-F990-590B32BD89D6</sourceEntity>
<targetCardinalityString>*</targetCardinalityString>
<targetEntity>AAFBAAD8-CD14-D86A-A275-6879B7189386</targetEntity>
<transferable>true</transferable>
<deleteRule>NO ACTION</deleteRule>
</Relation>