<?xml version = '1.0' encoding = 'UTF-8'?>
<Relation class="oracle.dbtools.crest.model.design.logical.Relation" name="Relation_65" directorySegmentName="seg_0" id="C8335FEE-6BF5-8C9B-62FF-1399E4AF35D8">
<createdBy>AntonioB</createdBy>
<createdTime>2020-11-24 23:51:38 UTC</createdTime>
<ownerDesignName>DPRO</ownerDesignName>
<engineerTo>
<item key="FD47ED64-2DA0-9308-D3B0-220639D09D6B" value="true"/>
</engineerTo>
<sourcePk>AC8FF30E-D001-6D5B-9242-C89534DDDA56</sourcePk>
<identifying>false</identifying>
<optionalSource>true</optionalSource>
<optionalTarget>false</optionalTarget>
<sourceCardinality>1</sourceCardinality>
<sourceEntity>14BFAA98-A671-C7B1-90D1-8FFA5768F3AE</sourceEntity>
<targetCardinalityString>*</targetCardinalityString>
<targetEntity>6287B417-F4CF-9E40-9015-102000CBE4DE</targetEntity>
<transferable>true</transferable>
<deleteRule>NO ACTION</deleteRule>
</Relation>