<?xml version = '1.0' encoding = 'UTF-8'?>
<Relation class="oracle.dbtools.crest.model.design.logical.Relation" name="Relation_58" directorySegmentName="seg_0" id="CB031009-4E68-227D-F011-BB3A1970675E">
<createdBy>AntonioB</createdBy>
<createdTime>2020-11-24 23:48:16 UTC</createdTime>
<ownerDesignName>DPRO</ownerDesignName>
<engineerTo>
<item key="FD47ED64-2DA0-9308-D3B0-220639D09D6B" value="true"/>
</engineerTo>
<sourcePk>AC8FF30E-D001-6D5B-9242-C89534DDDA56</sourcePk>
<identifying>false</identifying>
<optionalSource>true</optionalSource>
<optionalTarget>false</optionalTarget>
<sourceCardinality>1</sourceCardinality>
<sourceEntity>14BFAA98-A671-C7B1-90D1-8FFA5768F3AE</sourceEntity>
<targetCardinalityString>*</targetCardinalityString>
<targetEntity>8CE6C662-E3F2-2FEF-5BAD-A476258BAC91</targetEntity>
<transferable>true</transferable>
<deleteRule>NO ACTION</deleteRule>
</Relation>