<?xml version = '1.0' encoding = 'UTF-8'?>
<Relation class="oracle.dbtools.crest.model.design.logical.Relation" name="Relation_45" directorySegmentName="seg_0" id="D7ACAA82-4AC1-1B7B-2ABF-0EC635742D60">
<createdBy>AntonioB</createdBy>
<createdTime>2020-11-26 02:35:31 UTC</createdTime>
<ownerDesignName>DPRO</ownerDesignName>
<engineerTo>
<item key="FD47ED64-2DA0-9308-D3B0-220639D09D6B" value="true"/>
</engineerTo>
<sourcePk>185A85D0-9F8B-3CFB-ABA7-CC3F8C70BF9B</sourcePk>
<identifying>true</identifying>
<optionalSource>true</optionalSource>
<optionalTarget>false</optionalTarget>
<sourceCardinality>1</sourceCardinality>
<sourceEntity>9E89A288-A647-AEAD-86DB-1DDB06917845</sourceEntity>
<targetCardinalityString>*</targetCardinalityString>
<targetEntity>B5603FBA-ABCE-FC7D-3E70-C600FBE90FC4</targetEntity>
<transferable>true</transferable>
<deleteRule>NO ACTION</deleteRule>
</Relation>