<?xml version = '1.0' encoding = 'UTF-8'?>
<Relation class="oracle.dbtools.crest.model.design.logical.Relation" name="Relation_77" directorySegmentName="seg_0" id="E660E3BC-D400-9916-DCF4-9547E079F2F9">
<createdBy>AntonioB</createdBy>
<createdTime>2020-11-25 03:06:47 UTC</createdTime>
<ownerDesignName>DPRO</ownerDesignName>
<engineerTo>
<item key="FD47ED64-2DA0-9308-D3B0-220639D09D6B" value="true"/>
</engineerTo>
<sourcePk>9D2D87D5-27A4-FCD2-2A23-A0C64DEBC81D</sourcePk>
<identifying>false</identifying>
<optionalSource>true</optionalSource>
<optionalTarget>false</optionalTarget>
<sourceCardinality>1</sourceCardinality>
<sourceEntity>17C884AE-3855-69F8-12EA-F0F511F8335E</sourceEntity>
<targetCardinalityString>*</targetCardinalityString>
<targetEntity>C298CA42-98AC-87E7-F990-590B32BD89D6</targetEntity>
<transferable>true</transferable>
<deleteRule>NO ACTION</deleteRule>
</Relation>