<?xml version = '1.0' encoding = 'UTF-8'?>
<Table class="oracle.dbtools.crest.model.design.relational.Table" directorySegmentName="seg_0" id="3CB87FF7-F9B8-9D99-EA73-1811F34741CE" name="juridico">
<createdBy>AntonioB</createdBy>
<createdTime>2020-11-26 02:56:17 UTC</createdTime>
<generatorID>14DAF8C6-92F7-67B2-FF7B-92C7FC013E71</generatorID>
<ownerDesignName>MR6_v3_20210109</ownerDesignName>
<allowColumnReorder>false</allowColumnReorder>
<existDependencyGenerateInDDl>true</existDependencyGenerateInDDl>
<parsed>true</parsed>
<columns itemClass="oracle.dbtools.crest.model.design.relational.Column">
<Column name="cl_id" id="CB24B179-C8E7-B96B-83EA-E5BB613DB6A4">
<createdBy>AntonioB</createdBy>
<createdTime>2020-11-26 02:56:17 UTC</createdTime>
<generatorID>49CD219A-7DEC-ACFC-C65C-38BE946DCB6F</generatorID>
<ownerDesignName>MR6_v3_20210109</ownerDesignName>
<use>0</use>
<ownDataTypeParameters>,,</ownDataTypeParameters>
<autoIncrementCycle>false</autoIncrementCycle>
<associations>
<colAssociation fkAssociation="C5A778D1-12C4-C367-1181-51EDA7010762" referredColumn="1B260B92-792D-1B0E-D78C-02D5BE741EB2"/>
</associations>
</Column>
<Column name="cl_rif" id="0844AE23-A7C2-3691-4DFD-50A8E983E851">
<createdBy>AntonioB</createdBy>
<createdTime>2020-11-26 02:56:17 UTC</createdTime>
<generatorID>EB7F35EA-F7F5-D9AA-E21C-63E86FEA2F92</generatorID>
<ownerDesignName>MR6_v3_20210109</ownerDesignName>
<use>0</use>
<ownDataTypeParameters>,,</ownDataTypeParameters>
<autoIncrementCycle>false</autoIncrementCycle>
</Column>
<Column name="cl_razon_social" id="6B465594-6B50-445C-37EA-439C1E8937F0">
<createdBy>AntonioB</createdBy>
<createdTime>2020-11-26 02:56:17 UTC</createdTime>
<generatorID>13BB40C8-F627-DCD6-E44E-944C3A4A891F</generatorID>
<ownerDesignName>MR6_v3_20210109</ownerDesignName>
<use>0</use>
<ownDataTypeParameters>,,</ownDataTypeParameters>
<autoIncrementCycle>false</autoIncrementCycle>
</Column>
<Column name="cl_pagina_web" id="9137BD86-EBF3-68F8-5EDB-9818ACFF6A5F">
<createdBy>AntonioB</createdBy>
<createdTime>2020-11-26 02:56:17 UTC</createdTime>
<generatorID>E72E1B95-5703-6B09-8DED-B4FBC1586A28</generatorID>
<ownerDesignName>MR6_v3_20210109</ownerDesignName>
<nullsAllowed>true</nullsAllowed>
<use>0</use>
<ownDataTypeParameters>,,</ownDataTypeParameters>
<autoIncrementCycle>false</autoIncrementCycle>
</Column>
<Column name="cl_den_comercial" id="B09011BE-8116-A2BF-2AED-BC5A8E4DCAEE">
<createdBy>AntonioB</createdBy>
<createdTime>2020-11-26 02:56:17 UTC</createdTime>
<generatorID>D5BA26E3-05EE-35F8-2AAA-61DDB0769606</generatorID>
<ownerDesignName>MR6_v3_20210109</ownerDesignName>
<use>0</use>
<ownDataTypeParameters>,,</ownDataTypeParameters>
<autoIncrementCycle>false</autoIncrementCycle>
</Column>
<Column name="cl_capital" id="0E507880-BC69-4F17-35FA-0E7C0BC20BA3">
<createdBy>AntonioB</createdBy>
<createdTime>2020-11-26 02:56:17 UTC</createdTime>
<generatorID>11CFE09D-9FB6-CE65-5E2F-AE2D83E63374</generatorID>
<ownerDesignName>MR6_v3_20210109</ownerDesignName>
<use>0</use>
<ownDataTypeParameters>,,</ownDataTypeParameters>
<autoIncrementCycle>false</autoIncrementCycle>
</Column>
</columns>
<indexes itemClass="oracle.dbtools.crest.model.design.relational.Index">
<ind_PK_UK id="DC5EA5EE-EAE3-8257-F7E9-90FE8AB2048C" name="juridico_PK">
<createdBy>AntonioB</createdBy>
<createdTime>2020-11-26 02:56:17 UTC</createdTime>
<generatorID>6D17CE1D-4E66-B1CC-7934-FC9B5F9FE0F1</generatorID>
<ownerDesignName>MR6_v3_20210109</ownerDesignName>
<pk>true</pk>
<indexState>Primary Constraint</indexState>
<isSurrogateKey>false</isSurrogateKey>
<indexColumnUsage>
<colUsage columnID="CB24B179-C8E7-B96B-83EA-E5BB613DB6A4"/>
</indexColumnUsage>
</ind_PK_UK>
<ind_PK_UK id="9D552CF3-D7DD-F15C-2BE1-320468D26144" name="juridico_PKv1">
<createdBy>AntonioB</createdBy>
<createdTime>2020-11-26 02:56:17 UTC</createdTime>
<generatorID>97447346-D4C1-5277-3A72-D5CE70D3D909</generatorID>
<ownerDesignName>MR6_v3_20210109</ownerDesignName>
<indexState>Unique Constraint</indexState>
<isSurrogateKey>false</isSurrogateKey>
</ind_PK_UK>
<ind_PK_UK id="2AFD7FF5-7D92-DB3E-B52C-9B156F83AC72" name="juridico_cliente_FK">
<createdBy>AntonioB</createdBy>
<createdTime>2020-11-26 02:56:17 UTC</createdTime>
<generatorID>94E303AF-7202-1426-4713-4FCC33794EC8</generatorID>
<ownerDesignName>MR6_v3_20210109</ownerDesignName>
<indexState>Foreign Key</indexState>
<isSurrogateKey>false</isSurrogateKey>
<indexColumnUsage>
<colUsage columnID="CB24B179-C8E7-B96B-83EA-E5BB613DB6A4"/>
</indexColumnUsage>
</ind_PK_UK>
</indexes>
</Table>