<?xml version = '1.0' encoding = 'UTF-8'?>
<Table class="oracle.dbtools.crest.model.design.relational.Table" directorySegmentName="seg_0" id="C2AE3C63-E96C-E024-4483-D0906E1EE9B5" name="telefono">
<createdBy>AntonioB</createdBy>
<createdTime>2020-11-26 02:56:17 UTC</createdTime>
<generatorID>AAFBAAD8-CD14-D86A-A275-6879B7189386</generatorID>
<ownerDesignName>MR6_v3_20210109</ownerDesignName>
<allowColumnReorder>false</allowColumnReorder>
<existDependencyGenerateInDDl>true</existDependencyGenerateInDDl>
<parsed>true</parsed>
<columns itemClass="oracle.dbtools.crest.model.design.relational.Column">
<Column name="te_codigo" id="DE325893-D49C-2544-F477-507385BFA372">
<createdBy>AntonioB</createdBy>
<createdTime>2020-11-26 02:56:17 UTC</createdTime>
<generatorID>7F5F453B-AF45-02A6-88BD-6F7EB92B631F</generatorID>
<ownerDesignName>MR6_v3_20210109</ownerDesignName>
<use>0</use>
<ownDataTypeParameters>,,</ownDataTypeParameters>
<autoIncrementCycle>false</autoIncrementCycle>
</Column>
<Column name="te_tipo" id="1620D103-E210-3310-1B9A-1DC329E26306">
<createdBy>AntonioB</createdBy>
<createdTime>2020-11-26 02:56:17 UTC</createdTime>
<generatorID>C37E26C9-3143-747C-C35C-EB0EB71FD6A2</generatorID>
<ownerDesignName>MR6_v3_20210109</ownerDesignName>
<use>0</use>
<ownDataTypeParameters>,,</ownDataTypeParameters>
<autoIncrementCycle>false</autoIncrementCycle>
</Column>
<Column name="te_numero" id="83509304-8D42-FADB-94DF-72F2E3640F7C">
<createdBy>AntonioB</createdBy>
<createdTime>2020-11-26 02:56:17 UTC</createdTime>
<generatorID>B25AF715-A91E-4580-379D-9A956A39D6E7</generatorID>
<ownerDesignName>MR6_v3_20210109</ownerDesignName>
<use>0</use>
<ownDataTypeParameters>,,</ownDataTypeParameters>
<autoIncrementCycle>false</autoIncrementCycle>
</Column>
<Column name="cliente_cl_id" id="A355563D-4C03-6FDC-82B3-EF5352720C12">
<createdBy>AntonioB</createdBy>
<createdTime>2020-11-26 02:56:17 UTC</createdTime>
<generatorID>66AA1452-D234-8169-4A31-B917AB42D4BF</generatorID>
<ownerDesignName>MR6_v3_20210109</ownerDesignName>
<use>0</use>
<ownDataTypeParameters>,,</ownDataTypeParameters>
<previousColumn>false</previousColumn>
<autoIncrementCycle>false</autoIncrementCycle>
<associations>
<colAssociation fkAssociation="4264CED5-A279-75E1-3C24-D0171B556AC8" referredColumn="1B260B92-792D-1B0E-D78C-02D5BE741EB2"/>
</associations>
</Column>
<Column name="proveedor_po_id" id="93A774DB-BABB-E18A-A286-4C9D34F292E0">
<createdBy>AntonioB</createdBy>
<createdTime>2020-11-26 02:56:17 UTC</createdTime>
<generatorID>73444396-B7D8-F0F6-CC78-84C6EF495ECE</generatorID>
<ownerDesignName>MR6_v3_20210109</ownerDesignName>
<use>0</use>
<ownDataTypeParameters>,,</ownDataTypeParameters>
<previousColumn>false</previousColumn>
<autoIncrementCycle>false</autoIncrementCycle>
</Column>
<Column name="empleado_em_cedula" id="DD29CE6E-F353-C811-74D7-6DC83784EE9F">
<createdBy>AntonioB</createdBy>
<createdTime>2020-11-26 02:56:17 UTC</createdTime>
<generatorID>F5114A84-128D-F7FC-F2DE-AB8868ECBB04</generatorID>
<ownerDesignName>MR6_v3_20210109</ownerDesignName>
<use>0</use>
<ownDataTypeParameters>,,</ownDataTypeParameters>
<previousColumn>false</previousColumn>
<autoIncrementCycle>false</autoIncrementCycle>
<associations>
<colAssociation fkAssociation="FF0F6F42-28D2-9E69-6AFC-66BB8ACB3101" referredColumn="DE3F5243-4420-4947-9692-326F0F7F2CEA"/>
</associations>
</Column>
<Column name="persona_contacto_peco_id" id="0CAB4499-3921-7B14-C74D-41B6CAB1D21B">
<createdBy>AntonioB</createdBy>
<createdTime>2020-11-26 02:56:17 UTC</createdTime>
<generatorID>C4BB9E84-D1B8-BD5D-722E-4B8A0B4CC718</generatorID>
<ownerDesignName>MR6_v3_20210109</ownerDesignName>
<use>0</use>
<ownDataTypeParameters>,,</ownDataTypeParameters>
<previousColumn>false</previousColumn>
<autoIncrementCycle>false</autoIncrementCycle>
</Column>
</columns>
<indexes itemClass="oracle.dbtools.crest.model.design.relational.Index">
<ind_PK_UK id="63D87BD7-8A9E-E69A-8459-2CA068CA51FC" name="telefono_PK">
<createdBy>AntonioB</createdBy>
<createdTime>2020-11-26 02:56:17 UTC</createdTime>
<generatorID>268BB593-81B6-DCF0-E0F2-138956FB872A</generatorID>
<ownerDesignName>MR6_v3_20210109</ownerDesignName>
<pk>true</pk>
<indexState>Primary Constraint</indexState>
<isSurrogateKey>false</isSurrogateKey>
<indexColumnUsage>
<colUsage columnID="DE325893-D49C-2544-F477-507385BFA372"/>
<colUsage columnID="93A774DB-BABB-E18A-A286-4C9D34F292E0"/>
</indexColumnUsage>
</ind_PK_UK>
<ind_PK_UK id="AA45CF63-7302-2F36-F559-29474FE96FE1" name="telefono_cliente_FK">
<createdBy>AntonioB</createdBy>
<createdTime>2020-11-26 02:56:17 UTC</createdTime>
<generatorID>C6EB0182-49D8-FE6E-1E3C-29B96435B786</generatorID>
<ownerDesignName>MR6_v3_20210109</ownerDesignName>
<indexState>Foreign Key</indexState>
<isSurrogateKey>false</isSurrogateKey>
<indexColumnUsage>
<colUsage columnID="A355563D-4C03-6FDC-82B3-EF5352720C12"/>
</indexColumnUsage>
</ind_PK_UK>
<ind_PK_UK id="F2A18649-8914-49C7-53FE-BD0451532F3A" name="telefono_empleado_FK">
<createdBy>AntonioB</createdBy>
<createdTime>2020-11-26 02:56:17 UTC</createdTime>
<generatorID>3850030F-CCC4-1A06-2BD7-88A05ED19F6F</generatorID>
<ownerDesignName>MR6_v3_20210109</ownerDesignName>
<indexState>Foreign Key</indexState>
<isSurrogateKey>false</isSurrogateKey>
<indexColumnUsage>
<colUsage columnID="DD29CE6E-F353-C811-74D7-6DC83784EE9F"/>
</indexColumnUsage>
</ind_PK_UK>
</indexes>
</Table>