<?xml version = '1.0' encoding = 'UTF-8'?>
<Entity class="oracle.dbtools.crest.model.design.logical.Entity" directorySegmentName="seg_0" id="9E89A288-A647-AEAD-86DB-1DDB06917845" name="producto">
<createdBy>AntonioB</createdBy>
<createdTime>2020-11-13 01:41:17 UTC</createdTime>
<ownerDesignName>dpro</ownerDesignName>
<engineerTo>
<item key="3AFBB32C-D99B-4C0E-6DA7-236BDEE0262F" value="true"/>
</engineerTo>
<adequatelyNormalized>NO</adequatelyNormalized>
<expectedVolumes>0</expectedVolumes>
<fwdEngineeringStrategyName>Single Table</fwdEngineeringStrategyName>
<growthPercent>0</growthPercent>
<growthType>Year</growthType>
<maxVolumes>9999999</maxVolumes>
<minVolumes>0</minVolumes>
<normalForm>Third</normalForm>
<attributes itemClass="oracle.dbtools.crest.model.design.logical.Attribute">
<Attribute name="pr_id" id="04EE5B6A-D849-90D4-B8CA-D885855B42DD">
<createdBy>AntonioB</createdBy>
<createdTime>2020-11-13 01:43:19 UTC</createdTime>
<ownerDesignName>dpro</ownerDesignName>
<engineerTo>
<item key="3AFBB32C-D99B-4C0E-6DA7-236BDEE0262F" value="true"/>
</engineerTo>
<use>0</use>
<ownDataTypeParameters>,,</ownDataTypeParameters>
</Attribute>
<Attribute name="pr_nombre" id="E9E4BC75-E9A9-8497-F11C-D78E5B4BAED6">
<createdBy>AntonioB</createdBy>
<createdTime>2020-11-13 01:43:40 UTC</createdTime>
<ownerDesignName>dpro</ownerDesignName>
<engineerTo>
<item key="3AFBB32C-D99B-4C0E-6DA7-236BDEE0262F" value="true"/>
</engineerTo>
<use>0</use>
<ownDataTypeParameters>,,</ownDataTypeParameters>
</Attribute>
<Attribute name="pr_precio" id="522C6247-F7CD-C7A6-30D1-4835E81F46E7">
<createdBy>AntonioB</createdBy>
<createdTime>2020-11-13 01:43:46 UTC</createdTime>
<ownerDesignName>dpro</ownerDesignName>
<engineerTo>
<item key="3AFBB32C-D99B-4C0E-6DA7-236BDEE0262F" value="true"/>
</engineerTo>
<use>0</use>
<ownDataTypeParameters>,,</ownDataTypeParameters>
</Attribute>
</attributes>
<identifiers itemClass="oracle.dbtools.crest.model.design.logical.CandidateKey">
<identifier id="185A85D0-9F8B-3CFB-ABA7-CC3F8C70BF9B" name="Producto PK">
<createdBy>AntonioB</createdBy>
<createdTime>2020-11-13 01:44:06 UTC</createdTime>
<ownerDesignName>dpro</ownerDesignName>
<engineerTo>
<item key="3AFBB32C-D99B-4C0E-6DA7-236BDEE0262F" value="true"/>
</engineerTo>
<pk>true</pk>
<usedAttributes>
<attributeRef>04EE5B6A-D849-90D4-B8CA-D885855B42DD</attributeRef>
</usedAttributes>
</identifier>
</identifiers>
</Entity>