<?xml version = '1.0' encoding = 'UTF-8'?>
<Entity class="oracle.dbtools.crest.model.design.logical.Entity" directorySegmentName="seg_0" id="C298CA42-98AC-87E7-F990-590B32BD89D6" name="cliente">
<createdBy>AntonioB</createdBy>
<createdTime>2020-11-13 01:41:32 UTC</createdTime>
<ownerDesignName>dpro</ownerDesignName>
<engineerTo>
<item key="3AFBB32C-D99B-4C0E-6DA7-236BDEE0262F" value="true"/>
</engineerTo>
<adequatelyNormalized>NO</adequatelyNormalized>
<expectedVolumes>0</expectedVolumes>
<fwdEngineeringStrategyName>Single Table</fwdEngineeringStrategyName>
<growthPercent>0</growthPercent>
<growthType>Year</growthType>
<maxVolumes>9999999</maxVolumes>
<minVolumes>0</minVolumes>
<normalForm>Third</normalForm>
<attributes itemClass="oracle.dbtools.crest.model.design.logical.Attribute">
<Attribute name="cl_id" id="49CD219A-7DEC-ACFC-C65C-38BE946DCB6F">
<createdBy>AntonioB</createdBy>
<createdTime>2020-11-13 01:45:10 UTC</createdTime>
<ownerDesignName>dpro</ownerDesignName>
<engineerTo>
<item key="3AFBB32C-D99B-4C0E-6DA7-236BDEE0262F" value="true"/>
</engineerTo>
<use>0</use>
<ownDataTypeParameters>,,</ownDataTypeParameters>
</Attribute>
<Attribute name="cl_nombre1" id="6CF40021-C8CB-FD5D-8750-EDF9B886FD01">
<createdBy>AntonioB</createdBy>
<createdTime>2020-11-13 01:45:21 UTC</createdTime>
<ownerDesignName>dpro</ownerDesignName>
<engineerTo>
<item key="3AFBB32C-D99B-4C0E-6DA7-236BDEE0262F" value="true"/>
</engineerTo>
<use>0</use>
<ownDataTypeParameters>,,</ownDataTypeParameters>
</Attribute>
<Attribute name="cl_nombre2" id="AFC659BA-4142-2591-24A3-3D2B18FAB902">
<createdBy>AntonioB</createdBy>
<createdTime>2020-11-13 01:45:34 UTC</createdTime>
<ownerDesignName>dpro</ownerDesignName>
<engineerTo>
<item key="3AFBB32C-D99B-4C0E-6DA7-236BDEE0262F" value="true"/>
</engineerTo>
<use>0</use>
<ownDataTypeParameters>,,</ownDataTypeParameters>
</Attribute>
<Attribute name="cl_apellido1" id="88D14337-3009-6AC8-247B-231269F22C17">
<createdBy>AntonioB</createdBy>
<createdTime>2020-11-13 01:45:47 UTC</createdTime>
<ownerDesignName>dpro</ownerDesignName>
<engineerTo>
<item key="3AFBB32C-D99B-4C0E-6DA7-236BDEE0262F" value="true"/>
</engineerTo>
<use>0</use>
<ownDataTypeParameters>,,</ownDataTypeParameters>
</Attribute>
</attributes>
<identifiers itemClass="oracle.dbtools.crest.model.design.logical.CandidateKey">
<identifier id="6D17CE1D-4E66-B1CC-7934-FC9B5F9FE0F1" name="Cliente PK">
<createdBy>AntonioB</createdBy>
<createdTime>2020-11-13 01:45:19 UTC</createdTime>
<ownerDesignName>dpro</ownerDesignName>
<engineerTo>
<item key="3AFBB32C-D99B-4C0E-6DA7-236BDEE0262F" value="true"/>
</engineerTo>
<pk>true</pk>
<usedAttributes>
<attributeRef>49CD219A-7DEC-ACFC-C65C-38BE946DCB6F</attributeRef>
</usedAttributes>
</identifier>
</identifiers>
</Entity>