<?xml version = '1.0' encoding = 'UTF-8'?>
<Diagram class="oracle.dbtools.crest.swingui.logical.DPVLogical" name="Logical" id="0D8A0D20-DFB5-93CB-87C8-3AF4678B3529">
<createdBy>AntonioB</createdBy>
<modifiedBy>AntonioB</modifiedBy>
<createdTime>2020-11-13 01:41:17 UTC</createdTime>
<autoRoute>false</autoRoute>
<boxInbox>true</boxInbox>
<showLegend>false</showLegend>
<showLabels>true</showLabels>
<showRelAttributes>false</showRelAttributes>
<gridEnabled>true</gridEnabled>
<showGrid>false</showGrid>
<diagramColor>-1</diagramColor>
<display>false</display>
<notation>2</notation>
<showAllDetails>false</showAllDetails>
<showComments>true</showComments>
<showElements>true</showElements>
<objectViews>
<OView class="oracle.dbtools.crest.swingui.logical.TVEntity" oid="08DAB1BE-7719-4420-52CB-961CDDB076B4" otype="Entity" vid="111A8187-DBDD-3C59-91AB-F81903E633C3">
<hideElementsInCurrentOnly>false</hideElementsInCurrentOnly>
<bounds x="1000" y="490" width="114" height="121"/>
</OView>
<OView class="oracle.dbtools.crest.swingui.logical.TVEntity" oid="0D4F9737-9F4D-CB38-7B15-BFB2100BDC2C" otype="Entity" vid="150667BB-7ADC-B04C-C3D4-D2E553EA0D2C">
<hideElementsInCurrentOnly>false</hideElementsInCurrentOnly>
<bounds x="890" y="100" width="121" height="211"/>
</OView>
<OView class="oracle.dbtools.crest.swingui.logical.TVEntity" oid="14BFAA98-A671-C7B1-90D1-8FFA5768F3AE" otype="Entity" vid="405B3613-1DB6-7EA3-4D4F-7BC32C0BF552">
<hideElementsInCurrentOnly>false</hideElementsInCurrentOnly>
<bounds x="780" y="620" width="100" height="121"/>
</OView>
<OView class="oracle.dbtools.crest.swingui.logical.TVEntity" oid="14DAF8C6-92F7-67B2-FF7B-92C7FC013E71" otype="Entity" vid="98D2D71C-54EA-FE19-A3BA-8C05B4FFE461">
<hideElementsInCurrentOnly>false</hideElementsInCurrentOnly>
<bounds x="1000" y="620" width="116" height="123"/>
</OView>
<OView class="oracle.dbtools.crest.swingui.logical.TVEntity" oid="17C884AE-3855-69F8-12EA-F0F511F8335E" otype="Entity" vid="4B26C971-6AA0-4F80-813B-6DB6C8C2C615">
<hideElementsInCurrentOnly>false</hideElementsInCurrentOnly>
<bounds x="1200" y="490" width="151" height="64"/>
</OView>
<OView class="oracle.dbtools.crest.swingui.logical.TVEntity" oid="18B31F8B-04FE-A11E-6A4B-D71352BEB222" otype="Entity" vid="5F049EEA-21B6-535E-1420-99D077A338C4">
<hideElementsInCurrentOnly>false</hideElementsInCurrentOnly>
<bounds x="20" y="420" width="131" height="141"/>
</OView>
<OView class="oracle.dbtools.crest.swingui.logical.TVEntity" oid="2F3D9DF6-BB0D-5730-CFAB-8A237E7FB563" otype="Entity" vid="17633AB9-7027-AC7E-83DA-2619A22299DD">
<hideElementsInCurrentOnly>false</hideElementsInCurrentOnly>
<bounds x="1400" y="340" width="123" height="61"/>
</OView>
<OView class="oracle.dbtools.crest.swingui.logical.TVEntity" oid="33B67F81-6F89-B86C-4C60-D3A6DAED3442" otype="Entity" vid="4529B694-0B4A-DC61-FF6D-1E451737C35B">
<hideElementsInCurrentOnly>false</hideElementsInCurrentOnly>
<bounds x="1400" y="120" width="121" height="81"/>
</OView>
<OView class="oracle.dbtools.crest.swingui.logical.TVEntity" oid="52439CBA-BB2C-1721-EC6F-A56E6B21CE9F" otype="Entity" vid="DA580025-D238-4FDD-05E9-2541A95B38C9">
<hideElementsInCurrentOnly>false</hideElementsInCurrentOnly>
<bounds x="570" y="380" width="151" height="281"/>
</OView>
<OView class="oracle.dbtools.crest.swingui.logical.TVEntity" oid="55333806-234B-FBE7-27B6-DDAF3BE19FF8" otype="Entity" vid="685768CE-A782-8EB6-F3F0-C67138A9F92D">
<hideElementsInCurrentOnly>false</hideElementsInCurrentOnly>
<bounds x="690" y="90" width="131" height="61"/>
</OView>
<OView class="oracle.dbtools.crest.swingui.logical.TVEntity" oid="5D50796E-FAB4-3181-20B5-E6FCB0C7D399" otype="Entity" vid="89912B7A-7246-947F-4AFB-DD31C5B3652E">
<hideElementsInCurrentOnly>false</hideElementsInCurrentOnly>
<bounds x="390" y="460" width="111" height="101"/>
</OView>
<OView class="oracle.dbtools.crest.swingui.logical.TVEntity" oid="6287B417-F4CF-9E40-9015-102000CBE4DE" otype="Entity" vid="3BFB289C-0A00-34A7-9867-560D8B84ED49">
<hideElementsInCurrentOnly>false</hideElementsInCurrentOnly>
<bounds x="450" y="130" width="162" height="91"/>
</OView>
<OView class="oracle.dbtools.crest.swingui.logical.TVEntity" oid="634D8101-1D78-AC93-8362-DF17D3F0FAA0" otype="Entity" vid="7FB94616-81EB-F4FE-0CEB-E7F86F7E33EA">
<hideElementsInCurrentOnly>false</hideElementsInCurrentOnly>
<bounds x="1200" y="590" width="151" height="101"/>
</OView>
<OView class="oracle.dbtools.crest.swingui.logical.TVEntity" oid="68A26A15-21FA-6793-FEA1-574405B6F372" otype="Entity" vid="1BA758B0-3003-18B8-C36A-0ED4731BEB45">
<hideElementsInCurrentOnly>false</hideElementsInCurrentOnly>
<bounds x="20" y="20" width="131" height="61"/>
</OView>
<OView class="oracle.dbtools.crest.swingui.logical.TVEntity" oid="721C5B6B-D0E9-1E25-7110-115BB91B4C19" otype="Entity" vid="33374573-BA00-2742-2279-36E241B9DF45">
<hideElementsInCurrentOnly>false</hideElementsInCurrentOnly>
<bounds x="1200" y="240" width="151" height="51"/>
</OView>
<OView class="oracle.dbtools.crest.swingui.logical.TVEntity" oid="7601A7AD-C58F-3626-9AC4-5C7BF7D8D9A1" otype="Entity" vid="8EC5F872-8BD0-5103-E824-E4D9F726394F">
<hideElementsInCurrentOnly>false</hideElementsInCurrentOnly>
<bounds x="200" y="130" width="131" height="101"/>
</OView>
<OView class="oracle.dbtools.crest.swingui.logical.TVEntity" oid="77F46E24-1F43-2DF6-413F-3E69EF9FECA7" otype="Entity" vid="037894EA-7CA7-6F6B-EF65-21B925C672AB">
<hideElementsInCurrentOnly>false</hideElementsInCurrentOnly>
<bounds x="20" y="310" width="127" height="58"/>
</OView>
<OView class="oracle.dbtools.crest.swingui.logical.TVEntity" oid="808D891A-ED43-0BCE-5E96-8E701AA02FCA" otype="Entity" vid="DBE4E38C-B067-B6A5-6BBB-C76452B80A65">
<hideElementsInCurrentOnly>false</hideElementsInCurrentOnly>
<bounds x="580" y="510" width="131" height="51"/>
</OView>
<OView class="oracle.dbtools.crest.swingui.logical.TVEntity" oid="84F748D1-6DA1-5208-291E-C61EDAF1ED00" otype="Entity" vid="93904274-020C-09E6-3369-5A849ED86EE6">
<hideElementsInCurrentOnly>false</hideElementsInCurrentOnly>
<bounds x="1570" y="410" width="117" height="81"/>
</OView>
<OView class="oracle.dbtools.crest.swingui.logical.TVEntity" oid="86A1EF63-800A-2908-BC67-19B30BC27766" otype="Entity" vid="48617B6B-AA72-E560-3A37-9F99A8908DB2">
<hideElementsInCurrentOnly>false</hideElementsInCurrentOnly>
<bounds x="580" y="740" width="111" height="51"/>
</OView>
<OView class="oracle.dbtools.crest.swingui.logical.TVEntity" oid="8BC969D3-6D55-96FB-0E39-BAB9F77653AB" otype="Entity" vid="4ACC76EA-5CC2-0B86-C4EC-8D2C7A0C3B5E">
<hideElementsInCurrentOnly>false</hideElementsInCurrentOnly>
<bounds x="1100" y="80" width="141" height="91"/>
</OView>
<OView class="oracle.dbtools.crest.swingui.logical.TVEntity" oid="8CE6C662-E3F2-2FEF-5BAD-A476258BAC91" otype="Entity" vid="C6D07B24-C401-AAAA-B41D-0AC288171978">
<hideElementsInCurrentOnly>false</hideElementsInCurrentOnly>
<bounds x="20" y="660" width="131" height="161"/>
</OView>
<OView class="oracle.dbtools.crest.swingui.logical.TVEntity" oid="9CEBCD88-20C9-025B-D585-B7943C862499" otype="Entity" vid="4EEDA0CF-D118-F0D0-8ED0-0A9D710ED05B">
<hideElementsInCurrentOnly>false</hideElementsInCurrentOnly>
<bounds x="1400" y="490" width="121" height="52"/>
</OView>
<OView class="oracle.dbtools.crest.swingui.logical.TVEntity" oid="9D50F96C-5FC5-6C85-4F0D-F7D66EFF9499" otype="Entity" vid="1B9622AC-BCA4-CB65-1067-7678A63F26BE">
<hideElementsInCurrentOnly>false</hideElementsInCurrentOnly>
<bounds x="1400" y="240" width="121" height="54"/>
</OView>
<OView class="oracle.dbtools.crest.swingui.logical.TVEntity" oid="9E89A288-A647-AEAD-86DB-1DDB06917845" otype="Entity" vid="7D593094-3F08-2734-3BE7-2AF1CB8B5452">
<hideElementsInCurrentOnly>false</hideElementsInCurrentOnly>
<bounds x="200" y="380" width="131" height="141"/>
</OView>
<OView class="oracle.dbtools.crest.swingui.logical.TVEntity" oid="AAFBAAD8-CD14-D86A-A275-6879B7189386" otype="Entity" vid="474C54B0-1A2C-C256-C466-DF96D4F1E832">
<hideElementsInCurrentOnly>false</hideElementsInCurrentOnly>
<bounds x="1480" y="670" width="108" height="141"/>
</OView>
<OView class="oracle.dbtools.crest.swingui.logical.TVEntity" oid="ACE866CA-320E-B6B2-4B1F-52B1E1F82EEF" otype="Entity" vid="8836E1ED-678D-F0E3-2845-630E428185E7">
<hideElementsInCurrentOnly>false</hideElementsInCurrentOnly>
<bounds x="380" y="250" width="107" height="71"/>
</OView>
<OView class="oracle.dbtools.crest.swingui.logical.TVEntity" oid="AE90CC7B-8ADA-9839-CAD2-E870A51F39D3" otype="Entity" vid="F0B2F7D9-85CD-B3E0-DB4E-4A2A7D83E84C">
<hideElementsInCurrentOnly>false</hideElementsInCurrentOnly>
<bounds x="200" y="580" width="131" height="101"/>
</OView>
<OView class="oracle.dbtools.crest.swingui.logical.TVEntity" oid="B12C4273-8A6A-8D79-FB5A-688B51744584" otype="Entity" vid="9BC9676F-A71E-CE3A-46BE-815B9BB5C528">
<hideElementsInCurrentOnly>false</hideElementsInCurrentOnly>
<bounds x="200" y="20" width="131" height="61"/>
</OView>
<OView class="oracle.dbtools.crest.swingui.logical.TVEntity" oid="BEC2D3B2-430B-EE9E-CD0E-26D6E65F2721" otype="Entity" vid="FAB1B4D1-5E2A-D0CF-7761-F49D4C27997D">
<hideElementsInCurrentOnly>false</hideElementsInCurrentOnly>
<bounds x="690" y="220" width="132" height="111"/>
</OView>
<OView class="oracle.dbtools.crest.swingui.logical.TVEntity" oid="C292B629-5667-E3FA-0F4E-D45AC7A60824" otype="Entity" vid="54272646-DBE2-E941-F5BA-ECA0961BC164">
<hideElementsInCurrentOnly>false</hideElementsInCurrentOnly>
<bounds x="390" y="380" width="111" height="54"/>
</OView>
<OView class="oracle.dbtools.crest.swingui.logical.TVEntity" oid="C298CA42-98AC-87E7-F990-590B32BD89D6" otype="Entity" vid="2C9EB628-D64A-2CB8-0AC1-D270E11F0889">
<hideElementsInCurrentOnly>false</hideElementsInCurrentOnly>
<bounds x="980" y="370" width="149" height="383"/>
</OView>
<OView class="oracle.dbtools.crest.swingui.logical.TVEntity" oid="CB725B56-4E68-0149-3E44-AC301D1EB17F" otype="Entity" vid="73A04393-C38A-4ED0-B7F9-6472B0F59DBC">
<hideElementsInCurrentOnly>false</hideElementsInCurrentOnly>
<bounds x="390" y="580" width="111" height="81"/>
</OView>
<OView class="oracle.dbtools.crest.swingui.logical.TVEntity" oid="D04DF507-7E79-6F43-42AD-7EE655C5AD28" otype="Entity" vid="74A36B74-D45A-34CF-8367-05707CE844A4">
<hideElementsInCurrentOnly>false</hideElementsInCurrentOnly>
<bounds x="1100" y="0" width="141" height="61"/>
</OView>
<OView class="oracle.dbtools.crest.swingui.logical.TVEntity" oid="D28B7960-6DCD-E821-40D6-DCF478D28E44" otype="Entity" vid="8731E078-62B2-28EE-EEDA-26CA5BECFA03">
<hideElementsInCurrentOnly>false</hideElementsInCurrentOnly>
<bounds x="20" y="130" width="131" height="101"/>
</OView>
<OView class="oracle.dbtools.crest.swingui.logical.TVEntity" oid="D5A46074-B6C9-F312-9097-68509F0222C4" otype="Entity" vid="D7226769-661C-F995-3535-3D4E823D6FE0">
<hideElementsInCurrentOnly>false</hideElementsInCurrentOnly>
<bounds x="1200" y="330" width="151" height="111"/>
</OView>
<OView class="oracle.dbtools.crest.swingui.logical.TVEntity" oid="D791BB30-1D43-F02E-D092-4CF748475333" otype="Entity" vid="EB7DB13C-702E-3EBD-F5A5-C01E107D7FE0">
<hideElementsInCurrentOnly>false</hideElementsInCurrentOnly>
<bounds x="1400" y="0" width="121" height="101"/>
</OView>
<OView class="oracle.dbtools.crest.swingui.logical.TVEntity" oid="E5CBAB94-278B-9677-44BB-819260EA31C9" otype="Entity" vid="14CEBC9F-7D69-0498-3EFD-788F66CE7404">
<hideElementsInCurrentOnly>false</hideElementsInCurrentOnly>
<bounds x="580" y="570" width="131" height="71"/>
</OView>
<OView class="oracle.dbtools.crest.swingui.logical.TVEntity" oid="EE7B0334-6C16-13CD-790A-BD3C0968C65A" otype="Entity" vid="0B432C43-6718-805F-6C18-463836DE9CED">
<hideElementsInCurrentOnly>false</hideElementsInCurrentOnly>
<bounds x="460" y="10" width="131" height="61"/>
</OView>
</objectViews>
<connectors>
<Connector class="oracle.dbtools.crest.swingui.logical.TVRelation" oid="034B7E78-8368-AE28-0A54-3108B3EC7536" otype="Relation" vid_source="2C9EB628-D64A-2CB8-0AC1-D270E11F0889" vid_target="DA580025-D238-4FDD-05E9-2541A95B38C9">
<hideElementsInCurrentOnly>false</hideElementsInCurrentOnly>
<backgroundColor>-16777216</backgroundColor>
<lineWidth>1</lineWidth>
<sourceLabel class="oracle.dbtools.crest.model.design.Label">
<site>0</site>
<labelBounds x="930" y="524" width="44" height="16"/>
<noBackgroundColor>true</noBackgroundColor>
<noForegroundColor>true</noForegroundColor>
</sourceLabel>
<targetLabel class="oracle.dbtools.crest.model.design.Label">
<site>2</site>
<labelBounds x="731" y="543" width="18" height="30"/>
<noBackgroundColor>true</noBackgroundColor>
<noForegroundColor>true</noForegroundColor>
</targetLabel>
<points>
<point x="980" y="540"/>
<point x="721" y="540"/>
</points>
</Connector>
<Connector class="oracle.dbtools.crest.swingui.logical.TVRelation" oid="0F1369D0-9AF9-F773-99C7-A31169B93617" otype="Relation" vid_source="405B3613-1DB6-7EA3-4D4F-7BC32C0BF552" vid_target="C6D07B24-C401-AAAA-B41D-0AC288171978">
<hideElementsInCurrentOnly>false</hideElementsInCurrentOnly>
<backgroundColor>-16777216</backgroundColor>
<lineWidth>1</lineWidth>
<sourceLabel class="oracle.dbtools.crest.model.design.Label">
<site>0</site>
<labelBounds x="732" y="709" width="42" height="11"/>
<noBackgroundColor>true</noBackgroundColor>
<noForegroundColor>true</noForegroundColor>
</sourceLabel>
<targetLabel class="oracle.dbtools.crest.model.design.Label">
<site>2</site>
<labelBounds x="161" y="723" width="18" height="30"/>
<noBackgroundColor>true</noBackgroundColor>
<noForegroundColor>true</noForegroundColor>
</targetLabel>
<points>
<point x="780" y="720"/>
<point x="151" y="720"/>
</points>
</Connector>
<Connector class="oracle.dbtools.crest.swingui.logical.TVRelation" oid="142EFC49-15EC-1670-E95E-02F07A2501A8" otype="Relation" vid_source="98D2D71C-54EA-FE19-A3BA-8C05B4FFE461" vid_target="7FB94616-81EB-F4FE-0CEB-E7F86F7E33EA">
<hideElementsInCurrentOnly>false</hideElementsInCurrentOnly>
<backgroundColor>-16777216</backgroundColor>
<lineWidth>1</lineWidth>
<sourceLabel class="oracle.dbtools.crest.model.design.Label">
<site>0</site>
<labelBounds x="1126" y="636" width="35" height="19"/>
<noBackgroundColor>true</noBackgroundColor>
<noForegroundColor>true</noForegroundColor>
</sourceLabel>
<targetLabel class="oracle.dbtools.crest.model.design.Label">
<site>2</site>
<labelBounds x="1171" y="658" width="23" height="26"/>
<noBackgroundColor>true</noBackgroundColor>
<noForegroundColor>true</noForegroundColor>
</targetLabel>
<points>
<point x="1116" y="655"/>
<point x="1200" y="655"/>
</points>
</Connector>
<Connector class="oracle.dbtools.crest.swingui.logical.TVRelation" oid="218D82B4-DD02-F6AE-137A-21F48ABC86D3" otype="Relation" vid_source="54272646-DBE2-E941-F5BA-ECA0961BC164" vid_target="7D593094-3F08-2734-3BE7-2AF1CB8B5452">
<hideElementsInCurrentOnly>false</hideElementsInCurrentOnly>
<backgroundColor>-16777216</backgroundColor>
<lineWidth>1</lineWidth>
<points>
<point x="400" y="410"/>
<point x="400" y="410"/>
<point x="331" y="410"/>
</points>
</Connector>
<Connector class="oracle.dbtools.crest.swingui.logical.TVRelation" oid="241AF0A7-6D80-384F-E1A7-D016616296AA" otype="Relation" vid_source="C6D07B24-C401-AAAA-B41D-0AC288171978" vid_target="7FB94616-81EB-F4FE-0CEB-E7F86F7E33EA">
<hideElementsInCurrentOnly>false</hideElementsInCurrentOnly>
<backgroundColor>-16777216</backgroundColor>
<lineWidth>1</lineWidth>
<sourceLabel class="oracle.dbtools.crest.model.design.Label">
<site>0</site>
<labelBounds x="161" y="780" width="43" height="20"/>
<noBackgroundColor>true</noBackgroundColor>
<noForegroundColor>true</noForegroundColor>
</sourceLabel>
<targetLabel class="oracle.dbtools.crest.model.design.Label">
<site>2</site>
<labelBounds x="1240" y="725" width="18" height="36"/>
<noBackgroundColor>true</noBackgroundColor>
<noForegroundColor>true</noForegroundColor>
</targetLabel>
<points>
<point x="151" y="800"/>
<point x="1240" y="800"/>
<point x="1240" y="691"/>
</points>
</Connector>
<Connector class="oracle.dbtools.crest.swingui.logical.TVRelation" oid="298FFDF6-3109-5203-1CBA-182F693BD8DE" otype="Relation" vid_source="48617B6B-AA72-E560-3A37-9F99A8908DB2" vid_target="14CEBC9F-7D69-0498-3EFD-788F66CE7404">
<hideElementsInCurrentOnly>false</hideElementsInCurrentOnly>
<backgroundColor>-16777216</backgroundColor>
<lineWidth>1</lineWidth>
<points>
<point x="620" y="740"/>
<point x="620" y="641"/>
</points>
</Connector>
<Connector class="oracle.dbtools.crest.swingui.logical.TVRelation" oid="3850030F-CCC4-1A06-2BD7-88A05ED19F6F" otype="Relation" vid_source="150667BB-7ADC-B04C-C3D4-D2E553EA0D2C" vid_target="474C54B0-1A2C-C256-C466-DF96D4F1E832">
<hideElementsInCurrentOnly>false</hideElementsInCurrentOnly>
<backgroundColor>-16777216</backgroundColor>
<lineWidth>1</lineWidth>
<sourceLabel class="oracle.dbtools.crest.model.design.Label">
<site>0</site>
<labelBounds x="1021" y="192" width="64" height="21"/>
<noBackgroundColor>true</noBackgroundColor>
<noForegroundColor>true</noForegroundColor>
</sourceLabel>
<targetLabel class="oracle.dbtools.crest.model.design.Label">
<site>2</site>
<labelBounds x="1540" y="634" width="18" height="30"/>
<noBackgroundColor>true</noBackgroundColor>
<noForegroundColor>true</noForegroundColor>
</targetLabel>
<points>
<point x="1011" y="213"/>
<point x="1540" y="213"/>
<point x="1540" y="670"/>
</points>
</Connector>
<Connector class="oracle.dbtools.crest.swingui.logical.TVRelation" oid="386AB528-33DB-3862-74B5-4C665F795E3F" otype="Relation" vid_source="1B9622AC-BCA4-CB65-1067-7678A63F26BE" vid_target="33374573-BA00-2742-2279-36E241B9DF45">
<hideElementsInCurrentOnly>false</hideElementsInCurrentOnly>
<backgroundColor>-16777216</backgroundColor>
<lineWidth>1</lineWidth>
<sourceLabel class="oracle.dbtools.crest.model.design.Label">
<site>0</site>
<labelBounds x="1365" y="231" width="29" height="34"/>
<noBackgroundColor>true</noBackgroundColor>
<noForegroundColor>true</noForegroundColor>
</sourceLabel>
<targetLabel class="oracle.dbtools.crest.model.design.Label">
<site>2</site>
<labelBounds x="1361" y="268" width="36" height="30"/>
<noBackgroundColor>true</noBackgroundColor>
<noForegroundColor>true</noForegroundColor>
</targetLabel>
<points>
<point x="1400" y="265"/>
<point x="1351" y="265"/>
</points>
</Connector>
<Connector class="oracle.dbtools.crest.swingui.logical.TVRelation" oid="3A9F1802-AB69-E413-FD34-5CE04D3BAA87" otype="Relation" vid_source="405B3613-1DB6-7EA3-4D4F-7BC32C0BF552" vid_target="111A8187-DBDD-3C59-91AB-F81903E633C3">
<hideElementsInCurrentOnly>false</hideElementsInCurrentOnly>
<backgroundColor>-16777216</backgroundColor>
<lineWidth>1</lineWidth>
<sourceLabel class="oracle.dbtools.crest.model.design.Label">
<site>0</site>
<labelBounds x="842" y="573" width="43" height="33"/>
<noBackgroundColor>true</noBackgroundColor>
<noForegroundColor>true</noForegroundColor>
</sourceLabel>
<targetLabel class="oracle.dbtools.crest.model.design.Label">
<site>2</site>
<labelBounds x="976" y="577" width="18" height="30"/>
<noBackgroundColor>true</noBackgroundColor>
<noForegroundColor>true</noForegroundColor>
</targetLabel>
<points>
<point x="842" y="620"/>
<point x="842" y="574"/>
<point x="1000" y="574"/>
</points>
</Connector>
<Connector class="oracle.dbtools.crest.swingui.logical.TVRelation" oid="4884CEB8-8282-A887-D524-B6D1C2BCFA8A" otype="Relation" vid_source="3BFB289C-0A00-34A7-9867-560D8B84ED49" vid_target="8731E078-62B2-28EE-EEDA-26CA5BECFA03">
<hideElementsInCurrentOnly>false</hideElementsInCurrentOnly>
<backgroundColor>-16777216</backgroundColor>
<lineWidth>1</lineWidth>
<points>
<point x="540" y="130"/>
<point x="540" y="100"/>
<point x="120" y="100"/>
<point x="120" y="130"/>
</points>
</Connector>
<Connector class="oracle.dbtools.crest.swingui.logical.TVRelation" oid="489C6A8A-4DA0-2743-AC80-F5040AA658CE" otype="Relation" vid_source="150667BB-7ADC-B04C-C3D4-D2E553EA0D2C" vid_target="4ACC76EA-5CC2-0B86-C4EC-8D2C7A0C3B5E">
<hideElementsInCurrentOnly>false</hideElementsInCurrentOnly>
<backgroundColor>-16777216</backgroundColor>
<lineWidth>1</lineWidth>
<sourceLabel class="oracle.dbtools.crest.model.design.Label">
<site>0</site>
<labelBounds x="975" y="51" width="12" height="35"/>
<noBackgroundColor>true</noBackgroundColor>
<noForegroundColor>true</noForegroundColor>
</sourceLabel>
<targetLabel class="oracle.dbtools.crest.model.design.Label">
<site>2</site>
<labelBounds x="1046" y="144" width="48" height="30"/>
<noBackgroundColor>true</noBackgroundColor>
<noForegroundColor>true</noForegroundColor>
</targetLabel>
<points>
<point x="975" y="100"/>
<point x="975" y="141"/>
<point x="1100" y="141"/>
</points>
</Connector>
<Connector class="oracle.dbtools.crest.swingui.logical.TVRelation" oid="48D56CC2-A60C-68B3-C0A6-37FF83651F93" otype="Relation" vid_source="7D593094-3F08-2734-3BE7-2AF1CB8B5452" vid_target="5F049EEA-21B6-535E-1420-99D077A338C4">
<hideElementsInCurrentOnly>false</hideElementsInCurrentOnly>
<backgroundColor>-16777216</backgroundColor>
<lineWidth>1</lineWidth>
<points>
<point x="200" y="480"/>
<point x="120" y="480"/>
<point x="120" y="470"/>
</points>
</Connector>
<Connector class="oracle.dbtools.crest.swingui.logical.TVRelation" oid="4C787FB5-1439-51EE-0346-6437B003C12A" otype="Relation" vid_source="73A04393-C38A-4ED0-B7F9-6472B0F59DBC" vid_target="DA580025-D238-4FDD-05E9-2541A95B38C9">
<hideElementsInCurrentOnly>false</hideElementsInCurrentOnly>
<backgroundColor>-16777216</backgroundColor>
<lineWidth>1</lineWidth>
<sourceLabel class="oracle.dbtools.crest.model.design.Label">
<site>0</site>
<labelBounds x="480" y="690" width="51" height="23"/>
<noBackgroundColor>true</noBackgroundColor>
<noForegroundColor>true</noForegroundColor>
</sourceLabel>
<targetLabel class="oracle.dbtools.crest.model.design.Label">
<site>2</site>
<labelBounds x="590" y="698" width="18" height="30"/>
<noBackgroundColor>true</noBackgroundColor>
<noForegroundColor>true</noForegroundColor>
</targetLabel>
<points>
<point x="480" y="661"/>
<point x="480" y="690"/>
<point x="590" y="690"/>
<point x="590" y="661"/>
</points>
</Connector>
<Connector class="oracle.dbtools.crest.swingui.logical.TVRelation" oid="5231AAFC-F972-8B54-756E-0289DE7F5BB7" otype="Relation" vid_source="C6D07B24-C401-AAAA-B41D-0AC288171978" vid_target="7D593094-3F08-2734-3BE7-2AF1CB8B5452">
<hideElementsInCurrentOnly>false</hideElementsInCurrentOnly>
<backgroundColor>-16777216</backgroundColor>
<lineWidth>1</lineWidth>
<points>
<point x="151" y="700"/>
<point x="170" y="700"/>
<point x="170" y="500"/>
<point x="200" y="500"/>
</points>
</Connector>
<Connector class="oracle.dbtools.crest.swingui.logical.TVRelation" oid="55C1FAC3-5F96-8255-4F42-FD0CEFBB6558" otype="Relation" vid_source="7D593094-3F08-2734-3BE7-2AF1CB8B5452" vid_target="8EC5F872-8BD0-5103-E824-E4D9F726394F">
<hideElementsInCurrentOnly>false</hideElementsInCurrentOnly>
<backgroundColor>-16777216</backgroundColor>
<lineWidth>1</lineWidth>
<points>
<point x="280" y="380"/>
<point x="280" y="231"/>
</points>
</Connector>
<Connector class="oracle.dbtools.crest.swingui.logical.TVRelation" oid="57BAD403-9CA0-5427-89B9-CF025E2C889A" otype="Relation" vid_source="4EEDA0CF-D118-F0D0-8ED0-0A9D710ED05B" vid_target="D7226769-661C-F995-3535-3D4E823D6FE0">
<hideElementsInCurrentOnly>false</hideElementsInCurrentOnly>
<backgroundColor>-16777216</backgroundColor>
<lineWidth>1</lineWidth>
<points>
<point x="1449" y="490"/>
<point x="1449" y="422"/>
<point x="1351" y="422"/>
</points>
</Connector>
<Connector class="oracle.dbtools.crest.swingui.logical.TVInheritanceRelation" oid="590F30CE-9115-EB48-0B17-4AA7E02516B2" otype="Hierarchy relation" vid_source="2C9EB628-D64A-2CB8-0AC1-D270E11F0889" vid_target="111A8187-DBDD-3C59-91AB-F81903E633C3">
<hideElementsInCurrentOnly>false</hideElementsInCurrentOnly>
<backgroundColor>-65536</backgroundColor>
<lineWidth>1</lineWidth>
</Connector>
<Connector class="oracle.dbtools.crest.swingui.logical.TVRelation" oid="593C73AF-216B-2571-1FC7-2977181D81EF" otype="Relation" vid_source="150667BB-7ADC-B04C-C3D4-D2E553EA0D2C" vid_target="74A36B74-D45A-34CF-8367-05707CE844A4">
<hideElementsInCurrentOnly>false</hideElementsInCurrentOnly>
<backgroundColor>-16777216</backgroundColor>
<lineWidth>1</lineWidth>
<points>
<point x="960" y="100"/>
<point x="960" y="40"/>
<point x="1100" y="40"/>
</points>
</Connector>
<Connector class="oracle.dbtools.crest.swingui.logical.TVRelation" oid="5B735604-557D-7A9E-BC5A-C66BD4363DCE" otype="Relation" vid_source="DA580025-D238-4FDD-05E9-2541A95B38C9" vid_target="D7226769-661C-F995-3535-3D4E823D6FE0">
<hideElementsInCurrentOnly>false</hideElementsInCurrentOnly>
<backgroundColor>-16777216</backgroundColor>
<lineWidth>1</lineWidth>
<points>
<point x="640" y="380"/>
<point x="640" y="360"/>
<point x="1200" y="360"/>
</points>
</Connector>
<Connector class="oracle.dbtools.crest.swingui.logical.TVRelation" oid="5DEBFAEF-0757-AFB6-EE97-9C4141634721" otype="Relation" vid_source="1BA758B0-3003-18B8-C36A-0ED4731BEB45" vid_target="8731E078-62B2-28EE-EEDA-26CA5BECFA03">
<hideElementsInCurrentOnly>false</hideElementsInCurrentOnly>
<backgroundColor>-16777216</backgroundColor>
<lineWidth>1</lineWidth>
<points>
<point x="85" y="81"/>
<point x="85" y="130"/>
</points>
</Connector>
<Connector class="oracle.dbtools.crest.swingui.logical.TVRelation" oid="66EC6E1F-1635-7B16-0FB0-EA2606AE996A" otype="Relation" vid_source="3BFB289C-0A00-34A7-9867-560D8B84ED49" vid_target="150667BB-7ADC-B04C-C3D4-D2E553EA0D2C">
<hideElementsInCurrentOnly>false</hideElementsInCurrentOnly>
<backgroundColor>-16777216</backgroundColor>
<lineWidth>1</lineWidth>
<sourceLabel class="oracle.dbtools.crest.model.design.Label">
<site>0</site>
<labelBounds x="622" y="154" width="62" height="16"/>
<noBackgroundColor>true</noBackgroundColor>
<noForegroundColor>true</noForegroundColor>
</sourceLabel>
<targetLabel class="oracle.dbtools.crest.model.design.Label">
<site>2</site>
<labelBounds x="833" y="173" width="51" height="24"/>
<noBackgroundColor>true</noBackgroundColor>
<noForegroundColor>true</noForegroundColor>
</targetLabel>
<points>
<point x="612" y="170"/>
<point x="760" y="170"/>
<point x="890" y="170"/>
</points>
</Connector>
<Connector class="oracle.dbtools.crest.swingui.logical.TVRelation" oid="6DBF8B4F-417B-26FA-96BF-3B471855D80E" otype="Relation" vid_source="150667BB-7ADC-B04C-C3D4-D2E553EA0D2C" vid_target="4529B694-0B4A-DC61-FF6D-1E451737C35B">
<hideElementsInCurrentOnly>false</hideElementsInCurrentOnly>
<backgroundColor>-16777216</backgroundColor>
<lineWidth>1</lineWidth>
<sourceLabel class="oracle.dbtools.crest.model.design.Label">
<site>0</site>
<labelBounds x="1021" y="148" width="26" height="33"/>
<noBackgroundColor>true</noBackgroundColor>
<noForegroundColor>true</noForegroundColor>
</sourceLabel>
<targetLabel class="oracle.dbtools.crest.model.design.Label">
<site>2</site>
<labelBounds x="1353" y="184" width="41" height="36"/>
<noBackgroundColor>true</noBackgroundColor>
<noForegroundColor>true</noForegroundColor>
</targetLabel>
<points>
<point x="1011" y="181"/>
<point x="1275" y="181"/>
<point x="1400" y="181"/>
</points>
</Connector>
<Connector class="oracle.dbtools.crest.swingui.logical.TVRelation" oid="71EF8717-D3C3-C284-93B6-7AF670E7FDA4" otype="Relation" vid_source="685768CE-A782-8EB6-F3F0-C67138A9F92D" vid_target="0B432C43-6718-805F-6C18-463836DE9CED">
<hideElementsInCurrentOnly>false</hideElementsInCurrentOnly>
<backgroundColor>-16777216</backgroundColor>
<lineWidth>1</lineWidth>
<points>
<point x="750" y="90"/>
<point x="750" y="40"/>
<point x="591" y="40"/>
</points>
</Connector>
<Connector class="oracle.dbtools.crest.swingui.logical.TVRelation" oid="79054972-FD02-6823-59D4-0B673E4A615D" otype="Relation" vid_source="3BFB289C-0A00-34A7-9867-560D8B84ED49" vid_target="73A04393-C38A-4ED0-B7F9-6472B0F59DBC">
<hideElementsInCurrentOnly>false</hideElementsInCurrentOnly>
<backgroundColor>-16777216</backgroundColor>
<lineWidth>1</lineWidth>
<points>
<point x="540" y="221"/>
<point x="540" y="620"/>
<point x="501" y="620"/>
</points>
</Connector>
<Connector class="oracle.dbtools.crest.swingui.logical.TVRelation" oid="812FE6BB-C171-D06D-306D-F3E1C5DCA434" otype="Relation" vid_source="3BFB289C-0A00-34A7-9867-560D8B84ED49" vid_target="5F049EEA-21B6-535E-1420-99D077A338C4">
<hideElementsInCurrentOnly>false</hideElementsInCurrentOnly>
<backgroundColor>-16777216</backgroundColor>
<lineWidth>1</lineWidth>
<sourceLabel class="oracle.dbtools.crest.model.design.Label">
<site>0</site>
<labelBounds x="500" y="281" width="34" height="30"/>
<noBackgroundColor>true</noBackgroundColor>
<noForegroundColor>true</noForegroundColor>
</sourceLabel>
<targetLabel class="oracle.dbtools.crest.model.design.Label">
<site>2</site>
<labelBounds x="161" y="443" width="18" height="30"/>
<noBackgroundColor>true</noBackgroundColor>
<noForegroundColor>true</noForegroundColor>
</targetLabel>
<points>
<point x="500" y="221"/>
<point x="500" y="340"/>
<point x="170" y="340"/>
<point x="170" y="440"/>
<point x="151" y="440"/>
</points>
</Connector>
<Connector class="oracle.dbtools.crest.swingui.logical.TVRelation" oid="8BC8A956-D88D-454B-F10A-3BDA2D02CE61" otype="Relation" vid_source="3BFB289C-0A00-34A7-9867-560D8B84ED49" vid_target="8EC5F872-8BD0-5103-E824-E4D9F726394F">
<hideElementsInCurrentOnly>false</hideElementsInCurrentOnly>
<backgroundColor>-16777216</backgroundColor>
<lineWidth>1</lineWidth>
<points>
<point x="450" y="175"/>
<point x="331" y="175"/>
</points>
</Connector>
<Connector class="oracle.dbtools.crest.swingui.logical.TVRelation" oid="8D216885-47BA-854A-E947-EC3567B861A8" otype="Relation" vid_source="C6D07B24-C401-AAAA-B41D-0AC288171978" vid_target="5F049EEA-21B6-535E-1420-99D077A338C4">
<hideElementsInCurrentOnly>false</hideElementsInCurrentOnly>
<backgroundColor>-16777216</backgroundColor>
<lineWidth>1</lineWidth>
<sourceLabel class="oracle.dbtools.crest.model.design.Label">
<site>0</site>
<labelBounds x="85" y="600" width="47" height="30"/>
<noBackgroundColor>true</noBackgroundColor>
<noForegroundColor>true</noForegroundColor>
</sourceLabel>
<targetLabel class="oracle.dbtools.crest.model.design.Label">
<site>2</site>
<labelBounds x="85" y="613" width="18" height="30"/>
<noBackgroundColor>true</noBackgroundColor>
<noForegroundColor>true</noForegroundColor>
</targetLabel>
<points>
<point x="85" y="660"/>
<point x="85" y="561"/>
</points>
</Connector>
<Connector class="oracle.dbtools.crest.swingui.logical.TVRelation" oid="8D86EEC3-405A-6AD0-75BE-F839BD6AF130" otype="Relation" vid_source="17633AB9-7027-AC7E-83DA-2619A22299DD" vid_target="D7226769-661C-F995-3535-3D4E823D6FE0">
<hideElementsInCurrentOnly>false</hideElementsInCurrentOnly>
<backgroundColor>-16777216</backgroundColor>
<lineWidth>1</lineWidth>
<points>
<point x="1400" y="370"/>
<point x="1351" y="370"/>
</points>
</Connector>
<Connector class="oracle.dbtools.crest.swingui.logical.TVRelation" oid="92E50510-E2EF-603A-A8AF-90C5B9F307A5" otype="Relation" vid_source="405B3613-1DB6-7EA3-4D4F-7BC32C0BF552" vid_target="98D2D71C-54EA-FE19-A3BA-8C05B4FFE461">
<hideElementsInCurrentOnly>false</hideElementsInCurrentOnly>
<backgroundColor>-16777216</backgroundColor>
<lineWidth>1</lineWidth>
<sourceLabel class="oracle.dbtools.crest.model.design.Label">
<site>0</site>
<labelBounds x="890" y="660" width="55" height="20"/>
<noBackgroundColor>true</noBackgroundColor>
<noForegroundColor>true</noForegroundColor>
</sourceLabel>
<targetLabel class="oracle.dbtools.crest.model.design.Label">
<site>2</site>
<labelBounds x="976" y="683" width="18" height="30"/>
<noBackgroundColor>true</noBackgroundColor>
<noForegroundColor>true</noForegroundColor>
</targetLabel>
<points>
<point x="880" y="680"/>
<point x="1000" y="680"/>
</points>
</Connector>
<Connector class="oracle.dbtools.crest.swingui.logical.TVInheritanceRelation" oid="94E303AF-7202-1426-4713-4FCC33794EC8" otype="Hierarchy relation" vid_source="2C9EB628-D64A-2CB8-0AC1-D270E11F0889" vid_target="98D2D71C-54EA-FE19-A3BA-8C05B4FFE461">
<hideElementsInCurrentOnly>false</hideElementsInCurrentOnly>
<backgroundColor>-65536</backgroundColor>
<lineWidth>1</lineWidth>
</Connector>
<Connector class="oracle.dbtools.crest.swingui.logical.TVRelation" oid="9662E876-05C4-8489-1933-9F511A663184" otype="Relation" vid_source="150667BB-7ADC-B04C-C3D4-D2E553EA0D2C" vid_target="150667BB-7ADC-B04C-C3D4-D2E553EA0D2C">
<hideElementsInCurrentOnly>false</hideElementsInCurrentOnly>
<backgroundColor>-16777216</backgroundColor>
<lineWidth>1</lineWidth>
<sourceLabel class="oracle.dbtools.crest.model.design.Label">
<site>0</site>
<labelBounds x="1050" y="283" width="51" height="22"/>
<noBackgroundColor>true</noBackgroundColor>
<noForegroundColor>true</noForegroundColor>
</sourceLabel>
<targetLabel class="oracle.dbtools.crest.model.design.Label">
<site>2</site>
<labelBounds x="970" y="327" width="52" height="36"/>
<noBackgroundColor>true</noBackgroundColor>
<noForegroundColor>true</noForegroundColor>
</targetLabel>
<points>
<point x="1011" y="290"/>
<point x="1050" y="290"/>
<point x="1050" y="340"/>
<point x="970" y="340"/>
<point x="970" y="311"/>
</points>
</Connector>
<Connector class="oracle.dbtools.crest.swingui.logical.TVRelation" oid="A28C17A0-EB1E-5D67-B035-E1D999F5161C" otype="Relation" vid_source="C6D07B24-C401-AAAA-B41D-0AC288171978" vid_target="474C54B0-1A2C-C256-C466-DF96D4F1E832">
<hideElementsInCurrentOnly>false</hideElementsInCurrentOnly>
<backgroundColor>-16777216</backgroundColor>
<lineWidth>1</lineWidth>
<sourceLabel class="oracle.dbtools.crest.model.design.Label">
<site>0</site>
<labelBounds x="161" y="788" width="71" height="22"/>
<noBackgroundColor>true</noBackgroundColor>
<noForegroundColor>true</noForegroundColor>
</sourceLabel>
<targetLabel class="oracle.dbtools.crest.model.design.Label">
<site>2</site>
<labelBounds x="1456" y="813" width="18" height="30"/>
<noBackgroundColor>true</noBackgroundColor>
<noForegroundColor>true</noForegroundColor>
</targetLabel>
<points>
<point x="151" y="810"/>
<point x="1000" y="810"/>
<point x="1480" y="810"/>
</points>
</Connector>
<Connector class="oracle.dbtools.crest.swingui.logical.TVRelation" oid="AB8125B7-2F00-0134-B814-FB9DEB25D29C" otype="Relation" vid_source="EB7DB13C-702E-3EBD-F5A5-C01E107D7FE0" vid_target="74A36B74-D45A-34CF-8367-05707CE844A4">
<hideElementsInCurrentOnly>false</hideElementsInCurrentOnly>
<backgroundColor>-16777216</backgroundColor>
<lineWidth>1</lineWidth>
<points>
<point x="1400" y="30"/>
<point x="1241" y="30"/>
</points>
</Connector>
<Connector class="oracle.dbtools.crest.swingui.logical.TVRelation" oid="AE4651E7-543E-DCCE-FC55-0A14A304B7D9" otype="Relation" vid_source="037894EA-7CA7-6F6B-EF65-21B925C672AB" vid_target="5F049EEA-21B6-535E-1420-99D077A338C4">
<hideElementsInCurrentOnly>false</hideElementsInCurrentOnly>
<backgroundColor>-16777216</backgroundColor>
<lineWidth>1</lineWidth>
<points>
<point x="83" y="368"/>
<point x="83" y="420"/>
</points>
</Connector>
<Connector class="oracle.dbtools.crest.swingui.logical.TVRelation" oid="B093B0DE-FBDC-495E-361A-8A3EBADD8C54" otype="Relation" vid_source="8836E1ED-678D-F0E3-2845-630E428185E7" vid_target="7D593094-3F08-2734-3BE7-2AF1CB8B5452">
<hideElementsInCurrentOnly>false</hideElementsInCurrentOnly>
<backgroundColor>-16777216</backgroundColor>
<lineWidth>1</lineWidth>
<points>
<point x="380" y="300"/>
<point x="300" y="300"/>
<point x="300" y="380"/>
</points>
</Connector>
<Connector class="oracle.dbtools.crest.swingui.logical.TVRelation" oid="B49E35D0-6E87-43B7-9E20-FCD552554493" otype="Relation" vid_source="405B3613-1DB6-7EA3-4D4F-7BC32C0BF552" vid_target="98D2D71C-54EA-FE19-A3BA-8C05B4FFE461">
<hideElementsInCurrentOnly>false</hideElementsInCurrentOnly>
<backgroundColor>-16777216</backgroundColor>
<lineWidth>1</lineWidth>
<sourceLabel class="oracle.dbtools.crest.model.design.Label">
<site>0</site>
<labelBounds x="890" y="640" width="51" height="20"/>
<noBackgroundColor>true</noBackgroundColor>
<noForegroundColor>true</noForegroundColor>
</sourceLabel>
<targetLabel class="oracle.dbtools.crest.model.design.Label">
<site>2</site>
<labelBounds x="976" y="663" width="18" height="30"/>
<noBackgroundColor>true</noBackgroundColor>
<noForegroundColor>true</noForegroundColor>
</targetLabel>
<points>
<point x="880" y="660"/>
<point x="1000" y="660"/>
</points>
</Connector>
<Connector class="oracle.dbtools.crest.swingui.logical.TVInheritanceRelation" oid="B9A5BAE4-8FE8-11A9-B7CA-92D4178A2686" otype="Hierarchy relation" vid_source="DA580025-D238-4FDD-05E9-2541A95B38C9" vid_target="14CEBC9F-7D69-0498-3EFD-788F66CE7404">
<hideElementsInCurrentOnly>false</hideElementsInCurrentOnly>
<backgroundColor>-65536</backgroundColor>
<lineWidth>1</lineWidth>
</Connector>
<Connector class="oracle.dbtools.crest.swingui.logical.TVRelation" oid="C0354806-B3E1-231B-0711-071BF9A95091" otype="Relation" vid_source="73A04393-C38A-4ED0-B7F9-6472B0F59DBC" vid_target="F0B2F7D9-85CD-B3E0-DB4E-4A2A7D83E84C">
<hideElementsInCurrentOnly>false</hideElementsInCurrentOnly>
<backgroundColor>-16777216</backgroundColor>
<lineWidth>1</lineWidth>
<sourceLabel class="oracle.dbtools.crest.model.design.Label">
<site>0</site>
<labelBounds x="330" y="604" width="54" height="16"/>
<noBackgroundColor>true</noBackgroundColor>
<noForegroundColor>true</noForegroundColor>
</sourceLabel>
<targetLabel class="oracle.dbtools.crest.model.design.Label">
<site>2</site>
<labelBounds x="341" y="623" width="18" height="30"/>
<noBackgroundColor>true</noBackgroundColor>
<noForegroundColor>true</noForegroundColor>
</targetLabel>
<points>
<point x="390" y="620"/>
<point x="331" y="620"/>
</points>
</Connector>
<Connector class="oracle.dbtools.crest.swingui.logical.TVRelation" oid="C398F9B5-757B-7376-EE89-E7779D1D8F44" otype="Relation" vid_source="150667BB-7ADC-B04C-C3D4-D2E553EA0D2C" vid_target="DBE4E38C-B067-B6A5-6BBB-C76452B80A65">
<hideElementsInCurrentOnly>false</hideElementsInCurrentOnly>
<backgroundColor>-16777216</backgroundColor>
<lineWidth>1</lineWidth>
<sourceLabel class="oracle.dbtools.crest.model.design.Label">
<site>0</site>
<labelBounds x="920" y="377" width="64" height="20"/>
<noBackgroundColor>true</noBackgroundColor>
<noForegroundColor>true</noForegroundColor>
</sourceLabel>
<targetLabel class="oracle.dbtools.crest.model.design.Label">
<site>2</site>
<labelBounds x="721" y="477" width="18" height="30"/>
<noBackgroundColor>true</noBackgroundColor>
<noForegroundColor>true</noForegroundColor>
</targetLabel>
<points>
<point x="920" y="311"/>
<point x="920" y="510"/>
<point x="711" y="510"/>
</points>
</Connector>
<Connector class="oracle.dbtools.crest.swingui.logical.TVRelation" oid="C4AD3CAE-D611-4BA0-852E-02DB0B36CFEC" otype="Relation" vid_source="9BC9676F-A71E-CE3A-46BE-815B9BB5C528" vid_target="0B432C43-6718-805F-6C18-463836DE9CED">
<hideElementsInCurrentOnly>false</hideElementsInCurrentOnly>
<backgroundColor>-16777216</backgroundColor>
<lineWidth>1</lineWidth>
<points>
<point x="331" y="45"/>
<point x="460" y="45"/>
</points>
</Connector>
<Connector class="oracle.dbtools.crest.swingui.logical.TVRelation" oid="C5961431-16C9-A658-C6B3-4A7A5C801708" otype="Relation" vid_source="405B3613-1DB6-7EA3-4D4F-7BC32C0BF552" vid_target="14CEBC9F-7D69-0498-3EFD-788F66CE7404">
<hideElementsInCurrentOnly>false</hideElementsInCurrentOnly>
<backgroundColor>-16777216</backgroundColor>
<lineWidth>1</lineWidth>
<sourceLabel class="oracle.dbtools.crest.model.design.Label">
<site>0</site>
<labelBounds x="730" y="660" width="44" height="20"/>
<noBackgroundColor>true</noBackgroundColor>
<noForegroundColor>true</noForegroundColor>
</sourceLabel>
<targetLabel class="oracle.dbtools.crest.model.design.Label">
<site>2</site>
<labelBounds x="650" y="675" width="20" height="42"/>
<noBackgroundColor>true</noBackgroundColor>
<noForegroundColor>true</noForegroundColor>
</targetLabel>
<points>
<point x="780" y="680"/>
<point x="650" y="680"/>
<point x="650" y="641"/>
</points>
</Connector>
<Connector class="oracle.dbtools.crest.swingui.logical.TVRelation" oid="C6EB0182-49D8-FE6E-1E3C-29B96435B786" otype="Relation" vid_source="2C9EB628-D64A-2CB8-0AC1-D270E11F0889" vid_target="474C54B0-1A2C-C256-C466-DF96D4F1E832">
<hideElementsInCurrentOnly>false</hideElementsInCurrentOnly>
<backgroundColor>-16777216</backgroundColor>
<lineWidth>1</lineWidth>
<sourceLabel class="oracle.dbtools.crest.model.design.Label">
<site>0</site>
<labelBounds x="1139" y="681" width="51" height="30"/>
<noBackgroundColor>true</noBackgroundColor>
<noForegroundColor>true</noForegroundColor>
</sourceLabel>
<targetLabel class="oracle.dbtools.crest.model.design.Label">
<site>2</site>
<labelBounds x="1460" y="714" width="14" height="32"/>
<noBackgroundColor>true</noBackgroundColor>
<noForegroundColor>true</noForegroundColor>
</targetLabel>
<points>
<point x="1129" y="711"/>
<point x="1480" y="711"/>
</points>
</Connector>
<Connector class="oracle.dbtools.crest.swingui.logical.TVRelation" oid="C7331AEB-3FC9-0553-E0C8-D0297128CA57" otype="Relation" vid_source="150667BB-7ADC-B04C-C3D4-D2E553EA0D2C" vid_target="33374573-BA00-2742-2279-36E241B9DF45">
<hideElementsInCurrentOnly>false</hideElementsInCurrentOnly>
<backgroundColor>-16777216</backgroundColor>
<lineWidth>1</lineWidth>
<sourceLabel class="oracle.dbtools.crest.model.design.Label">
<site>0</site>
<labelBounds x="1021" y="249" width="46" height="16"/>
<noBackgroundColor>true</noBackgroundColor>
<noForegroundColor>true</noForegroundColor>
</sourceLabel>
<targetLabel class="oracle.dbtools.crest.model.design.Label">
<site>2</site>
<labelBounds x="1176" y="268" width="18" height="30"/>
<noBackgroundColor>true</noBackgroundColor>
<noForegroundColor>true</noForegroundColor>
</targetLabel>
<points>
<point x="1011" y="265"/>
<point x="1200" y="265"/>
</points>
</Connector>
<Connector class="oracle.dbtools.crest.swingui.logical.TVRelation" oid="C8335FEE-6BF5-8C9B-62FF-1399E4AF35D8" otype="Relation" vid_source="405B3613-1DB6-7EA3-4D4F-7BC32C0BF552" vid_target="3BFB289C-0A00-34A7-9867-560D8B84ED49">
<hideElementsInCurrentOnly>false</hideElementsInCurrentOnly>
<backgroundColor>-16777216</backgroundColor>
<lineWidth>1</lineWidth>
<sourceLabel class="oracle.dbtools.crest.model.design.Label">
<site>0</site>
<labelBounds x="722" y="680" width="52" height="30"/>
<noBackgroundColor>true</noBackgroundColor>
<noForegroundColor>true</noForegroundColor>
</sourceLabel>
<targetLabel class="oracle.dbtools.crest.model.design.Label">
<site>2</site>
<labelBounds x="550" y="297" width="18" height="30"/>
<noBackgroundColor>true</noBackgroundColor>
<noForegroundColor>true</noForegroundColor>
</targetLabel>
<points>
<point x="780" y="710"/>
<point x="550" y="710"/>
<point x="550" y="221"/>
</points>
</Connector>
<Connector class="oracle.dbtools.crest.swingui.logical.TVRelation" oid="CB031009-4E68-227D-F011-BB3A1970675E" otype="Relation" vid_source="405B3613-1DB6-7EA3-4D4F-7BC32C0BF552" vid_target="C6D07B24-C401-AAAA-B41D-0AC288171978">
<hideElementsInCurrentOnly>false</hideElementsInCurrentOnly>
<backgroundColor>-16777216</backgroundColor>
<lineWidth>1</lineWidth>
<sourceLabel class="oracle.dbtools.crest.model.design.Label">
<site>0</site>
<labelBounds x="726" y="708" width="48" height="22"/>
<noBackgroundColor>true</noBackgroundColor>
<noForegroundColor>true</noForegroundColor>
</sourceLabel>
<targetLabel class="oracle.dbtools.crest.model.design.Label">
<site>2</site>
<labelBounds x="161" y="733" width="18" height="30"/>
<noBackgroundColor>true</noBackgroundColor>
<noForegroundColor>true</noForegroundColor>
</targetLabel>
<points>
<point x="780" y="730"/>
<point x="151" y="730"/>
</points>
</Connector>
<Connector class="oracle.dbtools.crest.swingui.logical.TVRelation" oid="CB29EB87-8096-D7D4-507E-4D166C2AD094" otype="Relation" vid_source="4EEDA0CF-D118-F0D0-8ED0-0A9D710ED05B" vid_target="4B26C971-6AA0-4F80-813B-6DB6C8C2C615">
<hideElementsInCurrentOnly>false</hideElementsInCurrentOnly>
<backgroundColor>-16777216</backgroundColor>
<lineWidth>1</lineWidth>
<points>
<point x="1400" y="516"/>
<point x="1351" y="516"/>
</points>
</Connector>
<Connector class="oracle.dbtools.crest.swingui.logical.TVInheritanceRelation" oid="CB39FCF1-4826-4AE1-C8DA-B5E11D6B1D31" otype="Hierarchy relation" vid_source="DA580025-D238-4FDD-05E9-2541A95B38C9" vid_target="DBE4E38C-B067-B6A5-6BBB-C76452B80A65">
<hideElementsInCurrentOnly>false</hideElementsInCurrentOnly>
<backgroundColor>-65536</backgroundColor>
<lineWidth>1</lineWidth>
</Connector>
<Connector class="oracle.dbtools.crest.swingui.logical.TVRelation" oid="D02B49DD-CB14-52F5-3C5D-4B245B29182A" otype="Relation" vid_source="405B3613-1DB6-7EA3-4D4F-7BC32C0BF552" vid_target="405B3613-1DB6-7EA3-4D4F-7BC32C0BF552">
<hideElementsInCurrentOnly>false</hideElementsInCurrentOnly>
<backgroundColor>-16777216</backgroundColor>
<lineWidth>1</lineWidth>
<sourceLabel class="oracle.dbtools.crest.model.design.Label">
<site>0</site>
<labelBounds x="910" y="685" width="34" height="30"/>
<noBackgroundColor>true</noBackgroundColor>
<noForegroundColor>true</noForegroundColor>
</sourceLabel>
<targetLabel class="oracle.dbtools.crest.model.design.Label">
<site>2</site>
<labelBounds x="850" y="757" width="18" height="30"/>
<noBackgroundColor>true</noBackgroundColor>
<noForegroundColor>true</noForegroundColor>
</targetLabel>
<points>
<point x="880" y="700"/>
<point x="910" y="700"/>
<point x="910" y="770"/>
<point x="850" y="770"/>
<point x="850" y="741"/>
</points>
</Connector>
<Connector class="oracle.dbtools.crest.swingui.logical.TVRelation" oid="D72FFA82-BC4D-3669-AD74-F7CB084573C8" otype="Relation" vid_source="7D593094-3F08-2734-3BE7-2AF1CB8B5452" vid_target="8731E078-62B2-28EE-EEDA-26CA5BECFA03">
<hideElementsInCurrentOnly>false</hideElementsInCurrentOnly>
<backgroundColor>-16777216</backgroundColor>
<lineWidth>1</lineWidth>
<points>
<point x="260" y="380"/>
<point x="260" y="300"/>
<point x="90" y="300"/>
<point x="90" y="231"/>
</points>
</Connector>
<Connector class="oracle.dbtools.crest.swingui.logical.TVRelation" oid="DA8D6187-A0D3-35A7-2975-0CAB30F85786" otype="Relation" vid_source="3BFB289C-0A00-34A7-9867-560D8B84ED49" vid_target="2C9EB628-D64A-2CB8-0AC1-D270E11F0889">
<hideElementsInCurrentOnly>false</hideElementsInCurrentOnly>
<backgroundColor>-16777216</backgroundColor>
<lineWidth>1</lineWidth>
<sourceLabel class="oracle.dbtools.crest.model.design.Label">
<site>0</site>
<labelBounds x="622" y="169" width="39" height="21"/>
<noBackgroundColor>true</noBackgroundColor>
<noForegroundColor>true</noForegroundColor>
</sourceLabel>
<targetLabel class="oracle.dbtools.crest.model.design.Label">
<site>2</site>
<labelBounds x="950" y="403" width="24" height="26"/>
<noBackgroundColor>true</noBackgroundColor>
<noForegroundColor>true</noForegroundColor>
</targetLabel>
<points>
<point x="612" y="190"/>
<point x="850" y="190"/>
<point x="850" y="400"/>
<point x="980" y="400"/>
</points>
</Connector>
<Connector class="oracle.dbtools.crest.swingui.logical.TVRelation" oid="DF895C00-C575-4C15-3070-103C002B7428" otype="Relation" vid_source="7D593094-3F08-2734-3BE7-2AF1CB8B5452" vid_target="89912B7A-7246-947F-4AFB-DD31C5B3652E">
<hideElementsInCurrentOnly>false</hideElementsInCurrentOnly>
<backgroundColor>-16777216</backgroundColor>
<lineWidth>1</lineWidth>
<points>
<point x="331" y="490"/>
<point x="390" y="490"/>
</points>
</Connector>
<Connector class="oracle.dbtools.crest.swingui.logical.TVRelation" oid="E660E3BC-D400-9916-DCF4-9547E079F2F9" otype="Relation" vid_source="4B26C971-6AA0-4F80-813B-6DB6C8C2C615" vid_target="2C9EB628-D64A-2CB8-0AC1-D270E11F0889">
<hideElementsInCurrentOnly>false</hideElementsInCurrentOnly>
<backgroundColor>-16777216</backgroundColor>
<lineWidth>1</lineWidth>
<sourceLabel class="oracle.dbtools.crest.model.design.Label">
<site>0</site>
<labelBounds x="1140" y="500" width="54" height="22"/>
<noBackgroundColor>true</noBackgroundColor>
<noForegroundColor>true</noForegroundColor>
</sourceLabel>
<targetLabel class="oracle.dbtools.crest.model.design.Label">
<site>2</site>
<labelBounds x="1139" y="525" width="22" height="29"/>
<noBackgroundColor>true</noBackgroundColor>
<noForegroundColor>true</noForegroundColor>
</targetLabel>
<points>
<point x="1200" y="522"/>
<point x="1129" y="522"/>
</points>
</Connector>
<Connector class="oracle.dbtools.crest.swingui.logical.TVRelation" oid="EA673964-F28E-0C5A-0CA9-DCDAAF867932" otype="Relation" vid_source="7FB94616-81EB-F4FE-0CEB-E7F86F7E33EA" vid_target="474C54B0-1A2C-C256-C466-DF96D4F1E832">
<hideElementsInCurrentOnly>false</hideElementsInCurrentOnly>
<backgroundColor>-16777216</backgroundColor>
<lineWidth>1</lineWidth>
<sourceLabel class="oracle.dbtools.crest.model.design.Label">
<site>0</site>
<labelBounds x="1290" y="743" width="51" height="30"/>
<noBackgroundColor>true</noBackgroundColor>
<noForegroundColor>true</noForegroundColor>
</sourceLabel>
<targetLabel class="oracle.dbtools.crest.model.design.Label">
<site>2</site>
<labelBounds x="1438" y="783" width="36" height="31"/>
<noBackgroundColor>true</noBackgroundColor>
<noForegroundColor>true</noForegroundColor>
</targetLabel>
<points>
<point x="1290" y="691"/>
<point x="1290" y="780"/>
<point x="1480" y="780"/>
</points>
</Connector>
<Connector class="oracle.dbtools.crest.swingui.logical.TVRelation" oid="F10153D8-3DF1-2E90-D950-5B4DDFFDD3F8" otype="Relation" vid_source="7D593094-3F08-2734-3BE7-2AF1CB8B5452" vid_target="F0B2F7D9-85CD-B3E0-DB4E-4A2A7D83E84C">
<hideElementsInCurrentOnly>false</hideElementsInCurrentOnly>
<backgroundColor>-16777216</backgroundColor>
<lineWidth>1</lineWidth>
<sourceLabel class="oracle.dbtools.crest.model.design.Label">
<site>0</site>
<labelBounds x="265" y="613" width="18" height="30"/>
<noBackgroundColor>true</noBackgroundColor>
<noForegroundColor>true</noForegroundColor>
</sourceLabel>
<targetLabel class="oracle.dbtools.crest.model.design.Label">
<site>2</site>
<labelBounds x="265" y="540" width="51" height="26"/>
<noBackgroundColor>true</noBackgroundColor>
<noForegroundColor>true</noForegroundColor>
</targetLabel>
<points>
<point x="265" y="521"/>
<point x="265" y="580"/>
</points>
</Connector>
<Connector class="oracle.dbtools.crest.swingui.logical.TVRelation" oid="F64B3C97-39BC-FFF8-E651-5B25F5170F01" otype="Relation" vid_source="17633AB9-7027-AC7E-83DA-2619A22299DD" vid_target="93904274-020C-09E6-3369-5A849ED86EE6">
<hideElementsInCurrentOnly>false</hideElementsInCurrentOnly>
<backgroundColor>-16777216</backgroundColor>
<lineWidth>1</lineWidth>
<points>
<point x="1523" y="368"/>
<point x="1624" y="368"/>
<point x="1624" y="410"/>
</points>
</Connector>
<Connector class="oracle.dbtools.crest.swingui.logical.TVRelation" oid="F89B5535-3162-9511-7B04-8355E5A7605D" otype="Relation" vid_source="685768CE-A782-8EB6-F3F0-C67138A9F92D" vid_target="FAB1B4D1-5E2A-D0CF-7761-F49D4C27997D">
<hideElementsInCurrentOnly>false</hideElementsInCurrentOnly>
<backgroundColor>-16777216</backgroundColor>
<lineWidth>1</lineWidth>
<points>
<point x="755" y="151"/>
<point x="755" y="220"/>
</points>
</Connector>
<Connector class="oracle.dbtools.crest.swingui.logical.TVRelation" oid="FD98ACBC-0EDE-89C9-C01C-5B0C683601A2" otype="Relation" vid_source="150667BB-7ADC-B04C-C3D4-D2E553EA0D2C" vid_target="FAB1B4D1-5E2A-D0CF-7761-F49D4C27997D">
<hideElementsInCurrentOnly>false</hideElementsInCurrentOnly>
<backgroundColor>-16777216</backgroundColor>
<lineWidth>1</lineWidth>
<points>
<point x="890" y="265"/>
<point x="822" y="265"/>
</points>
</Connector>
<Connector class="oracle.dbtools.crest.swingui.logical.TVRelation" oid="FE09C23F-B4E7-E380-5765-0480B9213632" otype="Relation" vid_source="2C9EB628-D64A-2CB8-0AC1-D270E11F0889" vid_target="FAB1B4D1-5E2A-D0CF-7761-F49D4C27997D">
<hideElementsInCurrentOnly>false</hideElementsInCurrentOnly>
<backgroundColor>-16777216</backgroundColor>
<lineWidth>1</lineWidth>
<points>
<point x="980" y="470"/>
<point x="760" y="470"/>
<point x="760" y="331"/>
</points>
</Connector>
</connectors>
<arcs>
<Arc class="oracle.dbtools.crest.swingui.logical.TVArc" oid="42E2FB7B-C15C-3218-09FB-0F9FAFFCA948" otype="Arc" vid="09C459D2-ED26-C77E-99CF-59F56E53AD25">
<hideElementsInCurrentOnly>false</hideElementsInCurrentOnly>
<bounds x="1460" y="650" width="148" height="181"/>
</Arc>
</arcs>
</Diagram>