<?xml version = '1.0' encoding = 'UTF-8'?>
<Entity class="oracle.dbtools.crest.model.design.logical.Entity" directorySegmentName="seg_0" id="14DAF8C6-92F7-67B2-FF7B-92C7FC013E71" name="juridico">
<createdBy>AntonioB</createdBy>
<createdTime>2020-11-14 01:13:36 UTC</createdTime>
<ownerDesignName>DPRO</ownerDesignName>
<engineerTo>
<item key="FD47ED64-2DA0-9308-D3B0-220639D09D6B" value="true"/>
</engineerTo>
<adequatelyNormalized>NO</adequatelyNormalized>
<expectedVolumes>0</expectedVolumes>
<fwdEngineeringStrategyName>Single Table</fwdEngineeringStrategyName>
<growthPercent>0</growthPercent>
<growthType>Year</growthType>
<hierarchicalParent>C298CA42-98AC-87E7-F990-590B32BD89D6</hierarchicalParent>
<maxVolumes>9999999</maxVolumes>
<minVolumes>0</minVolumes>
<normalForm>Third</normalForm>
<attributes itemClass="oracle.dbtools.crest.model.design.logical.Attribute">
<Attribute name="cl_rif" id="EB7F35EA-F7F5-D9AA-E21C-63E86FEA2F92">
<createdBy>AntonioB</createdBy>
<createdTime>2020-11-14 01:13:36 UTC</createdTime>
<ownerDesignName>DPRO</ownerDesignName>
<engineerTo>
<item key="FD47ED64-2DA0-9308-D3B0-220639D09D6B" value="true"/>
</engineerTo>
<use>0</use>
<ownDataTypeParameters>,,</ownDataTypeParameters>
</Attribute>
<Attribute name="cl_razon_social" id="13BB40C8-F627-DCD6-E44E-944C3A4A891F">
<createdBy>AntonioB</createdBy>
<createdTime>2020-11-14 01:13:36 UTC</createdTime>
<ownerDesignName>DPRO</ownerDesignName>
<engineerTo>
<item key="FD47ED64-2DA0-9308-D3B0-220639D09D6B" value="true"/>
</engineerTo>
<use>0</use>
<ownDataTypeParameters>,,</ownDataTypeParameters>
</Attribute>
<Attribute name="cl_pagina_web" id="E72E1B95-5703-6B09-8DED-B4FBC1586A28">
<createdBy>AntonioB</createdBy>
<createdTime>2020-11-14 01:13:36 UTC</createdTime>
<ownerDesignName>DPRO</ownerDesignName>
<engineerTo>
<item key="FD47ED64-2DA0-9308-D3B0-220639D09D6B" value="true"/>
</engineerTo>
<nullsAllowed>true</nullsAllowed>
<use>0</use>
<ownDataTypeParameters>,,</ownDataTypeParameters>
</Attribute>
<Attribute name="cl_den_comercial" id="D5BA26E3-05EE-35F8-2AAA-61DDB0769606">
<createdBy>AntonioB</createdBy>
<createdTime>2020-11-14 01:13:36 UTC</createdTime>
<ownerDesignName>DPRO</ownerDesignName>
<engineerTo>
<item key="FD47ED64-2DA0-9308-D3B0-220639D09D6B" value="true"/>
</engineerTo>
<use>0</use>
<ownDataTypeParameters>,,</ownDataTypeParameters>
</Attribute>
<Attribute name="cl_capital" id="11CFE09D-9FB6-CE65-5E2F-AE2D83E63374">
<createdBy>AntonioB</createdBy>
<createdTime>2020-11-14 01:13:36 UTC</createdTime>
<ownerDesignName>DPRO</ownerDesignName>
<engineerTo>
<item key="FD47ED64-2DA0-9308-D3B0-220639D09D6B" value="true"/>
</engineerTo>
<use>0</use>
<ownDataTypeParameters>,,</ownDataTypeParameters>
</Attribute>
<Attribute name="lu_codigo" id="A5EC7A36-ED87-DC22-68E6-B5AB96CDD0B5">
<createdBy>AntonioB</createdBy>
<createdTime>2020-11-24 23:49:20 UTC</createdTime>
<generatorID>92E50510-E2EF-603A-A8AF-90C5B9F307A5</generatorID>
<ownerDesignName>DPRO</ownerDesignName>
<engineerTo>
<item key="FD47ED64-2DA0-9308-D3B0-220639D09D6B" value="true"/>
</engineerTo>
<referedAttribute>F2329AB5-5551-3EE2-A258-63A30E3032F6</referedAttribute>
<use>0</use>
<ownDataTypeParameters>,,</ownDataTypeParameters>
</Attribute>
<Attribute name="lu_codigo1" id="834539CF-5A8D-CB38-1777-B63EE594E308">
<createdBy>AntonioB</createdBy>
<createdTime>2020-11-24 23:49:37 UTC</createdTime>
<generatorID>B49E35D0-6E87-43B7-9E20-FCD552554493</generatorID>
<ownerDesignName>DPRO</ownerDesignName>
<engineerTo>
<item key="FD47ED64-2DA0-9308-D3B0-220639D09D6B" value="true"/>
</engineerTo>
<referedAttribute>F2329AB5-5551-3EE2-A258-63A30E3032F6</referedAttribute>
<use>0</use>
<ownDataTypeParameters>,,</ownDataTypeParameters>
</Attribute>
</attributes>
<identifiers itemClass="oracle.dbtools.crest.model.design.logical.CandidateKey">
<identifier id="97447346-D4C1-5277-3A72-D5CE70D3D909" name="juridico PK">
<createdBy>AntonioB</createdBy>
<createdTime>2020-11-14 01:19:37 UTC</createdTime>
<ownerDesignName>DPRO</ownerDesignName>
<engineerTo>
<item key="FD47ED64-2DA0-9308-D3B0-220639D09D6B" value="true"/>
</engineerTo>
<pk>true</pk>
</identifier>
</identifiers>
</Entity>