<?xml version = '1.0' encoding = 'UTF-8'?>
<Entity class="oracle.dbtools.crest.model.design.logical.Entity" directorySegmentName="seg_0" id="18B31F8B-04FE-A11E-6A4B-D71352BEB222" name="orden_reposicion">
<createdBy>AntonioB</createdBy>
<createdTime>2020-11-14 01:49:37 UTC</createdTime>
<ownerDesignName>DPRO</ownerDesignName>
<engineerTo>
<item key="FD47ED64-2DA0-9308-D3B0-220639D09D6B" value="true"/>
</engineerTo>
<adequatelyNormalized>NO</adequatelyNormalized>
<expectedVolumes>0</expectedVolumes>
<fwdEngineeringStrategyName>Single Table</fwdEngineeringStrategyName>
<growthPercent>0</growthPercent>
<growthType>Year</growthType>
<maxVolumes>9999999</maxVolumes>
<minVolumes>0</minVolumes>
<normalForm>Third</normalForm>
<attributes itemClass="oracle.dbtools.crest.model.design.logical.Attribute">
<Attribute name="orre_id" id="1BA18A88-05C0-6A7A-0777-6EF9AA99A75F">
<createdBy>AntonioB</createdBy>
<createdTime>2020-11-14 01:49:52 UTC</createdTime>
<ownerDesignName>DPRO</ownerDesignName>
<engineerTo>
<item key="FD47ED64-2DA0-9308-D3B0-220639D09D6B" value="true"/>
</engineerTo>
<use>0</use>
<ownDataTypeParameters>,,</ownDataTypeParameters>
</Attribute>
<Attribute name="po_id" id="15CDAEEB-6A5B-78A3-D20F-5D85375ECEC5">
<createdBy>AntonioB</createdBy>
<createdTime>2020-11-14 01:50:32 UTC</createdTime>
<generatorID>8D216885-47BA-854A-E947-EC3567B861A8</generatorID>
<ownerDesignName>DPRO</ownerDesignName>
<engineerTo>
<item key="FD47ED64-2DA0-9308-D3B0-220639D09D6B" value="true"/>
</engineerTo>
<referedAttribute>8322879E-79AC-4861-BC84-55EE4AC49D58</referedAttribute>
<use>0</use>
<ownDataTypeParameters>,,</ownDataTypeParameters>
</Attribute>
<Attribute name="orre_fecha_hora" id="A4C32205-899B-C114-F853-EB10E831A15A">
<createdBy>AntonioB</createdBy>
<createdTime>2020-11-24 19:37:47 UTC</createdTime>
<ownerDesignName>DPRO</ownerDesignName>
<engineerTo>
<item key="FD47ED64-2DA0-9308-D3B0-220639D09D6B" value="true"/>
</engineerTo>
<use>0</use>
<ownDataTypeParameters>,,</ownDataTypeParameters>
</Attribute>
<Attribute name="orre_monto_cancelar" id="566AB11B-795D-9F8C-8F87-FBC0C948A127">
<createdBy>AntonioB</createdBy>
<createdTime>2020-11-24 19:38:02 UTC</createdTime>
<ownerDesignName>DPRO</ownerDesignName>
<engineerTo>
<item key="FD47ED64-2DA0-9308-D3B0-220639D09D6B" value="true"/>
</engineerTo>
<use>0</use>
<ownDataTypeParameters>,,</ownDataTypeParameters>
</Attribute>
<Attribute name="pr_id" id="AC12775A-31CE-CB92-BDBA-40376E0586C6">
<createdBy>AntonioB</createdBy>
<createdTime>2020-11-25 03:24:44 UTC</createdTime>
<generatorID>3CA13EB6-4DC2-A139-B6CB-D14E0D28493C</generatorID>
<ownerDesignName>DPRO</ownerDesignName>
<engineerTo>
<item key="FD47ED64-2DA0-9308-D3B0-220639D09D6B" value="true"/>
</engineerTo>
<referedAttribute>04EE5B6A-D849-90D4-B8CA-D885855B42DD</referedAttribute>
<use>0</use>
<ownDataTypeParameters>,,</ownDataTypeParameters>
</Attribute>
<Attribute name="ti_codigo" id="3948B613-A901-9CB0-E0EC-2581B6E2AD7E">
<createdBy>AntonioB</createdBy>
<createdTime>2020-11-25 03:47:09 UTC</createdTime>
<generatorID>812FE6BB-C171-D06D-306D-F3E1C5DCA434</generatorID>
<ownerDesignName>DPRO</ownerDesignName>
<engineerTo>
<item key="FD47ED64-2DA0-9308-D3B0-220639D09D6B" value="true"/>
</engineerTo>
<referedAttribute>2826C14E-E73C-1A1F-F803-5557F9B6A9B3</referedAttribute>
<use>0</use>
<ownDataTypeParameters>,,</ownDataTypeParameters>
</Attribute>
<Attribute name="orre_unidades" id="CE2498BA-181C-5B2D-91C3-E7073DB1C9A0">
<createdBy>AntonioB</createdBy>
<createdTime>2020-11-25 15:48:25 UTC</createdTime>
<ownerDesignName>DPRO</ownerDesignName>
<engineerTo>
<item key="FD47ED64-2DA0-9308-D3B0-220639D09D6B" value="true"/>
</engineerTo>
<use>0</use>
<ownDataTypeParameters>,,</ownDataTypeParameters>
</Attribute>
</attributes>
<identifiers itemClass="oracle.dbtools.crest.model.design.logical.CandidateKey">
<identifier id="4AFB7E14-3CFA-67B8-8893-DC54E411EAFB" name="proveedor_producto PK">
<createdBy>AntonioB</createdBy>
<createdTime>2020-11-14 02:13:09 UTC</createdTime>
<ownerDesignName>DPRO</ownerDesignName>
<engineerTo>
<item key="FD47ED64-2DA0-9308-D3B0-220639D09D6B" value="true"/>
</engineerTo>
<pk>true</pk>
<usedAttributes>
<attributeRef>15CDAEEB-6A5B-78A3-D20F-5D85375ECEC5</attributeRef>
<attributeRef>1BA18A88-05C0-6A7A-0777-6EF9AA99A75F</attributeRef>
<attributeRef>AC12775A-31CE-CB92-BDBA-40376E0586C6</attributeRef>
<attributeRef>3948B613-A901-9CB0-E0EC-2581B6E2AD7E</attributeRef>
</usedAttributes>
</identifier>
</identifiers>
</Entity>