<?xml version = '1.0' encoding = 'UTF-8'?>
<Entity class="oracle.dbtools.crest.model.design.logical.Entity" directorySegmentName="seg_0" id="33B67F81-6F89-B86C-4C60-D3A6DAED3442" name="vacaciones">
<createdBy>AntonioB</createdBy>
<createdTime>2020-11-24 19:41:20 UTC</createdTime>
<ownerDesignName>DPRO</ownerDesignName>
<engineerTo>
<item key="FD47ED64-2DA0-9308-D3B0-220639D09D6B" value="true"/>
</engineerTo>
<adequatelyNormalized>NO</adequatelyNormalized>
<expectedVolumes>0</expectedVolumes>
<fwdEngineeringStrategyName>Single Table</fwdEngineeringStrategyName>
<growthPercent>0</growthPercent>
<growthType>Year</growthType>
<maxVolumes>9999999</maxVolumes>
<minVolumes>0</minVolumes>
<normalForm>Third</normalForm>
<attributes itemClass="oracle.dbtools.crest.model.design.logical.Attribute">
<Attribute name="va_codigo" id="2D5E460E-10FA-BFF1-2AF2-A898C2707AE4">
<createdBy>AntonioB</createdBy>
<createdTime>2020-11-25 00:08:14 UTC</createdTime>
<ownerDesignName>DPRO</ownerDesignName>
<engineerTo>
<item key="FD47ED64-2DA0-9308-D3B0-220639D09D6B" value="true"/>
</engineerTo>
<use>0</use>
<ownDataTypeParameters>,,</ownDataTypeParameters>
</Attribute>
<Attribute name="va_estatus" id="D50FD52F-DC06-BCDE-29C0-0FFE085C0741">
<createdBy>AntonioB</createdBy>
<createdTime>2020-11-24 19:41:20 UTC</createdTime>
<ownerDesignName>DPRO</ownerDesignName>
<engineerTo>
<item key="FD47ED64-2DA0-9308-D3B0-220639D09D6B" value="true"/>
</engineerTo>
<use>0</use>
<ownDataTypeParameters>,,</ownDataTypeParameters>
</Attribute>
<Attribute name="va_fecha_inicio" id="8EF37218-1902-6C77-A0E6-A5412772D359">
<createdBy>AntonioB</createdBy>
<createdTime>2020-11-24 19:41:20 UTC</createdTime>
<ownerDesignName>DPRO</ownerDesignName>
<engineerTo>
<item key="FD47ED64-2DA0-9308-D3B0-220639D09D6B" value="true"/>
</engineerTo>
<use>0</use>
<ownDataTypeParameters>,,</ownDataTypeParameters>
</Attribute>
<Attribute name="va_fecha_fin" id="BE1ADF3E-8EE7-467E-F48F-8437C09F989D">
<createdBy>AntonioB</createdBy>
<createdTime>2020-11-24 19:41:42 UTC</createdTime>
<ownerDesignName>DPRO</ownerDesignName>
<engineerTo>
<item key="FD47ED64-2DA0-9308-D3B0-220639D09D6B" value="true"/>
</engineerTo>
<use>0</use>
<ownDataTypeParameters>,,</ownDataTypeParameters>
</Attribute>
<Attribute name="em_cedula" id="A6C5528C-B782-2338-B6E9-876558F554B6">
<createdBy>AntonioB</createdBy>
<createdTime>2020-11-25 00:16:21 UTC</createdTime>
<generatorID>6DBF8B4F-417B-26FA-96BF-3B471855D80E</generatorID>
<ownerDesignName>DPRO</ownerDesignName>
<engineerTo>
<item key="FD47ED64-2DA0-9308-D3B0-220639D09D6B" value="true"/>
</engineerTo>
<referedAttribute>9A8CA1C2-75F9-AB0C-F09D-81A90F2D13A2</referedAttribute>
<use>0</use>
<ownDataTypeParameters>,,</ownDataTypeParameters>
</Attribute>
</attributes>
<identifiers itemClass="oracle.dbtools.crest.model.design.logical.CandidateKey">
<identifier id="F84FAAB9-443D-3F09-3BF7-6553D6AC63FF" name="horario PK">
<createdBy>AntonioB</createdBy>
<createdTime>2020-11-24 19:41:20 UTC</createdTime>
<ownerDesignName>DPRO</ownerDesignName>
<engineerTo>
<item key="FD47ED64-2DA0-9308-D3B0-220639D09D6B" value="true"/>
</engineerTo>
<pk>true</pk>
<usedAttributes>
<attributeRef>2D5E460E-10FA-BFF1-2AF2-A898C2707AE4</attributeRef>
</usedAttributes>
</identifier>
</identifiers>
</Entity>