<?xml version = '1.0' encoding = 'UTF-8'?>
<Entity class="oracle.dbtools.crest.model.design.logical.Entity" directorySegmentName="seg_0" id="52439CBA-BB2C-1721-EC6F-A56E6B21CE9F" name="compra">
<createdBy>AntonioB</createdBy>
<createdTime>2020-11-24 20:51:37 UTC</createdTime>
<ownerDesignName>DPRO</ownerDesignName>
<engineerTo>
<item key="FD47ED64-2DA0-9308-D3B0-220639D09D6B" value="true"/>
</engineerTo>
<adequatelyNormalized>NO</adequatelyNormalized>
<expectedVolumes>0</expectedVolumes>
<fwdEngineeringStrategyName>Single Table</fwdEngineeringStrategyName>
<growthPercent>0</growthPercent>
<growthType>Year</growthType>
<maxVolumes>9999999</maxVolumes>
<minVolumes>0</minVolumes>
<normalForm>Third</normalForm>
<attributes itemClass="oracle.dbtools.crest.model.design.logical.Attribute">
<Attribute name="co_id" id="CCC1ECAC-1CE0-83D0-2540-0D5A4E42E9EB">
<createdBy>AntonioB</createdBy>
<createdTime>2020-11-24 20:51:43 UTC</createdTime>
<ownerDesignName>DPRO</ownerDesignName>
<engineerTo>
<item key="FD47ED64-2DA0-9308-D3B0-220639D09D6B" value="true"/>
</engineerTo>
<use>0</use>
<ownDataTypeParameters>,,</ownDataTypeParameters>
</Attribute>
<Attribute name="co_fecha_hora" id="1EAA92D8-C554-60F5-D818-DED578E9E2BE">
<createdBy>AntonioB</createdBy>
<createdTime>2020-11-24 20:51:48 UTC</createdTime>
<ownerDesignName>DPRO</ownerDesignName>
<engineerTo>
<item key="FD47ED64-2DA0-9308-D3B0-220639D09D6B" value="true"/>
</engineerTo>
<use>0</use>
<ownDataTypeParameters>,,</ownDataTypeParameters>
</Attribute>
<Attribute name="co_monto_cancelar" id="951C6647-89ED-8232-6037-C9E7DB465CC9">
<createdBy>AntonioB</createdBy>
<createdTime>2020-11-24 20:52:52 UTC</createdTime>
<ownerDesignName>DPRO</ownerDesignName>
<engineerTo>
<item key="FD47ED64-2DA0-9308-D3B0-220639D09D6B" value="true"/>
</engineerTo>
<use>0</use>
<ownDataTypeParameters>,,</ownDataTypeParameters>
</Attribute>
<Attribute name="cl_id" id="D18AB94B-8AD1-9CF0-9199-04A78CF07DB1">
<createdBy>AntonioB</createdBy>
<createdTime>2020-11-24 21:05:09 UTC</createdTime>
<generatorID>034B7E78-8368-AE28-0A54-3108B3EC7536</generatorID>
<ownerDesignName>DPRO</ownerDesignName>
<engineerTo>
<item key="FD47ED64-2DA0-9308-D3B0-220639D09D6B" value="true"/>
</engineerTo>
<referedAttribute>49CD219A-7DEC-ACFC-C65C-38BE946DCB6F</referedAttribute>
<use>0</use>
<ownDataTypeParameters>,,</ownDataTypeParameters>
</Attribute>
<Attribute name="ca_id" id="EA5D970F-16C4-067B-E2FC-A4E7D55519A8">
<createdBy>AntonioB</createdBy>
<createdTime>2020-11-24 21:05:29 UTC</createdTime>
<generatorID>4C787FB5-1439-51EE-0346-6437B003C12A</generatorID>
<ownerDesignName>DPRO</ownerDesignName>
<engineerTo>
<item key="FD47ED64-2DA0-9308-D3B0-220639D09D6B" value="true"/>
</engineerTo>
<referedAttribute>6B557713-7E17-D10E-62CF-811502DD2E06</referedAttribute>
<use>0</use>
<ownDataTypeParameters>,,</ownDataTypeParameters>
</Attribute>
<Attribute name="mepa_codigo" id="A1E80FF0-9248-2A99-5ED3-455ABD75BAB5">
<createdBy>AntonioB</createdBy>
<createdTime>2020-11-25 04:07:06 UTC</createdTime>
<generatorID>B608D568-8DA9-DF67-88FD-E3F82C957400</generatorID>
<ownerDesignName>DPRO</ownerDesignName>
<engineerTo>
<item key="FD47ED64-2DA0-9308-D3B0-220639D09D6B" value="true"/>
</engineerTo>
<referedAttribute>A2BC9B90-EE7D-2E6D-CF86-A3D2C74638A7</referedAttribute>
<use>0</use>
<ownDataTypeParameters>,,</ownDataTypeParameters>
</Attribute>
</attributes>
<identifiers itemClass="oracle.dbtools.crest.model.design.logical.CandidateKey">
<identifier id="1E116BDC-2B71-023B-A2A8-BE00791E6471" name="compra PK">
<createdBy>AntonioB</createdBy>
<createdTime>2020-11-24 20:52:49 UTC</createdTime>
<ownerDesignName>DPRO</ownerDesignName>
<engineerTo>
<item key="FD47ED64-2DA0-9308-D3B0-220639D09D6B" value="true"/>
</engineerTo>
<pk>true</pk>
<usedAttributes>
<attributeRef>CCC1ECAC-1CE0-83D0-2540-0D5A4E42E9EB</attributeRef>
</usedAttributes>
</identifier>
</identifiers>
</Entity>