<?xml version = '1.0' encoding = 'UTF-8'?>
<Entity class="oracle.dbtools.crest.model.design.logical.Entity" directorySegmentName="seg_0" id="6287B417-F4CF-9E40-9015-102000CBE4DE" name="tienda">
<createdBy>AntonioB</createdBy>
<createdTime>2020-11-14 01:41:51 UTC</createdTime>
<ownerDesignName>DPRO</ownerDesignName>
<engineerTo>
<item key="FD47ED64-2DA0-9308-D3B0-220639D09D6B" value="true"/>
</engineerTo>
<adequatelyNormalized>NO</adequatelyNormalized>
<expectedVolumes>0</expectedVolumes>
<fwdEngineeringStrategyName>Single Table</fwdEngineeringStrategyName>
<growthPercent>0</growthPercent>
<growthType>Year</growthType>
<maxVolumes>9999999</maxVolumes>
<minVolumes>0</minVolumes>
<normalForm>Third</normalForm>
<attributes itemClass="oracle.dbtools.crest.model.design.logical.Attribute">
<Attribute name="ti_codigo" id="2826C14E-E73C-1A1F-F803-5557F9B6A9B3">
<createdBy>AntonioB</createdBy>
<createdTime>2020-11-14 01:52:03 UTC</createdTime>
<ownerDesignName>DPRO</ownerDesignName>
<engineerTo>
<item key="FD47ED64-2DA0-9308-D3B0-220639D09D6B" value="true"/>
</engineerTo>
<use>0</use>
<ownDataTypeParameters>,,</ownDataTypeParameters>
</Attribute>
<Attribute name="lu_codigo" id="D2C5465D-0646-5C49-DD52-A1D86B7CA1D9">
<createdBy>AntonioB</createdBy>
<createdTime>2020-11-24 23:51:38 UTC</createdTime>
<generatorID>C8335FEE-6BF5-8C9B-62FF-1399E4AF35D8</generatorID>
<ownerDesignName>DPRO</ownerDesignName>
<engineerTo>
<item key="FD47ED64-2DA0-9308-D3B0-220639D09D6B" value="true"/>
</engineerTo>
<referedAttribute>F2329AB5-5551-3EE2-A258-63A30E3032F6</referedAttribute>
<use>0</use>
<ownDataTypeParameters>,,</ownDataTypeParameters>
</Attribute>
<Attribute name="ti_nombre" id="4A6C9AB4-312E-C822-5489-39BF45183187">
<createdBy>AntonioB</createdBy>
<createdTime>2020-11-25 15:15:57 UTC</createdTime>
<ownerDesignName>DPRO</ownerDesignName>
<engineerTo>
<item key="FD47ED64-2DA0-9308-D3B0-220639D09D6B" value="true"/>
</engineerTo>
<use>0</use>
<ownDataTypeParameters>,,</ownDataTypeParameters>
</Attribute>
</attributes>
<identifiers itemClass="oracle.dbtools.crest.model.design.logical.CandidateKey">
<identifier id="BBD5F155-40D4-19AE-D241-1BAD6AC3D3BE" name="tienda PK">
<createdBy>AntonioB</createdBy>
<createdTime>2020-11-14 01:53:45 UTC</createdTime>
<ownerDesignName>DPRO</ownerDesignName>
<engineerTo>
<item key="FD47ED64-2DA0-9308-D3B0-220639D09D6B" value="true"/>
</engineerTo>
<pk>true</pk>
<usedAttributes>
<attributeRef>2826C14E-E73C-1A1F-F803-5557F9B6A9B3</attributeRef>
</usedAttributes>
</identifier>
</identifiers>
</Entity>