<?xml version = '1.0' encoding = 'UTF-8'?>
<Entity class="oracle.dbtools.crest.model.design.logical.Entity" directorySegmentName="seg_0" id="65A94E77-681B-CE4E-F21E-BF23EC21A333" name="valor_puntos">
<createdBy>AntonioB</createdBy>
<createdTime>2020-11-26 02:07:32 UTC</createdTime>
<ownerDesignName>DPRO</ownerDesignName>
<engineerTo>
<item key="FD47ED64-2DA0-9308-D3B0-220639D09D6B" value="true"/>
</engineerTo>
<adequatelyNormalized>NO</adequatelyNormalized>
<expectedVolumes>0</expectedVolumes>
<fwdEngineeringStrategyName>Single Table</fwdEngineeringStrategyName>
<growthPercent>0</growthPercent>
<growthType>Year</growthType>
<maxVolumes>9999999</maxVolumes>
<minVolumes>0</minVolumes>
<normalForm>Third</normalForm>
<attributes itemClass="oracle.dbtools.crest.model.design.logical.Attribute">
<Attribute name="vapu_id" id="46E0811C-D565-1240-F72C-B21AA4033E97">
<createdBy>AntonioB</createdBy>
<createdTime>2020-11-26 02:07:42 UTC</createdTime>
<ownerDesignName>DPRO</ownerDesignName>
<engineerTo>
<item key="FD47ED64-2DA0-9308-D3B0-220639D09D6B" value="true"/>
</engineerTo>
<use>0</use>
<ownDataTypeParameters>,,</ownDataTypeParameters>
</Attribute>
<Attribute name="vapu_fecha" id="7EFF7279-602A-0F26-8478-76F8706B0B27">
<createdBy>AntonioB</createdBy>
<createdTime>2020-11-26 02:07:54 UTC</createdTime>
<ownerDesignName>DPRO</ownerDesignName>
<engineerTo>
<item key="FD47ED64-2DA0-9308-D3B0-220639D09D6B" value="true"/>
</engineerTo>
<use>0</use>
<ownDataTypeParameters>,,</ownDataTypeParameters>
</Attribute>
<Attribute name="vapu_valor" id="1A288663-B1A4-25E7-05C3-D1A8097A39DE">
<createdBy>AntonioB</createdBy>
<createdTime>2020-11-26 02:08:00 UTC</createdTime>
<ownerDesignName>DPRO</ownerDesignName>
<engineerTo>
<item key="FD47ED64-2DA0-9308-D3B0-220639D09D6B" value="true"/>
</engineerTo>
<use>0</use>
<ownDataTypeParameters>,,</ownDataTypeParameters>
</Attribute>
</attributes>
<identifiers itemClass="oracle.dbtools.crest.model.design.logical.CandidateKey">
<identifier id="E2714D93-41F4-82B4-1521-D077AA7F2762" name="valor_puntos PK">
<createdBy>AntonioB</createdBy>
<createdTime>2020-11-26 02:07:53 UTC</createdTime>
<ownerDesignName>DPRO</ownerDesignName>
<engineerTo>
<item key="FD47ED64-2DA0-9308-D3B0-220639D09D6B" value="true"/>
</engineerTo>
<pk>true</pk>
<usedAttributes>
<attributeRef>46E0811C-D565-1240-F72C-B21AA4033E97</attributeRef>
</usedAttributes>
</identifier>
</identifiers>
</Entity>