<?xml version = '1.0' encoding = 'UTF-8'?>
<Entity class="oracle.dbtools.crest.model.design.logical.Entity" directorySegmentName="seg_0" id="8BC969D3-6D55-96FB-0E39-BAB9F77653AB" name="control_entrada">
<createdBy>AntonioB</createdBy>
<createdTime>2020-11-24 19:39:41 UTC</createdTime>
<ownerDesignName>DPRO</ownerDesignName>
<engineerTo>
<item key="FD47ED64-2DA0-9308-D3B0-220639D09D6B" value="true"/>
</engineerTo>
<adequatelyNormalized>NO</adequatelyNormalized>
<expectedVolumes>0</expectedVolumes>
<fwdEngineeringStrategyName>Single Table</fwdEngineeringStrategyName>
<growthPercent>0</growthPercent>
<growthType>Year</growthType>
<maxVolumes>9999999</maxVolumes>
<minVolumes>0</minVolumes>
<normalForm>Third</normalForm>
<attributes itemClass="oracle.dbtools.crest.model.design.logical.Attribute">
<Attribute name="coen_codigo" id="1B3E950F-0B8A-519A-6001-4A5250F3FD43">
<createdBy>AntonioB</createdBy>
<createdTime>2020-11-24 19:42:49 UTC</createdTime>
<ownerDesignName>DPRO</ownerDesignName>
<engineerTo>
<item key="FD47ED64-2DA0-9308-D3B0-220639D09D6B" value="true"/>
</engineerTo>
<use>0</use>
<ownDataTypeParameters>,,</ownDataTypeParameters>
</Attribute>
<Attribute name="coen_fecha" id="7CCFEC44-B0BD-07EE-B39B-18AB76B72CFC">
<createdBy>AntonioB</createdBy>
<createdTime>2020-11-24 19:39:41 UTC</createdTime>
<ownerDesignName>DPRO</ownerDesignName>
<engineerTo>
<item key="FD47ED64-2DA0-9308-D3B0-220639D09D6B" value="true"/>
</engineerTo>
<use>0</use>
<ownDataTypeParameters>,,</ownDataTypeParameters>
</Attribute>
<Attribute name="coen_hora_entrada" id="0E1A2316-4D1E-D8B1-1FAE-540D0DFAAB04">
<createdBy>AntonioB</createdBy>
<createdTime>2020-11-24 19:39:41 UTC</createdTime>
<ownerDesignName>DPRO</ownerDesignName>
<engineerTo>
<item key="FD47ED64-2DA0-9308-D3B0-220639D09D6B" value="true"/>
</engineerTo>
<use>0</use>
<ownDataTypeParameters>,,</ownDataTypeParameters>
</Attribute>
<Attribute name="coen_hora_salida" id="B3A2BDEC-9FB0-197A-7634-24F246D53C67">
<createdBy>AntonioB</createdBy>
<createdTime>2020-11-24 19:39:41 UTC</createdTime>
<ownerDesignName>DPRO</ownerDesignName>
<engineerTo>
<item key="FD47ED64-2DA0-9308-D3B0-220639D09D6B" value="true"/>
</engineerTo>
<use>0</use>
<ownDataTypeParameters>,,</ownDataTypeParameters>
</Attribute>
<Attribute name="em_cedula" id="0347A219-18A9-1698-E111-A8FCFA33B300">
<createdBy>AntonioB</createdBy>
<createdTime>2020-11-24 19:56:00 UTC</createdTime>
<generatorID>489C6A8A-4DA0-2743-AC80-F5040AA658CE</generatorID>
<ownerDesignName>DPRO</ownerDesignName>
<engineerTo>
<item key="FD47ED64-2DA0-9308-D3B0-220639D09D6B" value="true"/>
</engineerTo>
<referedAttribute>9A8CA1C2-75F9-AB0C-F09D-81A90F2D13A2</referedAttribute>
<use>0</use>
<ownDataTypeParameters>,,</ownDataTypeParameters>
</Attribute>
</attributes>
<identifiers itemClass="oracle.dbtools.crest.model.design.logical.CandidateKey">
<identifier id="D02FF178-EA37-5B4E-194B-CBAC5E8CD600" name="horario PK">
<createdBy>AntonioB</createdBy>
<createdTime>2020-11-24 19:39:41 UTC</createdTime>
<ownerDesignName>DPRO</ownerDesignName>
<engineerTo>
<item key="FD47ED64-2DA0-9308-D3B0-220639D09D6B" value="true"/>
</engineerTo>
<pk>true</pk>
<usedAttributes>
<attributeRef>1B3E950F-0B8A-519A-6001-4A5250F3FD43</attributeRef>
</usedAttributes>
</identifier>
</identifiers>
</Entity>