<?xml version = '1.0' encoding = 'UTF-8'?>
<Entity class="oracle.dbtools.crest.model.design.logical.Entity" directorySegmentName="seg_0" id="B5603FBA-ABCE-FC7D-3E70-C600FBE90FC4" name="producto_revista">
<createdBy>AntonioB</createdBy>
<createdTime>2020-11-26 02:31:21 UTC</createdTime>
<ownerDesignName>DPRO</ownerDesignName>
<engineerTo>
<item key="FD47ED64-2DA0-9308-D3B0-220639D09D6B" value="true"/>
</engineerTo>
<adequatelyNormalized>NO</adequatelyNormalized>
<expectedVolumes>0</expectedVolumes>
<fwdEngineeringStrategyName>Single Table</fwdEngineeringStrategyName>
<growthPercent>0</growthPercent>
<growthType>Year</growthType>
<maxVolumes>9999999</maxVolumes>
<minVolumes>0</minVolumes>
<normalForm>Third</normalForm>
<attributes itemClass="oracle.dbtools.crest.model.design.logical.Attribute">
<Attribute name="re_id" id="3196150E-D3F4-16DE-D716-AB4F54016C27">
<createdBy>AntonioB</createdBy>
<createdTime>2020-11-26 02:31:21 UTC</createdTime>
<generatorID>4F021374-8F67-7372-F317-F2949ECE15CE</generatorID>
<ownerDesignName>DPRO</ownerDesignName>
<engineerTo>
<item key="FD47ED64-2DA0-9308-D3B0-220639D09D6B" value="true"/>
</engineerTo>
<referedAttribute>97B993B2-9D00-B3A1-2122-5EE03D6DC863</referedAttribute>
<use>0</use>
<ownDataTypeParameters>,,</ownDataTypeParameters>
</Attribute>
<Attribute name="prre_descuento" id="9575FA65-D2E9-EE12-DE22-4B999A828A38">
<createdBy>AntonioB</createdBy>
<createdTime>2020-11-26 02:31:21 UTC</createdTime>
<ownerDesignName>DPRO</ownerDesignName>
<engineerTo>
<item key="FD47ED64-2DA0-9308-D3B0-220639D09D6B" value="true"/>
</engineerTo>
<use>0</use>
<ownDataTypeParameters>,,</ownDataTypeParameters>
</Attribute>
<Attribute name="pr_id" id="DB6A2FF7-DE3A-1FF4-C4CA-275B5D6E8D14">
<createdBy>AntonioB</createdBy>
<createdTime>2020-11-26 02:35:31 UTC</createdTime>
<generatorID>D7ACAA82-4AC1-1B7B-2ABF-0EC635742D60</generatorID>
<ownerDesignName>DPRO</ownerDesignName>
<engineerTo>
<item key="FD47ED64-2DA0-9308-D3B0-220639D09D6B" value="true"/>
</engineerTo>
<referedAttribute>04EE5B6A-D849-90D4-B8CA-D885855B42DD</referedAttribute>
<use>0</use>
<ownDataTypeParameters>,,</ownDataTypeParameters>
</Attribute>
</attributes>
<identifiers itemClass="oracle.dbtools.crest.model.design.logical.CandidateKey">
<identifier id="59CD3674-DEAD-8642-B3C7-A0620089C327" name="carrito_producto PK">
<createdBy>AntonioB</createdBy>
<createdTime>2020-11-26 02:31:21 UTC</createdTime>
<ownerDesignName>DPRO</ownerDesignName>
<engineerTo>
<item key="FD47ED64-2DA0-9308-D3B0-220639D09D6B" value="true"/>
</engineerTo>
<pk>true</pk>
<usedAttributes>
<attributeRef>3196150E-D3F4-16DE-D716-AB4F54016C27</attributeRef>
<attributeRef>DB6A2FF7-DE3A-1FF4-C4CA-275B5D6E8D14</attributeRef>
</usedAttributes>
</identifier>
</identifiers>
</Entity>