<?xml version = '1.0' encoding = 'UTF-8'?>
<FKIndexAssociation class="oracle.dbtools.crest.model.design.relational.FKIndexAssociation" directorySegmentName="seg_0" id="4589C51E-562C-4E47-4FE3-991772F1DF6D" containerWithKeyObject="AE21667B-1ED1-84E4-A1C6-55497D5F4905" localFKIndex="FDCA79F0-8A27-FDDC-4029-657F1E109984" name="empleado_tienda_FK">
<createdBy>AntonioB</createdBy>
<createdTime>2020-11-26 02:56:17 UTC</createdTime>
<generatorID>66EC6E1F-1635-7B16-0FB0-EA2606AE996A</generatorID>
<ownerDesignName>DPRO</ownerDesignName>
<referredTableLongName>tienda</referredTableLongName>
<deleteRule>NO ACTION</deleteRule>
<referredTableID>BCB8477D-357D-E399-019C-0D2FA8C2BC8E</referredTableID>
<keyObject>1D0B0E9B-8B93-45C6-CFFA-2A33787BA197</keyObject>
<referredKeyID>1D0B0E9B-8B93-45C6-CFFA-2A33787BA197</referredKeyID>
<mandatory>true</mandatory>
<refColNames>ti_codigo</refColNames>
<transferable>true</transferable>
<rely>false</rely>
<columnDependencyConstraintGenerateInDDL>true</columnDependencyConstraintGenerateInDDL>
</FKIndexAssociation>