<?xml version = '1.0' encoding = 'UTF-8'?>
<FKIndexAssociation class="oracle.dbtools.crest.model.design.relational.FKIndexAssociation" directorySegmentName="seg_0" id="E6B3CE61-B7CE-F893-D2D6-327F0C33DA3A" containerWithKeyObject="8EDCF528-ADD3-6715-3992-D1375100399D" localFKIndex="61FDBC37-3884-5A1D-BB59-75106C411B2B" name="cliente_medios_pago_FK">
<createdBy>AntonioB</createdBy>
<createdTime>2020-11-26 02:56:17 UTC</createdTime>
<generatorID>E660E3BC-D400-9916-DCF4-9547E079F2F9</generatorID>
<ownerDesignName>DPRO</ownerDesignName>
<referredTableLongName>medios_pago</referredTableLongName>
<deleteRule>NO ACTION</deleteRule>
<referredTableID>AFC08636-9722-4A4E-6D75-7A85E2596424</referredTableID>
<keyObject>A576D429-492F-8CEA-C03F-3F8A4E70A6C7</keyObject>
<referredKeyID>A576D429-492F-8CEA-C03F-3F8A4E70A6C7</referredKeyID>
<mandatory>true</mandatory>
<refColNames>mepa_codigo</refColNames>
<transferable>true</transferable>
<rely>false</rely>
<columnDependencyConstraintGenerateInDDL>true</columnDependencyConstraintGenerateInDDL>
</FKIndexAssociation>