<?xml version = '1.0' encoding = 'UTF-8'?>
<Arc class="oracle.dbtools.crest.model.design.logical.Arc" directorySegmentName="seg_0" id="42E2FB7B-C15C-3218-09FB-0F9FAFFCA948" name="Arc_1">
<createdBy>AntonioB</createdBy>
<createdTime>2020-11-25 02:36:17 UTC</createdTime>
<ownerDesignName>dpro</ownerDesignName>
<engineerTo>
<item key="FD47ED64-2DA0-9308-D3B0-220639D09D6B" value="true"/>
</engineerTo>
<entity>AAFBAAD8-CD14-D86A-A275-6879B7189386</entity>
<relations>
<relationID>C6EB0182-49D8-FE6E-1E3C-29B96435B786</relationID>
<relationID>A28C17A0-EB1E-5D67-B035-E1D999F5161C</relationID>
</relations>
</Arc>