<?xml version = '1.0' encoding = 'UTF-8'?>
<Diagram class="oracle.dbtools.crest.swingui.relational.DPVRelational" name="Relational_1" id="28DCEABB-F97B-7BDA-A738-98984259759A">
<createdBy>AntonioB</createdBy>
<modifiedBy>AntonioB</modifiedBy>
<createdTime>2020-11-26 02:55:56 UTC</createdTime>
<autoRoute>false</autoRoute>
<boxInbox>true</boxInbox>
<showLegend>false</showLegend>
<showLabels>false</showLabels>
<showRelAttributes>false</showRelAttributes>
<gridEnabled>false</gridEnabled>
<showGrid>false</showGrid>
<diagramColor>-1</diagramColor>
<display>false</display>
<notation>1</notation>
<objectViews>
<OView class="oracle.dbtools.crest.swingui.relational.TVTable" oid="0544D06E-D9D6-6F46-3FE6-40C43BE5F859" otype="Table" vid="B67314EB-0EBE-01A2-64CB-C28A3A5CDCAB">
<hideElementsInCurrentOnly>false</hideElementsInCurrentOnly>
<bounds x="2128" y="753" width="167" height="90"/>
</OView>
<OView class="oracle.dbtools.crest.swingui.relational.TVTable" oid="3CB87FF7-F9B8-9D99-EA73-1811F34741CE" otype="Table" vid="43933752-491C-97D9-1D3E-CFC41D384153">
<hideElementsInCurrentOnly>false</hideElementsInCurrentOnly>
<bounds x="1505" y="893" width="224" height="222"/>
</OView>
<OView class="oracle.dbtools.crest.swingui.relational.TVTable" oid="8EDCF528-ADD3-6715-3992-D1375100399D" otype="Table" vid="D9681375-603E-A47C-47D4-E32FDD14CDF3">
<hideElementsInCurrentOnly>false</hideElementsInCurrentOnly>
<bounds x="1668" y="625" width="302" height="194"/>
</OView>
<OView class="oracle.dbtools.crest.swingui.relational.TVTable" oid="AA47F2B6-31CF-4659-C155-09B0470EF756" otype="Table" vid="959A47E7-AADD-EF5F-C321-6D9DAAB930B9">
<hideElementsInCurrentOnly>false</hideElementsInCurrentOnly>
<bounds x="857" y="609" width="305" height="198"/>
</OView>
<OView class="oracle.dbtools.crest.swingui.relational.TVTable" oid="AE21667B-1ED1-84E4-A1C6-55497D5F4905" otype="Table" vid="EA2D48BD-7840-0AD7-DF33-24BE01E42D87">
<hideElementsInCurrentOnly>false</hideElementsInCurrentOnly>
<bounds x="1858" y="0" width="240" height="220"/>
</OView>
<OView class="oracle.dbtools.crest.swingui.relational.TVTable" oid="AFC08636-9722-4A4E-6D75-7A85E2596424" otype="Table" vid="1133A15F-8674-0E62-C110-10832123713B">
<hideElementsInCurrentOnly>false</hideElementsInCurrentOnly>
<bounds x="2121" y="615" width="194" height="118"/>
</OView>
<OView class="oracle.dbtools.crest.swingui.relational.TVTable" oid="BCB8477D-357D-E399-019C-0D2FA8C2BC8E" otype="Table" vid="4295C535-A38A-5639-8F0D-A818DB3AF478">
<hideElementsInCurrentOnly>false</hideElementsInCurrentOnly>
<bounds x="1312" y="650" width="201" height="108"/>
</OView>
<OView class="oracle.dbtools.crest.swingui.relational.TVTable" oid="C2AE3C63-E96C-E024-4483-D0906E1EE9B5" otype="Table" vid="F9629CC5-4902-9DFE-7BA2-4324E1E47968">
<hideElementsInCurrentOnly>false</hideElementsInCurrentOnly>
<bounds x="2101" y="1023" width="323" height="208"/>
</OView>
<OView class="oracle.dbtools.crest.swingui.relational.TVTable" oid="E23309F0-081E-9B73-932C-27BA18BD282F" otype="Table" vid="B196282D-D8AB-BF67-8579-4BF4969AF024">
<hideElementsInCurrentOnly>false</hideElementsInCurrentOnly>
<bounds x="1737" y="893" width="204" height="222"/>
</OView>
</objectViews>
<connectors>
<Connector class="oracle.dbtools.crest.swingui.relational.TVFKRelation" oid="4264CED5-A279-75E1-3C24-D0171B556AC8" otype="FKIndexAssociation" vid_source="D9681375-603E-A47C-47D4-E32FDD14CDF3" vid_target="F9629CC5-4902-9DFE-7BA2-4324E1E47968">
<hideElementsInCurrentOnly>false</hideElementsInCurrentOnly>
<backgroundColor>-16777216</backgroundColor>
<lineWidth>1</lineWidth>
<points>
<point x="1925" y="819"/>
<point x="2148" y="1023"/>
</points>
</Connector>
<Connector class="oracle.dbtools.crest.swingui.relational.TVFKRelation" oid="4589C51E-562C-4E47-4FE3-991772F1DF6D" otype="FKIndexAssociation" vid_source="4295C535-A38A-5639-8F0D-A818DB3AF478" vid_target="EA2D48BD-7840-0AD7-DF33-24BE01E42D87">
<hideElementsInCurrentOnly>false</hideElementsInCurrentOnly>
<backgroundColor>-16777216</backgroundColor>
<lineWidth>1</lineWidth>
<points>
<point x="1312" y="650"/>
<point x="829" y="310"/>
<point x="1858" y="220"/>
</points>
</Connector>
<Connector class="oracle.dbtools.crest.swingui.relational.TVFKRelation" oid="5D826119-C5FB-F477-A19C-8682F44004DC" otype="FKIndexAssociation" vid_source="4295C535-A38A-5639-8F0D-A818DB3AF478" vid_target="D9681375-603E-A47C-47D4-E32FDD14CDF3">
<hideElementsInCurrentOnly>false</hideElementsInCurrentOnly>
<backgroundColor>-16777216</backgroundColor>
<lineWidth>1</lineWidth>
<points>
<point x="1513" y="704"/>
<point x="1668" y="704"/>
</points>
</Connector>
<Connector class="oracle.dbtools.crest.swingui.relational.TVFKRelation" oid="634DEA4A-3D08-9AC4-21DC-826CDC34C6C5" otype="FKIndexAssociation" vid_source="D9681375-603E-A47C-47D4-E32FDD14CDF3" vid_target="959A47E7-AADD-EF5F-C321-6D9DAAB930B9">
<hideElementsInCurrentOnly>false</hideElementsInCurrentOnly>
<backgroundColor>-16777216</backgroundColor>
<lineWidth>1</lineWidth>
<points>
<point x="1668" y="716"/>
<point x="1162" y="716"/>
</points>
</Connector>
<Connector class="oracle.dbtools.crest.swingui.relational.TVFKRelation" oid="7FFDFB0C-52DB-C348-C787-A5BC761790A3" otype="FKIndexAssociation" vid_source="D9681375-603E-A47C-47D4-E32FDD14CDF3" vid_target="B196282D-D8AB-BF67-8579-4BF4969AF024">
<hideElementsInCurrentOnly>false</hideElementsInCurrentOnly>
<backgroundColor>-16777216</backgroundColor>
<lineWidth>1</lineWidth>
<points>
<point x="1839" y="819"/>
<point x="1839" y="893"/>
</points>
</Connector>
<Connector class="oracle.dbtools.crest.swingui.relational.TVFKRelation" oid="B5F0D4D0-8631-EF81-0410-F935F09263A0" otype="FKIndexAssociation" vid_source="B67314EB-0EBE-01A2-64CB-C28A3A5CDCAB" vid_target="D9681375-603E-A47C-47D4-E32FDD14CDF3">
<hideElementsInCurrentOnly>false</hideElementsInCurrentOnly>
<backgroundColor>-16777216</backgroundColor>
<lineWidth>1</lineWidth>
<points>
<point x="2128" y="786"/>
<point x="1970" y="786"/>
</points>
</Connector>
<Connector class="oracle.dbtools.crest.swingui.relational.TVFKRelation" oid="C5A778D1-12C4-C367-1181-51EDA7010762" otype="FKIndexAssociation" vid_source="D9681375-603E-A47C-47D4-E32FDD14CDF3" vid_target="43933752-491C-97D9-1D3E-CFC41D384153">
<hideElementsInCurrentOnly>false</hideElementsInCurrentOnly>
<backgroundColor>-16777216</backgroundColor>
<lineWidth>1</lineWidth>
<points>
<point x="1698" y="819"/>
<point x="1698" y="893"/>
</points>
</Connector>
<Connector class="oracle.dbtools.crest.swingui.relational.TVFKRelation" oid="D898F3A3-86E2-A9B8-121D-12BED5D7814E" otype="FKIndexAssociation" vid_source="1133A15F-8674-0E62-C110-10832123713B" vid_target="959A47E7-AADD-EF5F-C321-6D9DAAB930B9">
<hideElementsInCurrentOnly>false</hideElementsInCurrentOnly>
<backgroundColor>-16777216</backgroundColor>
<lineWidth>1</lineWidth>
<points>
<point x="2121" y="615"/>
<point x="1260" y="390"/>
<point x="650" y="390"/>
<point x="857" y="609"/>
</points>
</Connector>
<Connector class="oracle.dbtools.crest.swingui.relational.TVFKRelation" oid="E6B3CE61-B7CE-F893-D2D6-327F0C33DA3A" otype="FKIndexAssociation" vid_source="1133A15F-8674-0E62-C110-10832123713B" vid_target="D9681375-603E-A47C-47D4-E32FDD14CDF3">
<hideElementsInCurrentOnly>false</hideElementsInCurrentOnly>
<backgroundColor>-16777216</backgroundColor>
<lineWidth>1</lineWidth>
<points>
<point x="2121" y="679"/>
<point x="1970" y="679"/>
</points>
</Connector>
<Connector class="oracle.dbtools.crest.swingui.relational.TVFKRelation" oid="FF0F6F42-28D2-9E69-6AFC-66BB8ACB3101" otype="FKIndexAssociation" vid_source="EA2D48BD-7840-0AD7-DF33-24BE01E42D87" vid_target="F9629CC5-4902-9DFE-7BA2-4324E1E47968">
<hideElementsInCurrentOnly>false</hideElementsInCurrentOnly>
<backgroundColor>-16777216</backgroundColor>
<lineWidth>1</lineWidth>
<points>
<point x="1858" y="210"/>
<point x="1320" y="210"/>
<point x="2101" y="1023"/>
</points>
</Connector>
</connectors>
<arcs>
<Arc class="oracle.dbtools.crest.swingui.relational.TVFKArc" oid="49658D43-E299-5E6D-6E87-DDAF335AD94F" otype="FKArc" vid="C914B4A4-8791-2382-28DE-0869EB288172">
<hideElementsInCurrentOnly>false</hideElementsInCurrentOnly>
<bounds x="1648" y="605" width="342" height="234"/>
</Arc>
</arcs>
</Diagram>