<?xml version = '1.0' encoding = 'UTF-8'?>
<Relation class="oracle.dbtools.crest.model.design.logical.Relation" name="Relation_49" directorySegmentName="seg_0" id="241AF0A7-6D80-384F-E1A7-D016616296AA">
<createdBy>AntonioB</createdBy>
<createdTime>2020-11-26 03:42:53 UTC</createdTime>
<ownerDesignName>DPRO</ownerDesignName>
<engineerTo>
<item key="FD47ED64-2DA0-9308-D3B0-220639D09D6B" value="true"/>
</engineerTo>
<sourcePk>E7ECD410-4FAE-B8B4-E4A3-4DDBFBD01A31</sourcePk>
<identifying>false</identifying>
<optionalSource>true</optionalSource>
<optionalTarget>false</optionalTarget>
<sourceCardinality>1</sourceCardinality>
<sourceEntity>8CE6C662-E3F2-2FEF-5BAD-A476258BAC91</sourceEntity>
<targetCardinalityString>*</targetCardinalityString>
<targetEntity>634D8101-1D78-AC93-8362-DF17D3F0FAA0</targetEntity>
<transferable>true</transferable>
<deleteRule>NO ACTION</deleteRule>
</Relation>