<?xml version = '1.0' encoding = 'UTF-8'?>
<Relation class="oracle.dbtools.crest.model.design.logical.Relation" name="Relation_67" directorySegmentName="seg_0" id="386AB528-33DB-3862-74B5-4C665F795E3F">
<createdBy>AntonioB</createdBy>
<createdTime>2020-11-25 02:20:21 UTC</createdTime>
<ownerDesignName>DPRO</ownerDesignName>
<engineerTo>
<item key="FD47ED64-2DA0-9308-D3B0-220639D09D6B" value="true"/>
</engineerTo>
<sourcePk>89357404-902C-3684-36CA-406BAD18E98F</sourcePk>
<identifying>true</identifying>
<optionalSource>true</optionalSource>
<optionalTarget>false</optionalTarget>
<sourceCardinality>1</sourceCardinality>
<sourceEntity>9D50F96C-5FC5-6C85-4F0D-F7D66EFF9499</sourceEntity>
<targetCardinalityString>*</targetCardinalityString>
<targetEntity>721C5B6B-D0E9-1E25-7110-115BB91B4C19</targetEntity>
<transferable>true</transferable>
<deleteRule>NO ACTION</deleteRule>
</Relation>