<?xml version = '1.0' encoding = 'UTF-8'?>
<Relation class="oracle.dbtools.crest.model.design.logical.Relation" name="Relation_47" directorySegmentName="seg_0" id="3A9F1802-AB69-E413-FD34-5CE04D3BAA87">
<createdBy>AntonioB</createdBy>
<createdTime>2020-11-26 03:14:29 UTC</createdTime>
<ownerDesignName>DPRO</ownerDesignName>
<engineerTo>
<item key="FD47ED64-2DA0-9308-D3B0-220639D09D6B" value="true"/>
</engineerTo>
<sourcePk>AC8FF30E-D001-6D5B-9242-C89534DDDA56</sourcePk>
<identifying>false</identifying>
<optionalSource>true</optionalSource>
<optionalTarget>false</optionalTarget>
<sourceCardinality>1</sourceCardinality>
<sourceEntity>14BFAA98-A671-C7B1-90D1-8FFA5768F3AE</sourceEntity>
<targetCardinalityString>*</targetCardinalityString>
<targetEntity>08DAB1BE-7719-4420-52CB-961CDDB076B4</targetEntity>
<transferable>true</transferable>
<deleteRule>NO ACTION</deleteRule>
</Relation>