<?xml version = '1.0' encoding = 'UTF-8'?>
<Relation class="oracle.dbtools.crest.model.design.logical.Relation" name="Relation_57v1" directorySegmentName="seg_0" id="4F021374-8F67-7372-F317-F2949ECE15CE">
<createdBy>AntonioB</createdBy>
<createdTime>2020-11-26 02:31:21 UTC</createdTime>
<ownerDesignName>DPRO</ownerDesignName>
<engineerTo>
<item key="FD47ED64-2DA0-9308-D3B0-220639D09D6B" value="true"/>
</engineerTo>
<sourcePk>690CFF74-8B06-2260-61EB-528F2745A607</sourcePk>
<identifying>true</identifying>
<optionalSource>true</optionalSource>
<optionalTarget>false</optionalTarget>
<sourceCardinality>1</sourceCardinality>
<sourceEntity>5D50796E-FAB4-3181-20B5-E6FCB0C7D399</sourceEntity>
<targetCardinalityString>*</targetCardinalityString>
<targetEntity>B5603FBA-ABCE-FC7D-3E70-C600FBE90FC4</targetEntity>
<transferable>true</transferable>
<deleteRule>NO ACTION</deleteRule>
</Relation>