<?xml version = '1.0' encoding = 'UTF-8'?>
<Relation class="oracle.dbtools.crest.model.design.logical.Relation" name="Relation_42" directorySegmentName="seg_0" id="59FCF22F-A8A5-1672-78B5-A68E4F8DAEAE">
<createdBy>AntonioB</createdBy>
<createdTime>2020-11-26 02:09:04 UTC</createdTime>
<ownerDesignName>DPRO</ownerDesignName>
<engineerTo>
<item key="FD47ED64-2DA0-9308-D3B0-220639D09D6B" value="true"/>
</engineerTo>
<sourcePk>E2714D93-41F4-82B4-1521-D077AA7F2762</sourcePk>
<identifying>false</identifying>
<optionalSource>true</optionalSource>
<optionalTarget>false</optionalTarget>
<sourceCardinality>1</sourceCardinality>
<sourceEntity>65A94E77-681B-CE4E-F21E-BF23EC21A333</sourceEntity>
<targetCardinalityString>*</targetCardinalityString>
<targetEntity>C298CA42-98AC-87E7-F990-590B32BD89D6</targetEntity>
<transferable>true</transferable>
<deleteRule>NO ACTION</deleteRule>
</Relation>