<?xml version = '1.0' encoding = 'UTF-8'?>
<Relation class="oracle.dbtools.crest.model.design.logical.Relation" name="Relation_71" directorySegmentName="seg_0" id="A28C17A0-EB1E-5D67-B035-E1D999F5161C">
<createdBy>AntonioB</createdBy>
<createdTime>2020-11-25 02:37:12 UTC</createdTime>
<ownerDesignName>DPRO</ownerDesignName>
<engineerTo>
<item key="FD47ED64-2DA0-9308-D3B0-220639D09D6B" value="true"/>
</engineerTo>
<sourcePk>E7ECD410-4FAE-B8B4-E4A3-4DDBFBD01A31</sourcePk>
<arc>42E2FB7B-C15C-3218-09FB-0F9FAFFCA948</arc>
<identifying>false</identifying>
<optionalSource>true</optionalSource>
<optionalTarget>false</optionalTarget>
<sourceCardinality>1</sourceCardinality>
<sourceEntity>8CE6C662-E3F2-2FEF-5BAD-A476258BAC91</sourceEntity>
<targetCardinalityString>*</targetCardinalityString>
<targetEntity>AAFBAAD8-CD14-D86A-A275-6879B7189386</targetEntity>
<transferable>true</transferable>
<deleteRule>NO ACTION</deleteRule>
</Relation>