<?xml version = '1.0' encoding = 'UTF-8'?>
<Relation class="oracle.dbtools.crest.model.design.logical.Relation" name="Relation_89" directorySegmentName="seg_0" id="B608D568-8DA9-DF67-88FD-E3F82C957400">
<createdBy>AntonioB</createdBy>
<createdTime>2020-11-25 04:07:06 UTC</createdTime>
<ownerDesignName>DPRO</ownerDesignName>
<engineerTo>
<item key="FD47ED64-2DA0-9308-D3B0-220639D09D6B" value="true"/>
</engineerTo>
<sourcePk>9D2D87D5-27A4-FCD2-2A23-A0C64DEBC81D</sourcePk>
<identifying>false</identifying>
<optionalSource>true</optionalSource>
<optionalTarget>false</optionalTarget>
<sourceCardinality>1</sourceCardinality>
<sourceEntity>17C884AE-3855-69F8-12EA-F0F511F8335E</sourceEntity>
<targetCardinalityString>*</targetCardinalityString>
<targetEntity>52439CBA-BB2C-1721-EC6F-A56E6B21CE9F</targetEntity>
<transferable>true</transferable>
<deleteRule>NO ACTION</deleteRule>
</Relation>