<?xml version = '1.0' encoding = 'UTF-8'?>
<Relation class="oracle.dbtools.crest.model.design.logical.Relation" name="Relation_44" directorySegmentName="seg_0" id="C5961431-16C9-A658-C6B3-4A7A5C801708">
<createdBy>AntonioB</createdBy>
<createdTime>2020-11-25 16:24:55 UTC</createdTime>
<ownerDesignName>DPRO</ownerDesignName>
<engineerTo>
<item key="FD47ED64-2DA0-9308-D3B0-220639D09D6B" value="true"/>
</engineerTo>
<sourcePk>AC8FF30E-D001-6D5B-9242-C89534DDDA56</sourcePk>
<identifying>false</identifying>
<optionalSource>true</optionalSource>
<optionalTarget>false</optionalTarget>
<sourceCardinality>1</sourceCardinality>
<sourceEntity>14BFAA98-A671-C7B1-90D1-8FFA5768F3AE</sourceEntity>
<targetCardinalityString>*</targetCardinalityString>
<targetEntity>E5CBAB94-278B-9677-44BB-819260EA31C9</targetEntity>
<transferable>true</transferable>
<deleteRule>NO ACTION</deleteRule>
</Relation>