<?xml version = '1.0' encoding = 'UTF-8'?>
<Relation class="oracle.dbtools.crest.model.design.logical.Relation" name="Relation_66" directorySegmentName="seg_0" id="C7331AEB-3FC9-0553-E0C8-D0297128CA57">
<createdBy>AntonioB</createdBy>
<createdTime>2020-11-25 02:20:13 UTC</createdTime>
<ownerDesignName>DPRO</ownerDesignName>
<engineerTo>
<item key="FD47ED64-2DA0-9308-D3B0-220639D09D6B" value="true"/>
</engineerTo>
<sourcePk>B1323973-45D3-744F-9F24-DD21E2C6D477</sourcePk>
<identifying>true</identifying>
<optionalSource>true</optionalSource>
<optionalTarget>false</optionalTarget>
<sourceCardinality>1</sourceCardinality>
<sourceEntity>0D4F9737-9F4D-CB38-7B15-BFB2100BDC2C</sourceEntity>
<targetCardinalityString>*</targetCardinalityString>
<targetEntity>721C5B6B-D0E9-1E25-7110-115BB91B4C19</targetEntity>
<transferable>true</transferable>
<deleteRule>NO ACTION</deleteRule>
</Relation>