<?xml version = '1.0' encoding = 'UTF-8'?>
<Relation class="oracle.dbtools.crest.model.design.logical.Relation" name="Relation_86" directorySegmentName="seg_0" id="EA673964-F28E-0C5A-0CA9-DCDAAF867932">
<createdBy>AntonioB</createdBy>
<createdTime>2020-11-25 03:51:27 UTC</createdTime>
<ownerDesignName>DPRO</ownerDesignName>
<engineerTo>
<item key="FD47ED64-2DA0-9308-D3B0-220639D09D6B" value="true"/>
</engineerTo>
<sourcePk>C62BF20F-DBCB-4708-FB13-645DE2564891</sourcePk>
<identifying>false</identifying>
<optionalSource>true</optionalSource>
<optionalTarget>false</optionalTarget>
<sourceCardinality>1</sourceCardinality>
<sourceEntity>634D8101-1D78-AC93-8362-DF17D3F0FAA0</sourceEntity>
<targetCardinalityString>*</targetCardinalityString>
<targetEntity>AAFBAAD8-CD14-D86A-A275-6879B7189386</targetEntity>
<transferable>true</transferable>
<deleteRule>NO ACTION</deleteRule>
</Relation>