<?xml version = '1.0' encoding = 'UTF-8'?>
<Relation class="oracle.dbtools.crest.model.design.logical.Relation" name="Relation_38" directorySegmentName="seg_0" id="FA438665-C6E7-82B0-7A68-2A14D458FB70">
<createdBy>AntonioB</createdBy>
<createdTime>2020-11-24 19:55:23 UTC</createdTime>
<ownerDesignName>DPRO</ownerDesignName>
<engineerTo>
<item key="FD47ED64-2DA0-9308-D3B0-220639D09D6B" value="true"/>
</engineerTo>
<sourcePk>CD18C37D-424F-4525-5E4F-DA421C74C468</sourcePk>
<identifying>false</identifying>
<optionalSource>true</optionalSource>
<optionalTarget>false</optionalTarget>
<sourceCardinality>1</sourceCardinality>
<sourceEntity>D791BB30-1D43-F02E-D092-4CF748475333</sourceEntity>
<targetCardinalityString>*</targetCardinalityString>
<targetEntity>0D4F9737-9F4D-CB38-7B15-BFB2100BDC2C</targetEntity>
<transferable>true</transferable>
<deleteRule>NO ACTION</deleteRule>
</Relation>