<?xml version = '1.0' encoding = 'UTF-8'?>
<Entity class="oracle.dbtools.crest.model.design.logical.Entity" directorySegmentName="seg_0" id="14BFAA98-A671-C7B1-90D1-8FFA5768F3AE" name="lugar">
<createdBy>AntonioB</createdBy>
<createdTime>2020-11-14 00:47:07 UTC</createdTime>
<ownerDesignName>DPRO</ownerDesignName>
<engineerTo>
<item key="FD47ED64-2DA0-9308-D3B0-220639D09D6B" value="true"/>
</engineerTo>
<adequatelyNormalized>NO</adequatelyNormalized>
<expectedVolumes>0</expectedVolumes>
<fwdEngineeringStrategyName>Single Table</fwdEngineeringStrategyName>
<growthPercent>0</growthPercent>
<growthType>Year</growthType>
<maxVolumes>9999999</maxVolumes>
<minVolumes>0</minVolumes>
<normalForm>Third</normalForm>
<attributes itemClass="oracle.dbtools.crest.model.design.logical.Attribute">
<Attribute name="lu_codigo" id="F2329AB5-5551-3EE2-A258-63A30E3032F6">
<createdBy>AntonioB</createdBy>
<createdTime>2020-11-14 00:47:07 UTC</createdTime>
<ownerDesignName>DPRO</ownerDesignName>
<engineerTo>
<item key="FD47ED64-2DA0-9308-D3B0-220639D09D6B" value="true"/>
</engineerTo>
<use>0</use>
<ownDataTypeParameters>,,</ownDataTypeParameters>
</Attribute>
<Attribute name="lu_nombre" id="F4EB3DC1-4DF4-E1FE-4381-52E59FECE07B">
<createdBy>AntonioB</createdBy>
<createdTime>2020-11-14 01:27:21 UTC</createdTime>
<ownerDesignName>DPRO</ownerDesignName>
<engineerTo>
<item key="FD47ED64-2DA0-9308-D3B0-220639D09D6B" value="true"/>
</engineerTo>
<use>0</use>
<ownDataTypeParameters>,,</ownDataTypeParameters>
</Attribute>
<Attribute name="lu_tipo" id="98A95EAE-98A0-2938-BE0E-C7A8CECBFBAB">
<createdBy>AntonioB</createdBy>
<createdTime>2020-11-14 01:27:33 UTC</createdTime>
<ownerDesignName>DPRO</ownerDesignName>
<engineerTo>
<item key="FD47ED64-2DA0-9308-D3B0-220639D09D6B" value="true"/>
</engineerTo>
<use>0</use>
<ownDataTypeParameters>,,</ownDataTypeParameters>
</Attribute>
<Attribute name="lu_codigo1" id="EA642D3D-4ABA-B6EE-BC69-490DDBB202A4">
<createdBy>AntonioB</createdBy>
<createdTime>2020-11-14 01:34:17 UTC</createdTime>
<generatorID>D02B49DD-CB14-52F5-3C5D-4B245B29182A</generatorID>
<ownerDesignName>DPRO</ownerDesignName>
<engineerTo>
<item key="FD47ED64-2DA0-9308-D3B0-220639D09D6B" value="true"/>
</engineerTo>
<nullsAllowed>true</nullsAllowed>
<referedAttribute>F2329AB5-5551-3EE2-A258-63A30E3032F6</referedAttribute>
<use>0</use>
<ownDataTypeParameters>,,</ownDataTypeParameters>
</Attribute>
</attributes>
<identifiers itemClass="oracle.dbtools.crest.model.design.logical.CandidateKey">
<identifier id="AC8FF30E-D001-6D5B-9242-C89534DDDA56" name="lugar PK">
<createdBy>AntonioB</createdBy>
<createdTime>2020-11-14 01:27:58 UTC</createdTime>
<ownerDesignName>DPRO</ownerDesignName>
<engineerTo>
<item key="FD47ED64-2DA0-9308-D3B0-220639D09D6B" value="true"/>
</engineerTo>
<pk>true</pk>
<usedAttributes>
<attributeRef>F2329AB5-5551-3EE2-A258-63A30E3032F6</attributeRef>
</usedAttributes>
</identifier>
</identifiers>
</Entity>