<?xml version = '1.0' encoding = 'UTF-8'?>
<Entity class="oracle.dbtools.crest.model.design.logical.Entity" directorySegmentName="seg_0" id="17C884AE-3855-69F8-12EA-F0F511F8335E" name="medios_pago">
<createdBy>AntonioB</createdBy>
<createdTime>2020-11-25 02:59:22 UTC</createdTime>
<ownerDesignName>DPRO</ownerDesignName>
<engineerTo>
<item key="FD47ED64-2DA0-9308-D3B0-220639D09D6B" value="true"/>
</engineerTo>
<adequatelyNormalized>NO</adequatelyNormalized>
<expectedVolumes>0</expectedVolumes>
<fwdEngineeringStrategyName>Single Table</fwdEngineeringStrategyName>
<growthPercent>0</growthPercent>
<growthType>Year</growthType>
<maxVolumes>9999999</maxVolumes>
<minVolumes>0</minVolumes>
<normalForm>Third</normalForm>
<attributes itemClass="oracle.dbtools.crest.model.design.logical.Attribute">
<Attribute name="mepa_codigo" id="A2BC9B90-EE7D-2E6D-CF86-A3D2C74638A7">
<createdBy>AntonioB</createdBy>
<createdTime>2020-11-25 02:59:39 UTC</createdTime>
<ownerDesignName>DPRO</ownerDesignName>
<engineerTo>
<item key="FD47ED64-2DA0-9308-D3B0-220639D09D6B" value="true"/>
</engineerTo>
<use>0</use>
<ownDataTypeParameters>,,</ownDataTypeParameters>
</Attribute>
<Attribute name="mepa_debito" id="94564FF6-9D3A-0507-047D-2BB4721CF22D">
<createdBy>AntonioB</createdBy>
<createdTime>2020-11-25 02:59:48 UTC</createdTime>
<ownerDesignName>DPRO</ownerDesignName>
<engineerTo>
<item key="FD47ED64-2DA0-9308-D3B0-220639D09D6B" value="true"/>
</engineerTo>
<use>0</use>
<ownDataTypeParameters>,,</ownDataTypeParameters>
</Attribute>
<Attribute name="mepa_efectivo" id="B1A5DEEC-1470-1744-A16B-0FDE3E912EF8">
<createdBy>AntonioB</createdBy>
<createdTime>2020-11-25 02:59:52 UTC</createdTime>
<ownerDesignName>DPRO</ownerDesignName>
<engineerTo>
<item key="FD47ED64-2DA0-9308-D3B0-220639D09D6B" value="true"/>
</engineerTo>
<use>0</use>
<ownDataTypeParameters>,,</ownDataTypeParameters>
</Attribute>
<Attribute name="mepa_cheque" id="953191E5-0248-D5C6-A576-FC19DBE8795B">
<createdBy>AntonioB</createdBy>
<createdTime>2020-11-25 03:00:09 UTC</createdTime>
<ownerDesignName>DPRO</ownerDesignName>
<engineerTo>
<item key="FD47ED64-2DA0-9308-D3B0-220639D09D6B" value="true"/>
</engineerTo>
<use>0</use>
<ownDataTypeParameters>,,</ownDataTypeParameters>
</Attribute>
<Attribute name="mepa_credito" id="6E6CF574-74E9-0E38-587F-EB8D86BD58C9">
<createdBy>AntonioB</createdBy>
<createdTime>2020-11-25 03:06:55 UTC</createdTime>
<ownerDesignName>DPRO</ownerDesignName>
<engineerTo>
<item key="FD47ED64-2DA0-9308-D3B0-220639D09D6B" value="true"/>
</engineerTo>
<use>0</use>
<ownDataTypeParameters>,,</ownDataTypeParameters>
</Attribute>
</attributes>
<identifiers itemClass="oracle.dbtools.crest.model.design.logical.CandidateKey">
<identifier id="9D2D87D5-27A4-FCD2-2A23-A0C64DEBC81D" name="medios_pago PK">
<createdBy>AntonioB</createdBy>
<createdTime>2020-11-25 03:07:56 UTC</createdTime>
<ownerDesignName>DPRO</ownerDesignName>
<engineerTo>
<item key="FD47ED64-2DA0-9308-D3B0-220639D09D6B" value="true"/>
</engineerTo>
<pk>true</pk>
<usedAttributes>
<attributeRef>A2BC9B90-EE7D-2E6D-CF86-A3D2C74638A7</attributeRef>
</usedAttributes>
</identifier>
</identifiers>
</Entity>