<?xml version = '1.0' encoding = 'UTF-8'?>
<Entity class="oracle.dbtools.crest.model.design.logical.Entity" directorySegmentName="seg_0" id="721C5B6B-D0E9-1E25-7110-115BB91B4C19" name="empleado_beneficio">
<createdBy>AntonioB</createdBy>
<createdTime>2020-11-25 02:19:18 UTC</createdTime>
<ownerDesignName>DPRO</ownerDesignName>
<engineerTo>
<item key="FD47ED64-2DA0-9308-D3B0-220639D09D6B" value="true"/>
</engineerTo>
<adequatelyNormalized>NO</adequatelyNormalized>
<expectedVolumes>0</expectedVolumes>
<fwdEngineeringStrategyName>Single Table</fwdEngineeringStrategyName>
<growthPercent>0</growthPercent>
<growthType>Year</growthType>
<maxVolumes>9999999</maxVolumes>
<minVolumes>0</minVolumes>
<normalForm>Third</normalForm>
<attributes itemClass="oracle.dbtools.crest.model.design.logical.Attribute">
<Attribute name="em_cedula" id="203B739E-B7D8-BFB5-07DC-A7C82449D0FA">
<createdBy>AntonioB</createdBy>
<createdTime>2020-11-25 02:20:13 UTC</createdTime>
<generatorID>C7331AEB-3FC9-0553-E0C8-D0297128CA57</generatorID>
<ownerDesignName>DPRO</ownerDesignName>
<engineerTo>
<item key="FD47ED64-2DA0-9308-D3B0-220639D09D6B" value="true"/>
</engineerTo>
<referedAttribute>9A8CA1C2-75F9-AB0C-F09D-81A90F2D13A2</referedAttribute>
<use>0</use>
<ownDataTypeParameters>,,</ownDataTypeParameters>
</Attribute>
<Attribute name="be_codigo" id="CCF6E373-01B0-B810-467B-09C81A06643B">
<createdBy>AntonioB</createdBy>
<createdTime>2020-11-25 02:20:22 UTC</createdTime>
<generatorID>386AB528-33DB-3862-74B5-4C665F795E3F</generatorID>
<ownerDesignName>DPRO</ownerDesignName>
<engineerTo>
<item key="FD47ED64-2DA0-9308-D3B0-220639D09D6B" value="true"/>
</engineerTo>
<referedAttribute>E8237A17-A35F-D2FE-CBC1-4255BDDBC3FD</referedAttribute>
<use>0</use>
<ownDataTypeParameters>,,</ownDataTypeParameters>
</Attribute>
</attributes>
<identifiers itemClass="oracle.dbtools.crest.model.design.logical.CandidateKey">
<identifier id="0FE0F2C2-26B1-8C6A-F0E3-730088D42F9B" name="producto_tienda PK">
<createdBy>AntonioB</createdBy>
<createdTime>2020-11-25 02:19:18 UTC</createdTime>
<ownerDesignName>DPRO</ownerDesignName>
<engineerTo>
<item key="FD47ED64-2DA0-9308-D3B0-220639D09D6B" value="true"/>
</engineerTo>
<pk>true</pk>
<usedAttributes>
<attributeRef>203B739E-B7D8-BFB5-07DC-A7C82449D0FA</attributeRef>
<attributeRef>CCF6E373-01B0-B810-467B-09C81A06643B</attributeRef>
</usedAttributes>
</identifier>
</identifiers>
</Entity>