<?xml version = '1.0' encoding = 'UTF-8'?>
<Entity class="oracle.dbtools.crest.model.design.logical.Entity" directorySegmentName="seg_0" id="84F748D1-6DA1-5208-291E-C61EDAF1ED00" name="cotizacion">
<createdBy>AntonioB</createdBy>
<createdTime>2020-11-24 19:35:48 UTC</createdTime>
<ownerDesignName>DPRO</ownerDesignName>
<engineerTo>
<item key="FD47ED64-2DA0-9308-D3B0-220639D09D6B" value="true"/>
</engineerTo>
<adequatelyNormalized>NO</adequatelyNormalized>
<expectedVolumes>0</expectedVolumes>
<fwdEngineeringStrategyName>Single Table</fwdEngineeringStrategyName>
<growthPercent>0</growthPercent>
<growthType>Year</growthType>
<maxVolumes>9999999</maxVolumes>
<minVolumes>0</minVolumes>
<normalForm>Third</normalForm>
<attributes itemClass="oracle.dbtools.crest.model.design.logical.Attribute">
<Attribute name="cot_id" id="4BF82613-20AC-7D26-69BB-5E18616CDE1D">
<createdBy>AntonioB</createdBy>
<createdTime>2020-11-24 19:35:48 UTC</createdTime>
<ownerDesignName>DPRO</ownerDesignName>
<engineerTo>
<item key="FD47ED64-2DA0-9308-D3B0-220639D09D6B" value="true"/>
</engineerTo>
<use>0</use>
<ownDataTypeParameters>,,</ownDataTypeParameters>
</Attribute>
<Attribute name="cot_fecha" id="7AE3D99F-06E2-B397-E396-CB70176476D5">
<createdBy>AntonioB</createdBy>
<createdTime>2020-11-26 02:05:42 UTC</createdTime>
<ownerDesignName>DPRO</ownerDesignName>
<engineerTo>
<item key="FD47ED64-2DA0-9308-D3B0-220639D09D6B" value="true"/>
</engineerTo>
<use>0</use>
<ownDataTypeParameters>,,</ownDataTypeParameters>
</Attribute>
<Attribute name="cot_cambio_euro" id="7ACEB191-2485-B16F-1373-A8B33E5E57A8">
<createdBy>AntonioB</createdBy>
<createdTime>2020-11-24 19:35:48 UTC</createdTime>
<ownerDesignName>DPRO</ownerDesignName>
<engineerTo>
<item key="FD47ED64-2DA0-9308-D3B0-220639D09D6B" value="true"/>
</engineerTo>
<use>0</use>
<ownDataTypeParameters>,,</ownDataTypeParameters>
</Attribute>
<Attribute name="cot_cambio_dolar" id="DF7DF95B-B496-AC45-C9B8-4677D864E70F">
<createdBy>AntonioB</createdBy>
<createdTime>2020-11-24 19:35:48 UTC</createdTime>
<ownerDesignName>DPRO</ownerDesignName>
<engineerTo>
<item key="FD47ED64-2DA0-9308-D3B0-220639D09D6B" value="true"/>
</engineerTo>
<use>0</use>
<ownDataTypeParameters>,,</ownDataTypeParameters>
</Attribute>
</attributes>
<identifiers itemClass="oracle.dbtools.crest.model.design.logical.CandidateKey">
<identifier id="3A6E4863-DC1F-ECB5-49D6-5498F225EAB7" name="compra PK">
<createdBy>AntonioB</createdBy>
<createdTime>2020-11-24 19:35:48 UTC</createdTime>
<ownerDesignName>DPRO</ownerDesignName>
<engineerTo>
<item key="FD47ED64-2DA0-9308-D3B0-220639D09D6B" value="true"/>
</engineerTo>
<pk>true</pk>
<usedAttributes>
<attributeRef>4BF82613-20AC-7D26-69BB-5E18616CDE1D</attributeRef>
</usedAttributes>
</identifier>
</identifiers>
</Entity>