<?xml version = '1.0' encoding = 'UTF-8'?>
<Entity class="oracle.dbtools.crest.model.design.logical.Entity" directorySegmentName="seg_0" id="9E89A288-A647-AEAD-86DB-1DDB06917845" name="producto">
<createdBy>AntonioB</createdBy>
<createdTime>2020-11-13 01:41:17 UTC</createdTime>
<ownerDesignName>DPRO</ownerDesignName>
<engineerTo>
<item key="FD47ED64-2DA0-9308-D3B0-220639D09D6B" value="true"/>
</engineerTo>
<adequatelyNormalized>NO</adequatelyNormalized>
<expectedVolumes>0</expectedVolumes>
<fwdEngineeringStrategyName>Single Table</fwdEngineeringStrategyName>
<growthPercent>0</growthPercent>
<growthType>Year</growthType>
<maxVolumes>9999999</maxVolumes>
<minVolumes>0</minVolumes>
<normalForm>Third</normalForm>
<attributes itemClass="oracle.dbtools.crest.model.design.logical.Attribute">
<Attribute name="pr_id" id="04EE5B6A-D849-90D4-B8CA-D885855B42DD">
<createdBy>AntonioB</createdBy>
<createdTime>2020-11-13 01:43:19 UTC</createdTime>
<ownerDesignName>DPRO</ownerDesignName>
<engineerTo>
<item key="FD47ED64-2DA0-9308-D3B0-220639D09D6B" value="true"/>
</engineerTo>
<use>0</use>
<ownDataTypeParameters>,,</ownDataTypeParameters>
</Attribute>
<Attribute name="pr_nombre" id="E9E4BC75-E9A9-8497-F11C-D78E5B4BAED6">
<createdBy>AntonioB</createdBy>
<createdTime>2020-11-13 01:43:40 UTC</createdTime>
<ownerDesignName>DPRO</ownerDesignName>
<engineerTo>
<item key="FD47ED64-2DA0-9308-D3B0-220639D09D6B" value="true"/>
</engineerTo>
<use>0</use>
<ownDataTypeParameters>,,</ownDataTypeParameters>
</Attribute>
<Attribute name="pr_precio" id="522C6247-F7CD-C7A6-30D1-4835E81F46E7">
<createdBy>AntonioB</createdBy>
<createdTime>2020-11-13 01:43:46 UTC</createdTime>
<ownerDesignName>DPRO</ownerDesignName>
<engineerTo>
<item key="FD47ED64-2DA0-9308-D3B0-220639D09D6B" value="true"/>
</engineerTo>
<use>0</use>
<ownDataTypeParameters>,,</ownDataTypeParameters>
</Attribute>
<Attribute name="pr_peso" id="DBC1D128-7978-D90B-649F-FD416F9E98DB">
<createdBy>AntonioB</createdBy>
<createdTime>2020-11-14 01:55:35 UTC</createdTime>
<ownerDesignName>DPRO</ownerDesignName>
<engineerTo>
<item key="FD47ED64-2DA0-9308-D3B0-220639D09D6B" value="true"/>
</engineerTo>
<use>0</use>
<ownDataTypeParameters>,,</ownDataTypeParameters>
</Attribute>
<Attribute name="pr_zona" id="434C2FEF-1DCD-861E-8D6B-34C15DC8725C">
<createdBy>AntonioB</createdBy>
<createdTime>2020-11-25 03:28:23 UTC</createdTime>
<ownerDesignName>DPRO</ownerDesignName>
<engineerTo>
<item key="FD47ED64-2DA0-9308-D3B0-220639D09D6B" value="true"/>
</engineerTo>
<use>0</use>
<ownDataTypeParameters>,,</ownDataTypeParameters>
</Attribute>
<Attribute name="cot_id" id="E79A1EC6-CE81-9CAE-F1B3-5972BDA2E6F4">
<createdBy>AntonioB</createdBy>
<createdTime>2020-11-24 23:12:28 UTC</createdTime>
<generatorID>79448BE1-6806-344B-C60A-7AB236A574FE</generatorID>
<ownerDesignName>DPRO</ownerDesignName>
<engineerTo>
<item key="FD47ED64-2DA0-9308-D3B0-220639D09D6B" value="true"/>
</engineerTo>
<nullsAllowed>true</nullsAllowed>
<referedAttribute>4BF82613-20AC-7D26-69BB-5E18616CDE1D</referedAttribute>
<use>0</use>
<ownDataTypeParameters>,,</ownDataTypeParameters>
</Attribute>
<Attribute name="pr_descuento" id="138D0F25-33CE-F5C0-AA80-639DCF1D729F">
<createdBy>AntonioB</createdBy>
<createdTime>2020-11-25 15:31:17 UTC</createdTime>
<ownerDesignName>DPRO</ownerDesignName>
<engineerTo>
<item key="FD47ED64-2DA0-9308-D3B0-220639D09D6B" value="true"/>
</engineerTo>
<use>0</use>
<ownDataTypeParameters>,,</ownDataTypeParameters>
</Attribute>
</attributes>
<identifiers itemClass="oracle.dbtools.crest.model.design.logical.CandidateKey">
<identifier id="185A85D0-9F8B-3CFB-ABA7-CC3F8C70BF9B" name="Producto PK">
<createdBy>AntonioB</createdBy>
<createdTime>2020-11-13 01:44:06 UTC</createdTime>
<ownerDesignName>DPRO</ownerDesignName>
<engineerTo>
<item key="FD47ED64-2DA0-9308-D3B0-220639D09D6B" value="true"/>
</engineerTo>
<pk>true</pk>
<usedAttributes>
<attributeRef>04EE5B6A-D849-90D4-B8CA-D885855B42DD</attributeRef>
</usedAttributes>
</identifier>
</identifiers>
</Entity>