<?xml version = '1.0' encoding = 'UTF-8'?>
<Entity class="oracle.dbtools.crest.model.design.logical.Entity" directorySegmentName="seg_0" id="E5CBAB94-278B-9677-44BB-819260EA31C9" name="web">
<createdBy>AntonioB</createdBy>
<createdTime>2020-11-24 20:17:15 UTC</createdTime>
<ownerDesignName>DPRO</ownerDesignName>
<engineerTo>
<item key="FD47ED64-2DA0-9308-D3B0-220639D09D6B" value="true"/>
</engineerTo>
<adequatelyNormalized>NO</adequatelyNormalized>
<expectedVolumes>0</expectedVolumes>
<fwdEngineeringStrategyName>Single Table</fwdEngineeringStrategyName>
<growthPercent>0</growthPercent>
<growthType>Year</growthType>
<hierarchicalParent>52439CBA-BB2C-1721-EC6F-A56E6B21CE9F</hierarchicalParent>
<maxVolumes>9999999</maxVolumes>
<minVolumes>0</minVolumes>
<normalForm>Third</normalForm>
<attributes itemClass="oracle.dbtools.crest.model.design.logical.Attribute">
<Attribute name="co_despacho_id" id="4144C672-6F60-E88B-6DF8-E54010FD4EE5">
<createdBy>AntonioB</createdBy>
<createdTime>2020-11-25 16:20:44 UTC</createdTime>
<ownerDesignName>DPRO</ownerDesignName>
<engineerTo>
<item key="FD47ED64-2DA0-9308-D3B0-220639D09D6B" value="true"/>
</engineerTo>
<use>0</use>
<ownDataTypeParameters>,,</ownDataTypeParameters>
</Attribute>
<Attribute name="co_despacho_estatus" id="80FB78AC-5C3A-7A50-C28D-5FD1006ADB45">
<createdBy>AntonioB</createdBy>
<createdTime>2020-11-25 16:24:28 UTC</createdTime>
<ownerDesignName>DPRO</ownerDesignName>
<engineerTo>
<item key="FD47ED64-2DA0-9308-D3B0-220639D09D6B" value="true"/>
</engineerTo>
<use>0</use>
<ownDataTypeParameters>,,</ownDataTypeParameters>
</Attribute>
<Attribute name="lu_codigo" id="4AB14BBA-9F60-2448-0927-1144EE6FE507">
<createdBy>AntonioB</createdBy>
<createdTime>2020-11-25 16:24:55 UTC</createdTime>
<generatorID>C5961431-16C9-A658-C6B3-4A7A5C801708</generatorID>
<ownerDesignName>DPRO</ownerDesignName>
<engineerTo>
<item key="FD47ED64-2DA0-9308-D3B0-220639D09D6B" value="true"/>
</engineerTo>
<referedAttribute>F2329AB5-5551-3EE2-A258-63A30E3032F6</referedAttribute>
<use>0</use>
<ownDataTypeParameters>,,</ownDataTypeParameters>
</Attribute>
</attributes>
</Entity>