<?xml version = '1.0' encoding = 'UTF-8'?>
<Relation class="oracle.dbtools.crest.model.design.logical.Relation" name="Relation_54" directorySegmentName="seg_0" id="034B7E78-8368-AE28-0A54-3108B3EC7536">
<createdBy>AntonioB</createdBy>
<createdTime>2020-11-24 21:05:09 UTC</createdTime>
<ownerDesignName>MR6_v3_20210109</ownerDesignName>
<engineerTo>
<item key="FD47ED64-2DA0-9308-D3B0-220639D09D6B" value="true"/>
</engineerTo>
<sourcePk>6D17CE1D-4E66-B1CC-7934-FC9B5F9FE0F1</sourcePk>
<identifying>false</identifying>
<nameOnSource>realiza</nameOnSource>
<nameOnTarget> </nameOnTarget>
<optionalSource>true</optionalSource>
<optionalTarget>false</optionalTarget>
<sourceCardinality>1</sourceCardinality>
<sourceEntity>C298CA42-98AC-87E7-F990-590B32BD89D6</sourceEntity>
<targetCardinalityString>*</targetCardinalityString>
<targetEntity>52439CBA-BB2C-1721-EC6F-A56E6B21CE9F</targetEntity>
<transferable>true</transferable>
<deleteRule>NO ACTION</deleteRule>
</Relation>