<?xml version = '1.0' encoding = 'UTF-8'?>
<Relation class="oracle.dbtools.crest.model.design.logical.Relation" name="Relation_50" directorySegmentName="seg_0" id="0F1369D0-9AF9-F773-99C7-A31169B93617">
<createdBy>AntonioB</createdBy>
<createdTime>2020-12-01 02:02:33 UTC</createdTime>
<ownerDesignName>MR6_v3_20210109</ownerDesignName>
<engineerTo>
<item key="FD47ED64-2DA0-9308-D3B0-220639D09D6B" value="true"/>
</engineerTo>
<sourcePk>AC8FF30E-D001-6D5B-9242-C89534DDDA56</sourcePk>
<identifying>false</identifying>
<nameOnSource>ubica</nameOnSource>
<nameOnTarget> </nameOnTarget>
<optionalSource>true</optionalSource>
<optionalTarget>false</optionalTarget>
<sourceCardinality>1</sourceCardinality>
<sourceEntity>14BFAA98-A671-C7B1-90D1-8FFA5768F3AE</sourceEntity>
<targetCardinalityString>*</targetCardinalityString>
<targetEntity>8CE6C662-E3F2-2FEF-5BAD-A476258BAC91</targetEntity>
<transferable>true</transferable>
<deleteRule>NO ACTION</deleteRule>
</Relation>