<?xml version = '1.0' encoding = 'UTF-8'?>
<Relation class="oracle.dbtools.crest.model.design.logical.Relation" name="Relation_48" directorySegmentName="seg_0" id="142EFC49-15EC-1670-E95E-02F07A2501A8">
<createdBy>AntonioB</createdBy>
<createdTime>2020-11-26 03:22:11 UTC</createdTime>
<ownerDesignName>MR6_v3_20210109</ownerDesignName>
<engineerTo>
<item key="FD47ED64-2DA0-9308-D3B0-220639D09D6B" value="true"/>
</engineerTo>
<sourcePk>97447346-D4C1-5277-3A72-D5CE70D3D909</sourcePk>
<identifying>false</identifying>
<nameOnSource>tiene</nameOnSource>
<nameOnTarget> </nameOnTarget>
<optionalSource>false</optionalSource>
<optionalTarget>true</optionalTarget>
<sourceCardinality>1</sourceCardinality>
<sourceEntity>14DAF8C6-92F7-67B2-FF7B-92C7FC013E71</sourceEntity>
<targetCardinalityString>*</targetCardinalityString>
<targetEntity>634D8101-1D78-AC93-8362-DF17D3F0FAA0</targetEntity>
<transferable>true</transferable>
<deleteRule>NO ACTION</deleteRule>
</Relation>