<?xml version = '1.0' encoding = 'UTF-8'?>
<Relation class="oracle.dbtools.crest.model.design.logical.Relation" name="Relation_96" directorySegmentName="seg_0" id="218D82B4-DD02-F6AE-137A-21F48ABC86D3">
<createdBy>sgonzalez</createdBy>
<createdTime>2021-01-08 00:25:58 UTC</createdTime>
<ownerDesignName>MR6_v3_20210109</ownerDesignName>
<engineerTo>
<item key="FD47ED64-2DA0-9308-D3B0-220639D09D6B" value="true"/>
</engineerTo>
<sourcePk>FC248BDF-563D-9C8D-5144-B8B24DCC33B8</sourcePk>
<identifying>false</identifying>
<optionalSource>true</optionalSource>
<optionalTarget>false</optionalTarget>
<sourceCardinality>1</sourceCardinality>
<sourceEntity>C292B629-5667-E3FA-0F4E-D45AC7A60824</sourceEntity>
<targetCardinalityString>*</targetCardinalityString>
<targetEntity>9E89A288-A647-AEAD-86DB-1DDB06917845</targetEntity>
<transferable>true</transferable>
<deleteRule>NO ACTION</deleteRule>
</Relation>