<?xml version = '1.0' encoding = 'UTF-8'?>
<Relation class="oracle.dbtools.crest.model.design.logical.Relation" name="Relation_110" directorySegmentName="seg_0" id="298FFDF6-3109-5203-1CBA-182F693BD8DE">
<createdBy>sgonzalez</createdBy>
<createdTime>2021-01-09 06:36:08 UTC</createdTime>
<ownerDesignName>MR6_v3_20210109</ownerDesignName>
<engineerTo>
<item key="FD47ED64-2DA0-9308-D3B0-220639D09D6B" value="true"/>
</engineerTo>
<sourcePk>CAFE8B71-A58B-BDA1-42A8-B50A489AF83E</sourcePk>
<identifying>false</identifying>
<optionalSource>true</optionalSource>
<optionalTarget>false</optionalTarget>
<sourceCardinality>1</sourceCardinality>
<sourceEntity>86A1EF63-800A-2908-BC67-19B30BC27766</sourceEntity>
<targetCardinalityString>*</targetCardinalityString>
<targetEntity>E5CBAB94-278B-9677-44BB-819260EA31C9</targetEntity>
<transferable>true</transferable>
<deleteRule>NO ACTION</deleteRule>
</Relation>