<?xml version = '1.0' encoding = 'UTF-8'?>
<Relation class="oracle.dbtools.crest.model.design.logical.Relation" name="Relation_106" directorySegmentName="seg_0" id="48D56CC2-A60C-68B3-C0A6-37FF83651F93">
<createdBy>sgonzalez</createdBy>
<createdTime>2021-01-09 04:29:04 UTC</createdTime>
<ownerDesignName>MR6_v3_20210109</ownerDesignName>
<engineerTo>
<item key="FD47ED64-2DA0-9308-D3B0-220639D09D6B" value="true"/>
</engineerTo>
<sourcePk>185A85D0-9F8B-3CFB-ABA7-CC3F8C70BF9B</sourcePk>
<identifying>false</identifying>
<optionalSource>true</optionalSource>
<optionalTarget>false</optionalTarget>
<sourceCardinality>1</sourceCardinality>
<sourceEntity>9E89A288-A647-AEAD-86DB-1DDB06917845</sourceEntity>
<targetCardinalityString>*</targetCardinalityString>
<targetEntity>18B31F8B-04FE-A11E-6A4B-D71352BEB222</targetEntity>
<transferable>true</transferable>
<deleteRule>NO ACTION</deleteRule>
</Relation>