<?xml version = '1.0' encoding = 'UTF-8'?>
<Relation class="oracle.dbtools.crest.model.design.logical.Relation" name="Relation_55" directorySegmentName="seg_0" id="4C787FB5-1439-51EE-0346-6437B003C12A">
<createdBy>AntonioB</createdBy>
<createdTime>2020-11-24 21:05:29 UTC</createdTime>
<ownerDesignName>MR6_v3_20210109</ownerDesignName>
<engineerTo>
<item key="FD47ED64-2DA0-9308-D3B0-220639D09D6B" value="true"/>
</engineerTo>
<sourcePk>2D393F9B-458A-E17C-4CB4-9FEA80AE4DCE</sourcePk>
<identifying>false</identifying>
<nameOnSource>cancela</nameOnSource>
<nameOnTarget> </nameOnTarget>
<optionalSource>true</optionalSource>
<optionalTarget>false</optionalTarget>
<sourceCardinality>1</sourceCardinality>
<sourceEntity>CB725B56-4E68-0149-3E44-AC301D1EB17F</sourceEntity>
<targetCardinalityString>1</targetCardinalityString>
<targetEntity>52439CBA-BB2C-1721-EC6F-A56E6B21CE9F</targetEntity>
<transferable>true</transferable>
<deleteRule>NO ACTION</deleteRule>
</Relation>