<?xml version = '1.0' encoding = 'UTF-8'?>
<Relation class="oracle.dbtools.crest.model.design.logical.Relation" name="Relation_105" directorySegmentName="seg_0" id="5231AAFC-F972-8B54-756E-0289DE7F5BB7">
<createdBy>sgonzalez</createdBy>
<createdTime>2021-01-09 04:16:32 UTC</createdTime>
<ownerDesignName>MR6_v3_20210109</ownerDesignName>
<engineerTo>
<item key="FD47ED64-2DA0-9308-D3B0-220639D09D6B" value="true"/>
</engineerTo>
<sourcePk>E7ECD410-4FAE-B8B4-E4A3-4DDBFBD01A31</sourcePk>
<identifying>false</identifying>
<optionalSource>true</optionalSource>
<optionalTarget>false</optionalTarget>
<sourceCardinality>1</sourceCardinality>
<sourceEntity>8CE6C662-E3F2-2FEF-5BAD-A476258BAC91</sourceEntity>
<targetCardinalityString>*</targetCardinalityString>
<targetEntity>9E89A288-A647-AEAD-86DB-1DDB06917845</targetEntity>
<transferable>true</transferable>
<deleteRule>NO ACTION</deleteRule>
</Relation>