<?xml version = '1.0' encoding = 'UTF-8'?>
<Relation class="oracle.dbtools.crest.model.design.logical.Relation" name="Relation_95" directorySegmentName="seg_0" id="57BAD403-9CA0-5427-89B9-CF025E2C889A">
<createdBy>sgonzalez</createdBy>
<createdTime>2021-01-02 13:25:33 UTC</createdTime>
<ownerDesignName>MR6_v3_20210109</ownerDesignName>
<engineerTo>
<item key="FD47ED64-2DA0-9308-D3B0-220639D09D6B" value="true"/>
</engineerTo>
<sourcePk>3AE45D9B-54F3-02F6-9551-3D061814A1D1</sourcePk>
<identifying>false</identifying>
<optionalSource>true</optionalSource>
<optionalTarget>false</optionalTarget>
<sourceCardinality>1</sourceCardinality>
<sourceEntity>9CEBCD88-20C9-025B-D585-B7943C862499</sourceEntity>
<targetCardinalityString>*</targetCardinalityString>
<targetEntity>D5A46074-B6C9-F312-9097-68509F0222C4</targetEntity>
<transferable>true</transferable>
<deleteRule>NO ACTION</deleteRule>
</Relation>