<?xml version = '1.0' encoding = 'UTF-8'?>
<Relation class="oracle.dbtools.crest.model.design.logical.Relation" name="EMPLEADO_HORARIO_EMP" directorySegmentName="seg_0" id="593C73AF-216B-2571-1FC7-2977181D81EF">
<createdBy>sgonzalez</createdBy>
<createdTime>2021-01-02 21:03:14 UTC</createdTime>
<ownerDesignName>MR6_v3_20210109</ownerDesignName>
<engineerTo>
<item key="FD47ED64-2DA0-9308-D3B0-220639D09D6B" value="true"/>
</engineerTo>
<sourcePk>B1323973-45D3-744F-9F24-DD21E2C6D477</sourcePk>
<identifying>true</identifying>
<optionalSource>true</optionalSource>
<optionalTarget>false</optionalTarget>
<sourceCardinality>1</sourceCardinality>
<sourceEntity>0D4F9737-9F4D-CB38-7B15-BFB2100BDC2C</sourceEntity>
<targetCardinalityString>*</targetCardinalityString>
<targetEntity>D04DF507-7E79-6F43-42AD-7EE655C5AD28</targetEntity>
<transferable>true</transferable>
<deleteRule>NO ACTION</deleteRule>
</Relation>