<?xml version = '1.0' encoding = 'UTF-8'?>
<Relation class="oracle.dbtools.crest.model.design.logical.Relation" name="Relation_72" directorySegmentName="seg_0" id="5B735604-557D-7A9E-BC5A-C66BD4363DCE">
<createdBy>AntonioB</createdBy>
<createdTime>2020-12-20 00:40:45 UTC</createdTime>
<ownerDesignName>MR6_v3_20210109</ownerDesignName>
<engineerTo>
<item key="FD47ED64-2DA0-9308-D3B0-220639D09D6B" value="true"/>
</engineerTo>
<sourcePk>1E116BDC-2B71-023B-A2A8-BE00791E6471</sourcePk>
<identifying>true</identifying>
<optionalSource>true</optionalSource>
<optionalTarget>false</optionalTarget>
<sourceCardinality>1</sourceCardinality>
<sourceEntity>52439CBA-BB2C-1721-EC6F-A56E6B21CE9F</sourceEntity>
<targetCardinalityString>*</targetCardinalityString>
<targetEntity>D5A46074-B6C9-F312-9097-68509F0222C4</targetEntity>
<transferable>true</transferable>
<deleteRule>NO ACTION</deleteRule>
</Relation>