<?xml version = '1.0' encoding = 'UTF-8'?>
<Relation class="oracle.dbtools.crest.model.design.logical.Relation" name="Relation_93" directorySegmentName="seg_0" id="5DEBFAEF-0757-AFB6-EE97-9C4141634721">
<createdBy>sgonzalez</createdBy>
<createdTime>2021-01-08 00:21:22 UTC</createdTime>
<ownerDesignName>MR6_v3_20210109</ownerDesignName>
<engineerTo>
<item key="FD47ED64-2DA0-9308-D3B0-220639D09D6B" value="true"/>
</engineerTo>
<sourcePk>6A8AD3EC-0426-5DA6-CE31-4438C34C9562</sourcePk>
<identifying>true</identifying>
<optionalSource>true</optionalSource>
<optionalTarget>false</optionalTarget>
<sourceCardinality>1</sourceCardinality>
<sourceEntity>68A26A15-21FA-6793-FEA1-574405B6F372</sourceEntity>
<targetCardinalityString>*</targetCardinalityString>
<targetEntity>D28B7960-6DCD-E821-40D6-DCF478D28E44</targetEntity>
<transferable>true</transferable>
<deleteRule>NO ACTION</deleteRule>
</Relation>