<?xml version = '1.0' encoding = 'UTF-8'?>
<Relation class="oracle.dbtools.crest.model.design.logical.Relation" name="Relation_89" directorySegmentName="seg_0" id="71EF8717-D3C3-C284-93B6-7AF670E7FDA4">
<createdBy>AntonioB</createdBy>
<createdTime>2020-12-20 03:18:28 UTC</createdTime>
<ownerDesignName>MR6_v3_20210109</ownerDesignName>
<engineerTo>
<item key="FD47ED64-2DA0-9308-D3B0-220639D09D6B" value="true"/>
</engineerTo>
<sourcePk>0F74D44C-D879-11F8-16F3-E1E22B6E6DF2</sourcePk>
<identifying>true</identifying>
<optionalSource>true</optionalSource>
<optionalTarget>false</optionalTarget>
<sourceCardinality>1</sourceCardinality>
<sourceEntity>55333806-234B-FBE7-27B6-DDAF3BE19FF8</sourceEntity>
<targetCardinalityString>*</targetCardinalityString>
<targetEntity>EE7B0334-6C16-13CD-790A-BD3C0968C65A</targetEntity>
<transferable>true</transferable>
<deleteRule>NO ACTION</deleteRule>
</Relation>