<?xml version = '1.0' encoding = 'UTF-8'?>
<Relation class="oracle.dbtools.crest.model.design.logical.Relation" name="Relation_84" directorySegmentName="seg_0" id="8BC8A956-D88D-454B-F10A-3BDA2D02CE61">
<createdBy>AntonioB</createdBy>
<createdTime>2020-12-20 03:16:24 UTC</createdTime>
<ownerDesignName>MR6_v3_20210109</ownerDesignName>
<engineerTo>
<item key="FD47ED64-2DA0-9308-D3B0-220639D09D6B" value="true"/>
</engineerTo>
<sourcePk>BBD5F155-40D4-19AE-D241-1BAD6AC3D3BE</sourcePk>
<identifying>true</identifying>
<optionalSource>true</optionalSource>
<optionalTarget>false</optionalTarget>
<sourceCardinality>1</sourceCardinality>
<sourceEntity>6287B417-F4CF-9E40-9015-102000CBE4DE</sourceEntity>
<targetCardinalityString>*</targetCardinalityString>
<targetEntity>7601A7AD-C58F-3626-9AC4-5C7BF7D8D9A1</targetEntity>
<transferable>true</transferable>
<deleteRule>NO ACTION</deleteRule>
</Relation>