<?xml version = '1.0' encoding = 'UTF-8'?>
<Relation class="oracle.dbtools.crest.model.design.logical.Relation" name="MONEDA_MET_PAGO_COMPRA" directorySegmentName="seg_0" id="8D86EEC3-405A-6AD0-75BE-F839BD6AF130">
<createdBy>sgonzalez</createdBy>
<createdTime>2021-01-02 13:32:42 UTC</createdTime>
<ownerDesignName>MR6_v3_20210109</ownerDesignName>
<engineerTo>
<item key="FD47ED64-2DA0-9308-D3B0-220639D09D6B" value="true"/>
</engineerTo>
<sourcePk>FF677915-7C2E-C6E2-D177-BC65F91F33C0</sourcePk>
<identifying>false</identifying>
<optionalSource>true</optionalSource>
<optionalTarget>false</optionalTarget>
<sourceCardinality>1</sourceCardinality>
<sourceEntity>2F3D9DF6-BB0D-5730-CFAB-8A237E7FB563</sourceEntity>
<targetCardinalityString>*</targetCardinalityString>
<targetEntity>D5A46074-B6C9-F312-9097-68509F0222C4</targetEntity>
<transferable>true</transferable>
<deleteRule>NO ACTION</deleteRule>
</Relation>