<?xml version = '1.0' encoding = 'UTF-8'?>
<Relation class="oracle.dbtools.crest.model.design.logical.Relation" name="Relation_51" directorySegmentName="seg_0" id="AB8125B7-2F00-0134-B814-FB9DEB25D29C">
<createdBy>AntonioB</createdBy>
<createdTime>2020-12-19 23:08:36 UTC</createdTime>
<ownerDesignName>MR6_v3_20210109</ownerDesignName>
<engineerTo>
<item key="FD47ED64-2DA0-9308-D3B0-220639D09D6B" value="true"/>
</engineerTo>
<sourcePk>CD18C37D-424F-4525-5E4F-DA421C74C468</sourcePk>
<identifying>true</identifying>
<optionalSource>true</optionalSource>
<optionalTarget>false</optionalTarget>
<sourceCardinality>1</sourceCardinality>
<sourceEntity>D791BB30-1D43-F02E-D092-4CF748475333</sourceEntity>
<targetCardinalityString>*</targetCardinalityString>
<targetEntity>D04DF507-7E79-6F43-42AD-7EE655C5AD28</targetEntity>
<transferable>true</transferable>
<deleteRule>NO ACTION</deleteRule>
</Relation>