<?xml version = '1.0' encoding = 'UTF-8'?>
<Relation class="oracle.dbtools.crest.model.design.logical.Relation" name="Relation_109" directorySegmentName="seg_0" id="AE4651E7-543E-DCCE-FC55-0A14A304B7D9">
<createdBy>sgonzalez</createdBy>
<createdTime>2021-01-09 06:28:08 UTC</createdTime>
<ownerDesignName>MR6_v3_20210109</ownerDesignName>
<engineerTo>
<item key="FD47ED64-2DA0-9308-D3B0-220639D09D6B" value="true"/>
</engineerTo>
<sourcePk>F77EDFEB-38CC-EA98-9C82-6B8BA531A926</sourcePk>
<identifying>false</identifying>
<optionalSource>true</optionalSource>
<optionalTarget>false</optionalTarget>
<sourceCardinality>1</sourceCardinality>
<sourceEntity>77F46E24-1F43-2DF6-413F-3E69EF9FECA7</sourceEntity>
<targetCardinalityString>*</targetCardinalityString>
<targetEntity>18B31F8B-04FE-A11E-6A4B-D71352BEB222</targetEntity>
<transferable>true</transferable>
<deleteRule>NO ACTION</deleteRule>
</Relation>