<?xml version = '1.0' encoding = 'UTF-8'?>
<Relation class="oracle.dbtools.crest.model.design.logical.Relation" name="Relation_108" directorySegmentName="seg_0" id="B093B0DE-FBDC-495E-361A-8A3EBADD8C54">
<createdBy>sgonzalez</createdBy>
<createdTime>2021-01-09 06:10:18 UTC</createdTime>
<ownerDesignName>MR6_v3_20210109</ownerDesignName>
<engineerTo>
<item key="FD47ED64-2DA0-9308-D3B0-220639D09D6B" value="true"/>
</engineerTo>
<sourcePk>D55AA87C-23EC-487E-203A-D5BAA3DD9186</sourcePk>
<identifying>false</identifying>
<optionalSource>true</optionalSource>
<optionalTarget>false</optionalTarget>
<sourceCardinality>1</sourceCardinality>
<sourceEntity>ACE866CA-320E-B6B2-4B1F-52B1E1F82EEF</sourceEntity>
<targetCardinalityString>*</targetCardinalityString>
<targetEntity>9E89A288-A647-AEAD-86DB-1DDB06917845</targetEntity>
<transferable>true</transferable>
<deleteRule>NO ACTION</deleteRule>
</Relation>