<?xml version = '1.0' encoding = 'UTF-8'?>
<Relation class="oracle.dbtools.crest.model.design.logical.Relation" name="Relation_88" directorySegmentName="seg_0" id="C4AD3CAE-D611-4BA0-852E-02DB0B36CFEC">
<createdBy>AntonioB</createdBy>
<createdTime>2020-12-20 03:18:18 UTC</createdTime>
<ownerDesignName>MR6_v3_20210109</ownerDesignName>
<engineerTo>
<item key="FD47ED64-2DA0-9308-D3B0-220639D09D6B" value="true"/>
</engineerTo>
<sourcePk>CBBC8B75-CEEB-70BE-6490-34C20CCAA9F7</sourcePk>
<identifying>true</identifying>
<optionalSource>true</optionalSource>
<optionalTarget>false</optionalTarget>
<sourceCardinality>1</sourceCardinality>
<sourceEntity>B12C4273-8A6A-8D79-FB5A-688B51744584</sourceEntity>
<targetCardinalityString>*</targetCardinalityString>
<targetEntity>EE7B0334-6C16-13CD-790A-BD3C0968C65A</targetEntity>
<transferable>true</transferable>
<deleteRule>NO ACTION</deleteRule>
</Relation>