<?xml version = '1.0' encoding = 'UTF-8'?>
<Relation class="oracle.dbtools.crest.model.design.logical.Relation" name="Relation_94" directorySegmentName="seg_0" id="CB29EB87-8096-D7D4-507E-4D166C2AD094">
<createdBy>sgonzalez</createdBy>
<createdTime>2021-01-02 12:19:11 UTC</createdTime>
<ownerDesignName>MR6_v3_20210109</ownerDesignName>
<engineerTo>
<item key="FD47ED64-2DA0-9308-D3B0-220639D09D6B" value="true"/>
</engineerTo>
<sourcePk>3AE45D9B-54F3-02F6-9551-3D061814A1D1</sourcePk>
<identifying>false</identifying>
<optionalSource>true</optionalSource>
<optionalTarget>false</optionalTarget>
<sourceCardinality>1</sourceCardinality>
<sourceEntity>9CEBCD88-20C9-025B-D585-B7943C862499</sourceEntity>
<targetCardinalityString>*</targetCardinalityString>
<targetEntity>17C884AE-3855-69F8-12EA-F0F511F8335E</targetEntity>
<transferable>true</transferable>
<deleteRule>NO ACTION</deleteRule>
</Relation>