<?xml version = '1.0' encoding = 'UTF-8'?>
<Relation class="oracle.dbtools.crest.model.design.logical.Relation" name="Relation_7" directorySegmentName="seg_0" id="D02B49DD-CB14-52F5-3C5D-4B245B29182A">
<createdBy>AntonioB</createdBy>
<createdTime>2020-11-14 01:34:17 UTC</createdTime>
<ownerDesignName>MR6_v3_20210109</ownerDesignName>
<engineerTo>
<item key="FD47ED64-2DA0-9308-D3B0-220639D09D6B" value="true"/>
</engineerTo>
<targetPk>AC8FF30E-D001-6D5B-9242-C89534DDDA56</targetPk>
<identifying>false</identifying>
<nameOnSource>está</nameOnSource>
<nameOnTarget> </nameOnTarget>
<optionalSource>true</optionalSource>
<optionalTarget>true</optionalTarget>
<sourceCardinality>1</sourceCardinality>
<sourceEntity>14BFAA98-A671-C7B1-90D1-8FFA5768F3AE</sourceEntity>
<targetCardinalityString>*</targetCardinalityString>
<targetEntity>14BFAA98-A671-C7B1-90D1-8FFA5768F3AE</targetEntity>
<transferable>true</transferable>
<deleteRule>NO ACTION</deleteRule>
</Relation>