<?xml version = '1.0' encoding = 'UTF-8'?>
<Relation class="oracle.dbtools.crest.model.design.logical.Relation" name="Relation_92" directorySegmentName="seg_0" id="D72FFA82-BC4D-3669-AD74-F7CB084573C8">
<createdBy>sgonzalez</createdBy>
<createdTime>2021-01-08 00:19:01 UTC</createdTime>
<ownerDesignName>MR6_v3_20210109</ownerDesignName>
<engineerTo>
<item key="FD47ED64-2DA0-9308-D3B0-220639D09D6B" value="true"/>
</engineerTo>
<sourcePk>185A85D0-9F8B-3CFB-ABA7-CC3F8C70BF9B</sourcePk>
<identifying>false</identifying>
<optionalSource>true</optionalSource>
<optionalTarget>false</optionalTarget>
<sourceCardinality>1</sourceCardinality>
<sourceEntity>9E89A288-A647-AEAD-86DB-1DDB06917845</sourceEntity>
<targetCardinalityString>*</targetCardinalityString>
<targetEntity>D28B7960-6DCD-E821-40D6-DCF478D28E44</targetEntity>
<transferable>true</transferable>
<deleteRule>NO ACTION</deleteRule>
</Relation>