<?xml version = '1.0' encoding = 'UTF-8'?>
<Relation class="oracle.dbtools.crest.model.design.logical.Relation" name="Relation_56" directorySegmentName="seg_0" id="F10153D8-3DF1-2E90-D950-5B4DDFFDD3F8">
<createdBy>AntonioB</createdBy>
<createdTime>2020-11-24 23:19:03 UTC</createdTime>
<ownerDesignName>MR6_v3_20210109</ownerDesignName>
<engineerTo>
<item key="FD47ED64-2DA0-9308-D3B0-220639D09D6B" value="true"/>
</engineerTo>
<sourcePk>185A85D0-9F8B-3CFB-ABA7-CC3F8C70BF9B</sourcePk>
<identifying>true</identifying>
<nameOnSource> </nameOnSource>
<nameOnTarget>contenido</nameOnTarget>
<optionalSource>true</optionalSource>
<optionalTarget>false</optionalTarget>
<sourceCardinality>1</sourceCardinality>
<sourceEntity>9E89A288-A647-AEAD-86DB-1DDB06917845</sourceEntity>
<targetCardinalityString>*</targetCardinalityString>
<targetEntity>AE90CC7B-8ADA-9839-CAD2-E870A51F39D3</targetEntity>
<transferable>true</transferable>
<deleteRule>NO ACTION</deleteRule>
</Relation>