<?xml version = '1.0' encoding = 'UTF-8'?>
<Relation class="oracle.dbtools.crest.model.design.logical.Relation" name="MONEDA_COTIZACION" directorySegmentName="seg_0" id="F64B3C97-39BC-FFF8-E651-5B25F5170F01">
<createdBy>sgonzalez</createdBy>
<createdTime>2021-01-02 13:44:54 UTC</createdTime>
<ownerDesignName>MR6_v3_20210109</ownerDesignName>
<engineerTo>
<item key="FD47ED64-2DA0-9308-D3B0-220639D09D6B" value="true"/>
</engineerTo>
<sourcePk>FF677915-7C2E-C6E2-D177-BC65F91F33C0</sourcePk>
<identifying>false</identifying>
<nameOnSource>cotizada</nameOnSource>
<optionalSource>false</optionalSource>
<optionalTarget>false</optionalTarget>
<sourceCardinality>1</sourceCardinality>
<sourceEntity>2F3D9DF6-BB0D-5730-CFAB-8A237E7FB563</sourceEntity>
<targetCardinalityString>*</targetCardinalityString>
<targetEntity>84F748D1-6DA1-5208-291E-C61EDAF1ED00</targetEntity>
<transferable>true</transferable>
<deleteRule>NO ACTION</deleteRule>
</Relation>