<?xml version = '1.0' encoding = 'UTF-8'?>
<Relation class="oracle.dbtools.crest.model.design.logical.Relation" name="Relation_104" directorySegmentName="seg_0" id="F89B5535-3162-9511-7B04-8355E5A7605D">
<createdBy>sgonzalez</createdBy>
<createdTime>2021-01-09 02:53:32 UTC</createdTime>
<ownerDesignName>MR6_v3_20210109</ownerDesignName>
<engineerTo>
<item key="FD47ED64-2DA0-9308-D3B0-220639D09D6B" value="true"/>
</engineerTo>
<sourcePk>0F74D44C-D879-11F8-16F3-E1E22B6E6DF2</sourcePk>
<identifying>false</identifying>
<optionalSource>true</optionalSource>
<optionalTarget>false</optionalTarget>
<sourceCardinality>1</sourceCardinality>
<sourceEntity>55333806-234B-FBE7-27B6-DDAF3BE19FF8</sourceEntity>
<targetCardinalityString>*</targetCardinalityString>
<targetEntity>BEC2D3B2-430B-EE9E-CD0E-26D6E65F2721</targetEntity>
<transferable>true</transferable>
<deleteRule>NO ACTION</deleteRule>
</Relation>