<?xml version = '1.0' encoding = 'UTF-8'?>
<Relation class="oracle.dbtools.crest.model.design.logical.Relation" name="Relation_102" directorySegmentName="seg_0" id="FE09C23F-B4E7-E380-5765-0480B9213632">
<createdBy>sgonzalez</createdBy>
<createdTime>2021-01-09 02:51:51 UTC</createdTime>
<ownerDesignName>MR6_v3_20210109</ownerDesignName>
<engineerTo>
<item key="FD47ED64-2DA0-9308-D3B0-220639D09D6B" value="true"/>
</engineerTo>
<sourcePk>6D17CE1D-4E66-B1CC-7934-FC9B5F9FE0F1</sourcePk>
<identifying>false</identifying>
<optionalSource>true</optionalSource>
<optionalTarget>false</optionalTarget>
<sourceCardinality>1</sourceCardinality>
<sourceEntity>C298CA42-98AC-87E7-F990-590B32BD89D6</sourceEntity>
<targetCardinalityString>1</targetCardinalityString>
<targetEntity>BEC2D3B2-430B-EE9E-CD0E-26D6E65F2721</targetEntity>
<transferable>true</transferable>
<deleteRule>NO ACTION</deleteRule>
</Relation>