<?xml version = '1.0' encoding = 'UTF-8'?>
<Table class="oracle.dbtools.crest.model.design.relational.Table" directorySegmentName="seg_0" id="0544D06E-D9D6-6F46-3FE6-40C43BE5F859" name="valor_puntos">
<createdBy>AntonioB</createdBy>
<createdTime>2020-11-26 02:56:17 UTC</createdTime>
<generatorID>65A94E77-681B-CE4E-F21E-BF23EC21A333</generatorID>
<ownerDesignName>DPRO</ownerDesignName>
<allowColumnReorder>false</allowColumnReorder>
<existDependencyGenerateInDDl>true</existDependencyGenerateInDDl>
<parsed>true</parsed>
<columns itemClass="oracle.dbtools.crest.model.design.relational.Column">
<Column name="vapu_id" id="40AFAB3E-07F3-FBB5-166E-5F18663D47E0">
<createdBy>AntonioB</createdBy>
<createdTime>2020-11-26 02:56:17 UTC</createdTime>
<generatorID>46E0811C-D565-1240-F72C-B21AA4033E97</generatorID>
<ownerDesignName>DPRO</ownerDesignName>
<use>0</use>
<ownDataTypeParameters>,,</ownDataTypeParameters>
<autoIncrementCycle>false</autoIncrementCycle>
</Column>
<Column name="vapu_fecha" id="9A8E291E-C579-A3EC-7DFE-5031F12BF620">
<createdBy>AntonioB</createdBy>
<createdTime>2020-11-26 02:56:17 UTC</createdTime>
<generatorID>7EFF7279-602A-0F26-8478-76F8706B0B27</generatorID>
<ownerDesignName>DPRO</ownerDesignName>
<use>0</use>
<ownDataTypeParameters>,,</ownDataTypeParameters>
<autoIncrementCycle>false</autoIncrementCycle>
</Column>
<Column name="vapu_valor" id="0EF79EF4-14DB-1BE3-4052-7B5A17CA9E3E">
<createdBy>AntonioB</createdBy>
<createdTime>2020-11-26 02:56:17 UTC</createdTime>
<generatorID>1A288663-B1A4-25E7-05C3-D1A8097A39DE</generatorID>
<ownerDesignName>DPRO</ownerDesignName>
<use>0</use>
<ownDataTypeParameters>,,</ownDataTypeParameters>
<autoIncrementCycle>false</autoIncrementCycle>
</Column>
</columns>
<indexes itemClass="oracle.dbtools.crest.model.design.relational.Index">
<ind_PK_UK id="0406CBBF-B679-74D5-09C7-E13129913C97" name="valor_puntos_PK">
<createdBy>AntonioB</createdBy>
<createdTime>2020-11-26 02:56:17 UTC</createdTime>
<generatorID>E2714D93-41F4-82B4-1521-D077AA7F2762</generatorID>
<ownerDesignName>DPRO</ownerDesignName>
<pk>true</pk>
<indexState>Primary Constraint</indexState>
<isSurrogateKey>false</isSurrogateKey>
<indexColumnUsage>
<colUsage columnID="40AFAB3E-07F3-FBB5-166E-5F18663D47E0"/>
</indexColumnUsage>
</ind_PK_UK>
</indexes>
</Table>