<?xml version = '1.0' encoding = 'UTF-8'?>
<Table class="oracle.dbtools.crest.model.design.relational.Table" directorySegmentName="seg_0" id="8EDCF528-ADD3-6715-3992-D1375100399D" name="cliente">
<createdBy>AntonioB</createdBy>
<createdTime>2020-11-26 02:56:17 UTC</createdTime>
<generatorID>C298CA42-98AC-87E7-F990-590B32BD89D6</generatorID>
<ownerDesignName>DPRO</ownerDesignName>
<allowColumnReorder>false</allowColumnReorder>
<existDependencyGenerateInDDl>true</existDependencyGenerateInDDl>
<parsed>true</parsed>
<columns itemClass="oracle.dbtools.crest.model.design.relational.Column">
<Column name="cl_id" id="1B260B92-792D-1B0E-D78C-02D5BE741EB2">
<createdBy>AntonioB</createdBy>
<createdTime>2020-11-26 02:56:17 UTC</createdTime>
<generatorID>49CD219A-7DEC-ACFC-C65C-38BE946DCB6F</generatorID>
<ownerDesignName>DPRO</ownerDesignName>
<use>0</use>
<ownDataTypeParameters>,,</ownDataTypeParameters>
<autoIncrementCycle>false</autoIncrementCycle>
</Column>
<Column name="cl_correo" id="1E93F44E-4C9C-334D-0751-0B77D26E0B7B">
<createdBy>AntonioB</createdBy>
<createdTime>2020-11-26 02:56:17 UTC</createdTime>
<generatorID>3895908D-A105-B0A0-6B20-6B6A28D9FE36</generatorID>
<ownerDesignName>DPRO</ownerDesignName>
<use>0</use>
<ownDataTypeParameters>,,</ownDataTypeParameters>
<autoIncrementCycle>false</autoIncrementCycle>
</Column>
<Column name="cl_contraseña" id="D0160748-E47D-A79D-603D-4BDA58B140CF">
<createdBy>AntonioB</createdBy>
<createdTime>2020-11-26 02:56:17 UTC</createdTime>
<generatorID>64521BDC-F10C-B139-37AD-8F954B148658</generatorID>
<ownerDesignName>DPRO</ownerDesignName>
<use>0</use>
<ownDataTypeParameters>,,</ownDataTypeParameters>
<autoIncrementCycle>false</autoIncrementCycle>
</Column>
<Column name="cl_puntos" id="091572AC-5E04-7E7F-42E7-1F387937BF1C">
<createdBy>AntonioB</createdBy>
<createdTime>2020-11-26 02:56:17 UTC</createdTime>
<generatorID>D0DD3171-AACC-625B-74AB-2416054A92C0</generatorID>
<ownerDesignName>DPRO</ownerDesignName>
<use>0</use>
<ownDataTypeParameters>,,</ownDataTypeParameters>
<autoIncrementCycle>false</autoIncrementCycle>
</Column>
<Column name="tienda_ti_codigo" id="C55F6E80-8CE6-F2EE-3923-143E1E86588E">
<createdBy>AntonioB</createdBy>
<createdTime>2020-11-26 02:56:17 UTC</createdTime>
<generatorID>1CDC1778-DE22-EFB4-3686-F7FD0E386156</generatorID>
<ownerDesignName>DPRO</ownerDesignName>
<use>0</use>
<ownDataTypeParameters>,,</ownDataTypeParameters>
<previousColumn>false</previousColumn>
<autoIncrementCycle>false</autoIncrementCycle>
<associations>
<colAssociation fkAssociation="5D826119-C5FB-F477-A19C-8682F44004DC" referredColumn="BB910E8F-0084-417F-722C-FE6254CCB62E"/>
</associations>
</Column>
<Column name="medios_pago_mepa_codigo" id="09401E3C-37C5-CF15-6289-929AA5C202BD">
<createdBy>AntonioB</createdBy>
<createdTime>2020-11-26 02:56:17 UTC</createdTime>
<generatorID>DA4D4095-4C9B-4D5F-E592-62795CC2F256</generatorID>
<ownerDesignName>DPRO</ownerDesignName>
<use>0</use>
<ownDataTypeParameters>,,</ownDataTypeParameters>
<previousColumn>false</previousColumn>
<autoIncrementCycle>false</autoIncrementCycle>
<associations>
<colAssociation fkAssociation="E6B3CE61-B7CE-F893-D2D6-327F0C33DA3A" referredColumn="74E7767E-83F2-BF82-E6A5-A2E2F305A8CA"/>
</associations>
</Column>
<Column name="valor_puntos_vapu_id" id="CE163947-E728-4C7D-C96A-BB47FEDE5CA7">
<createdBy>AntonioB</createdBy>
<createdTime>2020-11-26 02:56:17 UTC</createdTime>
<generatorID>B44426F8-AC42-D945-1A6F-412E8E76E8A2</generatorID>
<ownerDesignName>DPRO</ownerDesignName>
<use>0</use>
<ownDataTypeParameters>,,</ownDataTypeParameters>
<previousColumn>false</previousColumn>
<autoIncrementCycle>false</autoIncrementCycle>
<associations>
<colAssociation fkAssociation="B5F0D4D0-8631-EF81-0410-F935F09263A0" referredColumn="40AFAB3E-07F3-FBB5-166E-5F18663D47E0"/>
</associations>
</Column>
</columns>
<indexes itemClass="oracle.dbtools.crest.model.design.relational.Index">
<ind_PK_UK id="FE1E6886-3436-CD71-4891-1C0C3DB0D8EC" name="cliente_PK">
<createdBy>AntonioB</createdBy>
<createdTime>2020-11-26 02:56:17 UTC</createdTime>
<generatorID>6D17CE1D-4E66-B1CC-7934-FC9B5F9FE0F1</generatorID>
<ownerDesignName>DPRO</ownerDesignName>
<pk>true</pk>
<indexState>Primary Constraint</indexState>
<isSurrogateKey>false</isSurrogateKey>
<indexColumnUsage>
<colUsage columnID="1B260B92-792D-1B0E-D78C-02D5BE741EB2"/>
</indexColumnUsage>
</ind_PK_UK>
<ind_PK_UK id="DEFA13DF-4BFB-F217-77CA-A2779AD1C958" name="cliente_tienda_FK">
<createdBy>AntonioB</createdBy>
<createdTime>2020-11-26 02:56:17 UTC</createdTime>
<generatorID>DA8D6187-A0D3-35A7-2975-0CAB30F85786</generatorID>
<ownerDesignName>DPRO</ownerDesignName>
<indexState>Foreign Key</indexState>
<isSurrogateKey>false</isSurrogateKey>
<indexColumnUsage>
<colUsage columnID="C55F6E80-8CE6-F2EE-3923-143E1E86588E"/>
</indexColumnUsage>
</ind_PK_UK>
<ind_PK_UK id="27CBFA02-695B-9251-1603-114540D9D891" name="cliente_valor_puntos_FK">
<createdBy>AntonioB</createdBy>
<createdTime>2020-11-26 02:56:17 UTC</createdTime>
<generatorID>59FCF22F-A8A5-1672-78B5-A68E4F8DAEAE</generatorID>
<ownerDesignName>DPRO</ownerDesignName>
<indexState>Foreign Key</indexState>
<isSurrogateKey>false</isSurrogateKey>
<indexColumnUsage>
<colUsage columnID="CE163947-E728-4C7D-C96A-BB47FEDE5CA7"/>
</indexColumnUsage>
</ind_PK_UK>
<ind_PK_UK id="61FDBC37-3884-5A1D-BB59-75106C411B2B" name="cliente_medios_pago_FK">
<createdBy>AntonioB</createdBy>
<createdTime>2020-11-26 02:56:17 UTC</createdTime>
<generatorID>E660E3BC-D400-9916-DCF4-9547E079F2F9</generatorID>
<ownerDesignName>DPRO</ownerDesignName>
<indexState>Foreign Key</indexState>
<isSurrogateKey>false</isSurrogateKey>
<indexColumnUsage>
<colUsage columnID="09401E3C-37C5-CF15-6289-929AA5C202BD"/>
</indexColumnUsage>
</ind_PK_UK>
</indexes>
</Table>