<?xml version = '1.0' encoding = 'UTF-8'?>
<Table class="oracle.dbtools.crest.model.design.relational.Table" directorySegmentName="seg_0" id="BCB8477D-357D-E399-019C-0D2FA8C2BC8E" name="tienda">
<createdBy>AntonioB</createdBy>
<createdTime>2020-11-26 02:56:17 UTC</createdTime>
<generatorID>6287B417-F4CF-9E40-9015-102000CBE4DE</generatorID>
<ownerDesignName>DPRO</ownerDesignName>
<allowColumnReorder>false</allowColumnReorder>
<existDependencyGenerateInDDl>true</existDependencyGenerateInDDl>
<parsed>true</parsed>
<columns itemClass="oracle.dbtools.crest.model.design.relational.Column">
<Column name="ti_codigo" id="BB910E8F-0084-417F-722C-FE6254CCB62E">
<createdBy>AntonioB</createdBy>
<createdTime>2020-11-26 02:56:17 UTC</createdTime>
<generatorID>2826C14E-E73C-1A1F-F803-5557F9B6A9B3</generatorID>
<ownerDesignName>DPRO</ownerDesignName>
<use>0</use>
<ownDataTypeParameters>,,</ownDataTypeParameters>
<autoIncrementCycle>false</autoIncrementCycle>
</Column>
<Column name="ti_nombre" id="EF33DB6C-CD30-5D94-71DD-E0D53AFE6F15">
<createdBy>AntonioB</createdBy>
<createdTime>2020-11-26 02:56:17 UTC</createdTime>
<generatorID>4A6C9AB4-312E-C822-5489-39BF45183187</generatorID>
<ownerDesignName>DPRO</ownerDesignName>
<use>0</use>
<ownDataTypeParameters>,,</ownDataTypeParameters>
<autoIncrementCycle>false</autoIncrementCycle>
</Column>
</columns>
<indexes itemClass="oracle.dbtools.crest.model.design.relational.Index">
<ind_PK_UK id="1D0B0E9B-8B93-45C6-CFFA-2A33787BA197" name="tienda_PK">
<createdBy>AntonioB</createdBy>
<createdTime>2020-11-26 02:56:17 UTC</createdTime>
<generatorID>BBD5F155-40D4-19AE-D241-1BAD6AC3D3BE</generatorID>
<ownerDesignName>DPRO</ownerDesignName>
<pk>true</pk>
<indexState>Primary Constraint</indexState>
<isSurrogateKey>false</isSurrogateKey>
<indexColumnUsage>
<colUsage columnID="BB910E8F-0084-417F-722C-FE6254CCB62E"/>
</indexColumnUsage>
</ind_PK_UK>
</indexes>
</Table>