<?xml version = '1.0' encoding = 'UTF-8'?>
<FKArc class="oracle.dbtools.crest.model.design.relational.FKArc" directorySegmentName="seg_0" id="49658D43-E299-5E6D-6E87-DDAF335AD94F" name="FKArc_1">
<createdBy>AntonioB</createdBy>
<createdTime>2020-11-26 02:56:17 UTC</createdTime>
<ownerDesignName>DPRO</ownerDesignName>
<mandatory>false</mandatory>
<reverseArc>true</reverseArc>
<table>8EDCF528-ADD3-6715-3992-D1375100399D</table>
<fkeys>
<fkeyID>7FFDFB0C-52DB-C348-C787-A5BC761790A3</fkeyID>
<fkeyID>C5A778D1-12C4-C367-1181-51EDA7010762</fkeyID>
</fkeys>
</FKArc>