<?xml version = '1.0' encoding = 'UTF-8'?>
<InheritanceRelation class="oracle.dbtools.crest.model.design.logical.InheritanceRelation" name="Hierarchy_2" directorySegmentName="seg_0" id="94E303AF-7202-1426-4713-4FCC33794EC8">
<createdBy>AntonioB</createdBy>
<createdTime>2020-11-14 01:21:20 UTC</createdTime>
<ownerDesignName>dpro</ownerDesignName>
<engineerTo>
<item key="FD47ED64-2DA0-9308-D3B0-220639D09D6B" value="true"/>
</engineerTo>
<identifying>false</identifying>
<nameOnSource>Super Type</nameOnSource>
<nameOnTarget>Sub Type</nameOnTarget>
<optionalSource>true</optionalSource>
<optionalTarget>true</optionalTarget>
<sourceEntity>C298CA42-98AC-87E7-F990-590B32BD89D6</sourceEntity>
<targetEntity>14DAF8C6-92F7-67B2-FF7B-92C7FC013E71</targetEntity>
<transferable>true</transferable>
<deleteRule>NO ACTION</deleteRule>
</InheritanceRelation>