<?xml version = '1.0' encoding = 'UTF-8'?>
<Diagram class="oracle.dbtools.crest.swingui.logical.DPVLogical" name="Logical" id="0D8A0D20-DFB5-93CB-87C8-3AF4678B3529">
<createdBy>AntonioB</createdBy>
<modifiedBy>AntonioB</modifiedBy>
<createdTime>2020-11-13 01:41:17 UTC</createdTime>
<autoRoute>false</autoRoute>
<boxInbox>true</boxInbox>
<showLegend>false</showLegend>
<showLabels>false</showLabels>
<showRelAttributes>false</showRelAttributes>
<gridEnabled>false</gridEnabled>
<showGrid>false</showGrid>
<diagramColor>-1</diagramColor>
<display>false</display>
<notation>1</notation>
<objectViews>
<OView class="oracle.dbtools.crest.swingui.logical.TVEntity" oid="9E89A288-A647-AEAD-86DB-1DDB06917845" otype="Entity" vid="7D593094-3F08-2734-3BE7-2AF1CB8B5452">
<hideElementsInCurrentOnly>false</hideElementsInCurrentOnly>
<bounds x="37" y="15" width="125" height="105"/>
</OView>
<OView class="oracle.dbtools.crest.swingui.logical.TVEntity" oid="C298CA42-98AC-87E7-F990-590B32BD89D6" otype="Entity" vid="2C9EB628-D64A-2CB8-0AC1-D270E11F0889">
<hideElementsInCurrentOnly>false</hideElementsInCurrentOnly>
<bounds x="230" y="215" width="105" height="102"/>
</OView>
<OView class="oracle.dbtools.crest.swingui.logical.TVEntity" oid="CB725B56-4E68-0149-3E44-AC301D1EB17F" otype="Entity" vid="73A04393-C38A-4ED0-B7F9-6472B0F59DBC">
<hideElementsInCurrentOnly>false</hideElementsInCurrentOnly>
<bounds x="48" y="218" width="100" height="98"/>
</OView>
</objectViews>
<connectors>
<Connector class="oracle.dbtools.crest.swingui.logical.TVRelation" oid="2F4387CD-BF12-7F62-7F4A-96E391DE17FB" otype="Relation" vid_source="7D593094-3F08-2734-3BE7-2AF1CB8B5452" vid_target="73A04393-C38A-4ED0-B7F9-6472B0F59DBC">
<hideElementsInCurrentOnly>false</hideElementsInCurrentOnly>
<backgroundColor>-16777216</backgroundColor>
<lineWidth>1</lineWidth>
<points>
<point x="98" y="120"/>
<point x="98" y="218"/>
</points>
</Connector>
<Connector class="oracle.dbtools.crest.swingui.logical.TVRelation" oid="826F51C3-3AF1-E1AA-8416-C9F6262768E5" otype="Relation" vid_source="2C9EB628-D64A-2CB8-0AC1-D270E11F0889" vid_target="73A04393-C38A-4ED0-B7F9-6472B0F59DBC">
<hideElementsInCurrentOnly>false</hideElementsInCurrentOnly>
<backgroundColor>-16777216</backgroundColor>
<lineWidth>1</lineWidth>
<points>
<point x="230" y="267"/>
<point x="148" y="267"/>
</points>
</Connector>
</connectors>
</Diagram>