<?xml version = '1.0' encoding = 'UTF-8'?>
<Diagram class="oracle.dbtools.crest.swingui.logical.DPVLogical" name="Logical" id="0D8A0D20-DFB5-93CB-87C8-3AF4678B3529">
<createdBy>AntonioB</createdBy>
<modifiedBy>AntonioB</modifiedBy>
<createdTime>2020-11-13 01:41:17 UTC</createdTime>
<autoRoute>false</autoRoute>
<boxInbox>true</boxInbox>
<showLegend>false</showLegend>
<showLabels>false</showLabels>
<showRelAttributes>false</showRelAttributes>
<gridEnabled>true</gridEnabled>
<showGrid>false</showGrid>
<diagramColor>-1</diagramColor>
<display>false</display>
<notation>1</notation>
<objectViews>
<OView class="oracle.dbtools.crest.swingui.logical.TVEntity" oid="08DAB1BE-7719-4420-52CB-961CDDB076B4" otype="Entity" vid="111A8187-DBDD-3C59-91AB-F81903E633C3">
<hideElementsInCurrentOnly>false</hideElementsInCurrentOnly>
<bounds x="1000" y="490" width="114" height="126"/>
</OView>
<OView class="oracle.dbtools.crest.swingui.logical.TVEntity" oid="0D4F9737-9F4D-CB38-7B15-BFB2100BDC2C" otype="Entity" vid="150667BB-7ADC-B04C-C3D4-D2E553EA0D2C">
<hideElementsInCurrentOnly>false</hideElementsInCurrentOnly>
<bounds x="900" y="190" width="105" height="152"/>
</OView>
<OView class="oracle.dbtools.crest.swingui.logical.TVEntity" oid="14BFAA98-A671-C7B1-90D1-8FFA5768F3AE" otype="Entity" vid="405B3613-1DB6-7EA3-4D4F-7BC32C0BF552">
<hideElementsInCurrentOnly>false</hideElementsInCurrentOnly>
<bounds x="780" y="620" width="100" height="100"/>
</OView>
<OView class="oracle.dbtools.crest.swingui.logical.TVEntity" oid="14DAF8C6-92F7-67B2-FF7B-92C7FC013E71" otype="Entity" vid="98D2D71C-54EA-FE19-A3BA-8C05B4FFE461">
<hideElementsInCurrentOnly>false</hideElementsInCurrentOnly>
<bounds x="1003" y="630" width="116" height="106"/>
</OView>
<OView class="oracle.dbtools.crest.swingui.logical.TVEntity" oid="17C884AE-3855-69F8-12EA-F0F511F8335E" otype="Entity" vid="4B26C971-6AA0-4F80-813B-6DB6C8C2C615">
<hideElementsInCurrentOnly>false</hideElementsInCurrentOnly>
<bounds x="1190" y="410" width="111" height="91"/>
</OView>
<OView class="oracle.dbtools.crest.swingui.logical.TVEntity" oid="18B31F8B-04FE-A11E-6A4B-D71352BEB222" otype="Entity" vid="5F049EEA-21B6-535E-1420-99D077A338C4">
<hideElementsInCurrentOnly>false</hideElementsInCurrentOnly>
<bounds x="120" y="420" width="135" height="91"/>
</OView>
<OView class="oracle.dbtools.crest.swingui.logical.TVEntity" oid="33B67F81-6F89-B86C-4C60-D3A6DAED3442" otype="Entity" vid="4529B694-0B4A-DC61-FF6D-1E451737C35B">
<hideElementsInCurrentOnly>false</hideElementsInCurrentOnly>
<bounds x="820" y="50" width="130" height="82"/>
</OView>
<OView class="oracle.dbtools.crest.swingui.logical.TVEntity" oid="52439CBA-BB2C-1721-EC6F-A56E6B21CE9F" otype="Entity" vid="DA580025-D238-4FDD-05E9-2541A95B38C9">
<hideElementsInCurrentOnly>false</hideElementsInCurrentOnly>
<bounds x="530" y="510" width="151" height="171"/>
</OView>
<OView class="oracle.dbtools.crest.swingui.logical.TVEntity" oid="5D50796E-FAB4-3181-20B5-E6FCB0C7D399" otype="Entity" vid="89912B7A-7246-947F-4AFB-DD31C5B3652E">
<hideElementsInCurrentOnly>false</hideElementsInCurrentOnly>
<bounds x="410" y="150" width="101" height="58"/>
</OView>
<OView class="oracle.dbtools.crest.swingui.logical.TVEntity" oid="6287B417-F4CF-9E40-9015-102000CBE4DE" otype="Entity" vid="3BFB289C-0A00-34A7-9867-560D8B84ED49">
<hideElementsInCurrentOnly>false</hideElementsInCurrentOnly>
<bounds x="740" y="420" width="122" height="66"/>
</OView>
<OView class="oracle.dbtools.crest.swingui.logical.TVEntity" oid="634D8101-1D78-AC93-8362-DF17D3F0FAA0" otype="Entity" vid="7FB94616-81EB-F4FE-0CEB-E7F86F7E33EA">
<hideElementsInCurrentOnly>false</hideElementsInCurrentOnly>
<bounds x="1180" y="590" width="115" height="81"/>
</OView>
<OView class="oracle.dbtools.crest.swingui.logical.TVEntity" oid="65A94E77-681B-CE4E-F21E-BF23EC21A333" otype="Entity" vid="74FC5A0F-29C2-BBBE-9897-30EBE7566EE9">
<hideElementsInCurrentOnly>false</hideElementsInCurrentOnly>
<bounds x="1200" y="510" width="98" height="71"/>
</OView>
<OView class="oracle.dbtools.crest.swingui.logical.TVEntity" oid="721C5B6B-D0E9-1E25-7110-115BB91B4C19" otype="Entity" vid="33374573-BA00-2742-2279-36E241B9DF45">
<hideElementsInCurrentOnly>false</hideElementsInCurrentOnly>
<bounds x="1070" y="240" width="134" height="26"/>
</OView>
<OView class="oracle.dbtools.crest.swingui.logical.TVEntity" oid="808D891A-ED43-0BCE-5E96-8E701AA02FCA" otype="Entity" vid="DBE4E38C-B067-B6A5-6BBB-C76452B80A65">
<hideElementsInCurrentOnly>false</hideElementsInCurrentOnly>
<bounds x="540" y="580" width="131" height="21"/>
</OView>
<OView class="oracle.dbtools.crest.swingui.logical.TVEntity" oid="84F748D1-6DA1-5208-291E-C61EDAF1ED00" otype="Entity" vid="93904274-020C-09E6-3369-5A849ED86EE6">
<hideElementsInCurrentOnly>false</hideElementsInCurrentOnly>
<bounds x="250" y="230" width="117" height="77"/>
</OView>
<OView class="oracle.dbtools.crest.swingui.logical.TVEntity" oid="8BC969D3-6D55-96FB-0E39-BAB9F77653AB" otype="Entity" vid="4ACC76EA-5CC2-0B86-C4EC-8D2C7A0C3B5E">
<hideElementsInCurrentOnly>false</hideElementsInCurrentOnly>
<bounds x="970" y="50" width="130" height="81"/>
</OView>
<OView class="oracle.dbtools.crest.swingui.logical.TVEntity" oid="8CE6C662-E3F2-2FEF-5BAD-A476258BAC91" otype="Entity" vid="C6D07B24-C401-AAAA-B41D-0AC288171978">
<hideElementsInCurrentOnly>false</hideElementsInCurrentOnly>
<bounds x="130" y="660" width="111" height="143"/>
</OView>
<OView class="oracle.dbtools.crest.swingui.logical.TVEntity" oid="94B37113-2F0E-2241-EC38-0C857B384A06" otype="Entity" vid="E6B1B237-A641-7DAA-31A0-902CC0FFBAB4">
<hideElementsInCurrentOnly>false</hideElementsInCurrentOnly>
<bounds x="500" y="430" width="116" height="47"/>
</OView>
<OView class="oracle.dbtools.crest.swingui.logical.TVEntity" oid="9D50F96C-5FC5-6C85-4F0D-F7D66EFF9499" otype="Entity" vid="1B9622AC-BCA4-CB65-1067-7678A63F26BE">
<hideElementsInCurrentOnly>false</hideElementsInCurrentOnly>
<bounds x="1090" y="300" width="111" height="54"/>
</OView>
<OView class="oracle.dbtools.crest.swingui.logical.TVEntity" oid="9E89A288-A647-AEAD-86DB-1DDB06917845" otype="Entity" vid="7D593094-3F08-2734-3BE7-2AF1CB8B5452">
<hideElementsInCurrentOnly>false</hideElementsInCurrentOnly>
<bounds x="330" y="390" width="108" height="114"/>
</OView>
<OView class="oracle.dbtools.crest.swingui.logical.TVEntity" oid="AAFBAAD8-CD14-D86A-A275-6879B7189386" otype="Entity" vid="474C54B0-1A2C-C256-C466-DF96D4F1E832">
<hideElementsInCurrentOnly>false</hideElementsInCurrentOnly>
<bounds x="1250" y="710" width="108" height="68"/>
</OView>
<OView class="oracle.dbtools.crest.swingui.logical.TVEntity" oid="AE90CC7B-8ADA-9839-CAD2-E870A51F39D3" otype="Entity" vid="F0B2F7D9-85CD-B3E0-DB4E-4A2A7D83E84C">
<hideElementsInCurrentOnly>false</hideElementsInCurrentOnly>
<bounds x="320" y="530" width="131" height="41"/>
</OView>
<OView class="oracle.dbtools.crest.swingui.logical.TVEntity" oid="B5603FBA-ABCE-FC7D-3E70-C600FBE90FC4" otype="Entity" vid="FB318A5E-8372-451E-B488-CF754072173D">
<hideElementsInCurrentOnly>false</hideElementsInCurrentOnly>
<bounds x="400" y="240" width="121" height="41"/>
</OView>
<OView class="oracle.dbtools.crest.swingui.logical.TVEntity" oid="C298CA42-98AC-87E7-F990-590B32BD89D6" otype="Entity" vid="2C9EB628-D64A-2CB8-0AC1-D270E11F0889">
<hideElementsInCurrentOnly>false</hideElementsInCurrentOnly>
<bounds x="980" y="400" width="149" height="353"/>
</OView>
<OView class="oracle.dbtools.crest.swingui.logical.TVEntity" oid="CB725B56-4E68-0149-3E44-AC301D1EB17F" otype="Entity" vid="73A04393-C38A-4ED0-B7F9-6472B0F59DBC">
<hideElementsInCurrentOnly>false</hideElementsInCurrentOnly>
<bounds x="330" y="610" width="115" height="68"/>
</OView>
<OView class="oracle.dbtools.crest.swingui.logical.TVEntity" oid="D791BB30-1D43-F02E-D092-4CF748475333" otype="Entity" vid="EB7DB13C-702E-3EBD-F5A5-C01E107D7FE0">
<hideElementsInCurrentOnly>false</hideElementsInCurrentOnly>
<bounds x="680" y="160" width="130" height="90"/>
</OView>
<OView class="oracle.dbtools.crest.swingui.logical.TVEntity" oid="E5CBAB94-278B-9677-44BB-819260EA31C9" otype="Entity" vid="14CEBC9F-7D69-0498-3EFD-788F66CE7404">
<hideElementsInCurrentOnly>false</hideElementsInCurrentOnly>
<bounds x="540" y="610" width="131" height="57"/>
</OView>
<OView class="oracle.dbtools.crest.swingui.TVNote" oid="F797C523-9511-3D3F-349C-6DE097DD5676" otype="Note" vid="26C168C8-E9E2-CDFC-3868-54DE59161BB8">
<hideElementsInCurrentOnly>false</hideElementsInCurrentOnly>
<bounds x="540" y="20" width="170" height="84"/>
<comment>los verbos de las relaciones no se pueden repetir
</comment>
</OView>
</objectViews>
<connectors>
<Connector class="oracle.dbtools.crest.swingui.logical.TVRelation" oid="034B7E78-8368-AE28-0A54-3108B3EC7536" otype="Relation" vid_source="2C9EB628-D64A-2CB8-0AC1-D270E11F0889" vid_target="DA580025-D238-4FDD-05E9-2541A95B38C9">
<hideElementsInCurrentOnly>false</hideElementsInCurrentOnly>
<backgroundColor>-16777216</backgroundColor>
<lineWidth>1</lineWidth>
<points>
<point x="980" y="540"/>
<point x="681" y="540"/>
</points>
</Connector>
<Connector class="oracle.dbtools.crest.swingui.logical.TVRelation" oid="0FF94F3B-8110-3307-141E-F8E6EC5288DC" otype="Relation" vid_source="7D593094-3F08-2734-3BE7-2AF1CB8B5452" vid_target="E6B1B237-A641-7DAA-31A0-902CC0FFBAB4">
<hideElementsInCurrentOnly>false</hideElementsInCurrentOnly>
<backgroundColor>-16777216</backgroundColor>
<lineWidth>1</lineWidth>
<points>
<point x="438" y="453"/>
<point x="500" y="453"/>
</points>
</Connector>
<Connector class="oracle.dbtools.crest.swingui.logical.TVRelation" oid="142EFC49-15EC-1670-E95E-02F07A2501A8" otype="Relation" vid_source="98D2D71C-54EA-FE19-A3BA-8C05B4FFE461" vid_target="7FB94616-81EB-F4FE-0CEB-E7F86F7E33EA">
<hideElementsInCurrentOnly>false</hideElementsInCurrentOnly>
<backgroundColor>-16777216</backgroundColor>
<lineWidth>1</lineWidth>
<points>
<point x="1119" y="650"/>
<point x="1180" y="650"/>
</points>
</Connector>
<Connector class="oracle.dbtools.crest.swingui.logical.TVRelation" oid="241AF0A7-6D80-384F-E1A7-D016616296AA" otype="Relation" vid_source="C6D07B24-C401-AAAA-B41D-0AC288171978" vid_target="7FB94616-81EB-F4FE-0CEB-E7F86F7E33EA">
<hideElementsInCurrentOnly>false</hideElementsInCurrentOnly>
<backgroundColor>-16777216</backgroundColor>
<lineWidth>1</lineWidth>
<points>
<point x="241" y="780"/>
<point x="1200" y="780"/>
<point x="1200" y="671"/>
</points>
</Connector>
<Connector class="oracle.dbtools.crest.swingui.logical.TVRelation" oid="2430DBB0-5611-B64D-18D7-5C8A8F62056B" otype="Relation" vid_source="3BFB289C-0A00-34A7-9867-560D8B84ED49" vid_target="E6B1B237-A641-7DAA-31A0-902CC0FFBAB4">
<hideElementsInCurrentOnly>false</hideElementsInCurrentOnly>
<backgroundColor>-16777216</backgroundColor>
<lineWidth>1</lineWidth>
<points>
<point x="740" y="453"/>
<point x="616" y="453"/>
</points>
</Connector>
<Connector class="oracle.dbtools.crest.swingui.logical.TVRelation" oid="3850030F-CCC4-1A06-2BD7-88A05ED19F6F" otype="Relation" vid_source="150667BB-7ADC-B04C-C3D4-D2E553EA0D2C" vid_target="474C54B0-1A2C-C256-C466-DF96D4F1E832">
<hideElementsInCurrentOnly>false</hideElementsInCurrentOnly>
<backgroundColor>-16777216</backgroundColor>
<lineWidth>1</lineWidth>
<points>
<point x="1005" y="210"/>
<point x="1320" y="210"/>
<point x="1320" y="710"/>
</points>
</Connector>
<Connector class="oracle.dbtools.crest.swingui.logical.TVRelation" oid="386AB528-33DB-3862-74B5-4C665F795E3F" otype="Relation" vid_source="1B9622AC-BCA4-CB65-1067-7678A63F26BE" vid_target="33374573-BA00-2742-2279-36E241B9DF45">
<hideElementsInCurrentOnly>false</hideElementsInCurrentOnly>
<backgroundColor>-16777216</backgroundColor>
<lineWidth>1</lineWidth>
<points>
<point x="1145" y="300"/>
<point x="1145" y="266"/>
</points>
</Connector>
<Connector class="oracle.dbtools.crest.swingui.logical.TVRelation" oid="3A9F1802-AB69-E413-FD34-5CE04D3BAA87" otype="Relation" vid_source="405B3613-1DB6-7EA3-4D4F-7BC32C0BF552" vid_target="111A8187-DBDD-3C59-91AB-F81903E633C3">
<hideElementsInCurrentOnly>false</hideElementsInCurrentOnly>
<backgroundColor>-16777216</backgroundColor>
<lineWidth>1</lineWidth>
<points>
<point x="850" y="620"/>
<point x="850" y="580"/>
<point x="1000" y="580"/>
</points>
</Connector>
<Connector class="oracle.dbtools.crest.swingui.logical.TVRelation" oid="3CA13EB6-4DC2-A139-B6CB-D14E0D28493C" otype="Relation" vid_source="7D593094-3F08-2734-3BE7-2AF1CB8B5452" vid_target="5F049EEA-21B6-535E-1420-99D077A338C4">
<hideElementsInCurrentOnly>false</hideElementsInCurrentOnly>
<backgroundColor>-16777216</backgroundColor>
<lineWidth>1</lineWidth>
<points>
<point x="330" y="462"/>
<point x="255" y="462"/>
</points>
</Connector>
<Connector class="oracle.dbtools.crest.swingui.logical.TVRelation" oid="489C6A8A-4DA0-2743-AC80-F5040AA658CE" otype="Relation" vid_source="150667BB-7ADC-B04C-C3D4-D2E553EA0D2C" vid_target="4ACC76EA-5CC2-0B86-C4EC-8D2C7A0C3B5E">
<hideElementsInCurrentOnly>false</hideElementsInCurrentOnly>
<backgroundColor>-16777216</backgroundColor>
<lineWidth>1</lineWidth>
<points>
<point x="987" y="190"/>
<point x="987" y="131"/>
</points>
</Connector>
<Connector class="oracle.dbtools.crest.swingui.logical.TVRelation" oid="4C787FB5-1439-51EE-0346-6437B003C12A" otype="Relation" vid_source="73A04393-C38A-4ED0-B7F9-6472B0F59DBC" vid_target="DA580025-D238-4FDD-05E9-2541A95B38C9">
<hideElementsInCurrentOnly>false</hideElementsInCurrentOnly>
<backgroundColor>-16777216</backgroundColor>
<lineWidth>1</lineWidth>
<points>
<point x="445" y="644"/>
<point x="530" y="644"/>
</points>
</Connector>
<Connector class="oracle.dbtools.crest.swingui.logical.TVRelation" oid="4F021374-8F67-7372-F317-F2949ECE15CE" otype="Relation" vid_source="89912B7A-7246-947F-4AFB-DD31C5B3652E" vid_target="FB318A5E-8372-451E-B488-CF754072173D">
<hideElementsInCurrentOnly>false</hideElementsInCurrentOnly>
<backgroundColor>-16777216</backgroundColor>
<lineWidth>1</lineWidth>
<points>
<point x="460" y="208"/>
<point x="460" y="240"/>
</points>
</Connector>
<Connector class="oracle.dbtools.crest.swingui.logical.TVInheritanceRelation" oid="590F30CE-9115-EB48-0B17-4AA7E02516B2" otype="Hierarchy relation" vid_source="2C9EB628-D64A-2CB8-0AC1-D270E11F0889" vid_target="111A8187-DBDD-3C59-91AB-F81903E633C3">
<hideElementsInCurrentOnly>false</hideElementsInCurrentOnly>
<backgroundColor>-65536</backgroundColor>
<lineWidth>1</lineWidth>
</Connector>
<Connector class="oracle.dbtools.crest.swingui.logical.TVRelation" oid="59FCF22F-A8A5-1672-78B5-A68E4F8DAEAE" otype="Relation" vid_source="74FC5A0F-29C2-BBBE-9897-30EBE7566EE9" vid_target="2C9EB628-D64A-2CB8-0AC1-D270E11F0889">
<hideElementsInCurrentOnly>false</hideElementsInCurrentOnly>
<backgroundColor>-16777216</backgroundColor>
<lineWidth>1</lineWidth>
<points>
<point x="1200" y="560"/>
<point x="1129" y="560"/>
</points>
</Connector>
<Connector class="oracle.dbtools.crest.swingui.logical.TVRelation" oid="66EC6E1F-1635-7B16-0FB0-EA2606AE996A" otype="Relation" vid_source="3BFB289C-0A00-34A7-9867-560D8B84ED49" vid_target="150667BB-7ADC-B04C-C3D4-D2E553EA0D2C">
<hideElementsInCurrentOnly>false</hideElementsInCurrentOnly>
<backgroundColor>-16777216</backgroundColor>
<lineWidth>1</lineWidth>
<points>
<point x="829" y="420"/>
<point x="829" y="310"/>
<point x="900" y="310"/>
</points>
</Connector>
<Connector class="oracle.dbtools.crest.swingui.logical.TVRelation" oid="6DBF8B4F-417B-26FA-96BF-3B471855D80E" otype="Relation" vid_source="150667BB-7ADC-B04C-C3D4-D2E553EA0D2C" vid_target="4529B694-0B4A-DC61-FF6D-1E451737C35B">
<hideElementsInCurrentOnly>false</hideElementsInCurrentOnly>
<backgroundColor>-16777216</backgroundColor>
<lineWidth>1</lineWidth>
<points>
<point x="925" y="190"/>
<point x="925" y="132"/>
</points>
</Connector>
<Connector class="oracle.dbtools.crest.swingui.logical.TVRelation" oid="79448BE1-6806-344B-C60A-7AB236A574FE" otype="Relation" vid_source="7D593094-3F08-2734-3BE7-2AF1CB8B5452" vid_target="93904274-020C-09E6-3369-5A849ED86EE6">
<hideElementsInCurrentOnly>false</hideElementsInCurrentOnly>
<backgroundColor>-16777216</backgroundColor>
<lineWidth>1</lineWidth>
<points>
<point x="348" y="390"/>
<point x="348" y="307"/>
</points>
</Connector>
<Connector class="oracle.dbtools.crest.swingui.logical.TVRelation" oid="812FE6BB-C171-D06D-306D-F3E1C5DCA434" otype="Relation" vid_source="3BFB289C-0A00-34A7-9867-560D8B84ED49" vid_target="5F049EEA-21B6-535E-1420-99D077A338C4">
<hideElementsInCurrentOnly>false</hideElementsInCurrentOnly>
<backgroundColor>-16777216</backgroundColor>
<lineWidth>1</lineWidth>
<points>
<point x="800" y="420"/>
<point x="800" y="360"/>
<point x="190" y="360"/>
<point x="190" y="420"/>
</points>
</Connector>
<Connector class="oracle.dbtools.crest.swingui.logical.TVRelation" oid="8D216885-47BA-854A-E947-EC3567B861A8" otype="Relation" vid_source="C6D07B24-C401-AAAA-B41D-0AC288171978" vid_target="5F049EEA-21B6-535E-1420-99D077A338C4">
<hideElementsInCurrentOnly>false</hideElementsInCurrentOnly>
<backgroundColor>-16777216</backgroundColor>
<lineWidth>1</lineWidth>
<points>
<point x="185" y="660"/>
<point x="185" y="511"/>
</points>
</Connector>
<Connector class="oracle.dbtools.crest.swingui.logical.TVRelation" oid="92E50510-E2EF-603A-A8AF-90C5B9F307A5" otype="Relation" vid_source="405B3613-1DB6-7EA3-4D4F-7BC32C0BF552" vid_target="98D2D71C-54EA-FE19-A3BA-8C05B4FFE461">
<hideElementsInCurrentOnly>false</hideElementsInCurrentOnly>
<backgroundColor>-16777216</backgroundColor>
<lineWidth>1</lineWidth>
<points>
<point x="880" y="660"/>
<point x="1003" y="660"/>
</points>
</Connector>
<Connector class="oracle.dbtools.crest.swingui.logical.TVInheritanceRelation" oid="94E303AF-7202-1426-4713-4FCC33794EC8" otype="Hierarchy relation" vid_source="2C9EB628-D64A-2CB8-0AC1-D270E11F0889" vid_target="98D2D71C-54EA-FE19-A3BA-8C05B4FFE461">
<hideElementsInCurrentOnly>false</hideElementsInCurrentOnly>
<backgroundColor>-65536</backgroundColor>
<lineWidth>1</lineWidth>
</Connector>
<Connector class="oracle.dbtools.crest.swingui.logical.TVRelation" oid="A28C17A0-EB1E-5D67-B035-E1D999F5161C" otype="Relation" vid_source="C6D07B24-C401-AAAA-B41D-0AC288171978" vid_target="474C54B0-1A2C-C256-C466-DF96D4F1E832">
<hideElementsInCurrentOnly>false</hideElementsInCurrentOnly>
<backgroundColor>-16777216</backgroundColor>
<lineWidth>1</lineWidth>
<points>
<point x="241" y="760"/>
<point x="1250" y="760"/>
</points>
</Connector>
<Connector class="oracle.dbtools.crest.swingui.logical.TVRelation" oid="B49E35D0-6E87-43B7-9E20-FCD552554493" otype="Relation" vid_source="405B3613-1DB6-7EA3-4D4F-7BC32C0BF552" vid_target="98D2D71C-54EA-FE19-A3BA-8C05B4FFE461">
<hideElementsInCurrentOnly>false</hideElementsInCurrentOnly>
<backgroundColor>-16777216</backgroundColor>
<lineWidth>1</lineWidth>
<points>
<point x="880" y="690"/>
<point x="1003" y="690"/>
</points>
</Connector>
<Connector class="oracle.dbtools.crest.swingui.logical.TVRelation" oid="B608D568-8DA9-DF67-88FD-E3F82C957400" otype="Relation" vid_source="4B26C971-6AA0-4F80-813B-6DB6C8C2C615" vid_target="DA580025-D238-4FDD-05E9-2541A95B38C9">
<hideElementsInCurrentOnly>false</hideElementsInCurrentOnly>
<backgroundColor>-16777216</backgroundColor>
<lineWidth>1</lineWidth>
<points>
<point x="1260" y="410"/>
<point x="1260" y="390"/>
<point x="650" y="390"/>
<point x="650" y="510"/>
</points>
</Connector>
<Connector class="oracle.dbtools.crest.swingui.logical.TVInheritanceRelation" oid="B9A5BAE4-8FE8-11A9-B7CA-92D4178A2686" otype="Hierarchy relation" vid_source="DA580025-D238-4FDD-05E9-2541A95B38C9" vid_target="14CEBC9F-7D69-0498-3EFD-788F66CE7404">
<hideElementsInCurrentOnly>false</hideElementsInCurrentOnly>
<backgroundColor>-65536</backgroundColor>
<lineWidth>1</lineWidth>
</Connector>
<Connector class="oracle.dbtools.crest.swingui.logical.TVRelation" oid="C0354806-B3E1-231B-0711-071BF9A95091" otype="Relation" vid_source="73A04393-C38A-4ED0-B7F9-6472B0F59DBC" vid_target="F0B2F7D9-85CD-B3E0-DB4E-4A2A7D83E84C">
<hideElementsInCurrentOnly>false</hideElementsInCurrentOnly>
<backgroundColor>-16777216</backgroundColor>
<lineWidth>1</lineWidth>
<points>
<point x="387" y="610"/>
<point x="387" y="571"/>
</points>
</Connector>
<Connector class="oracle.dbtools.crest.swingui.logical.TVRelation" oid="C398F9B5-757B-7376-EE89-E7779D1D8F44" otype="Relation" vid_source="150667BB-7ADC-B04C-C3D4-D2E553EA0D2C" vid_target="DBE4E38C-B067-B6A5-6BBB-C76452B80A65">
<hideElementsInCurrentOnly>false</hideElementsInCurrentOnly>
<backgroundColor>-16777216</backgroundColor>
<lineWidth>1</lineWidth>
<points>
<point x="900" y="280"/>
<point x="720" y="280"/>
<point x="720" y="590"/>
<point x="671" y="590"/>
</points>
</Connector>
<Connector class="oracle.dbtools.crest.swingui.logical.TVRelation" oid="C5961431-16C9-A658-C6B3-4A7A5C801708" otype="Relation" vid_source="405B3613-1DB6-7EA3-4D4F-7BC32C0BF552" vid_target="14CEBC9F-7D69-0498-3EFD-788F66CE7404">
<hideElementsInCurrentOnly>false</hideElementsInCurrentOnly>
<backgroundColor>-16777216</backgroundColor>
<lineWidth>1</lineWidth>
<points>
<point x="780" y="633"/>
<point x="671" y="633"/>
</points>
</Connector>
<Connector class="oracle.dbtools.crest.swingui.logical.TVRelation" oid="C6EB0182-49D8-FE6E-1E3C-29B96435B786" otype="Relation" vid_source="2C9EB628-D64A-2CB8-0AC1-D270E11F0889" vid_target="474C54B0-1A2C-C256-C466-DF96D4F1E832">
<hideElementsInCurrentOnly>false</hideElementsInCurrentOnly>
<backgroundColor>-16777216</backgroundColor>
<lineWidth>1</lineWidth>
<points>
<point x="1129" y="731"/>
<point x="1250" y="731"/>
</points>
</Connector>
<Connector class="oracle.dbtools.crest.swingui.logical.TVRelation" oid="C7331AEB-3FC9-0553-E0C8-D0297128CA57" otype="Relation" vid_source="150667BB-7ADC-B04C-C3D4-D2E553EA0D2C" vid_target="33374573-BA00-2742-2279-36E241B9DF45">
<hideElementsInCurrentOnly>false</hideElementsInCurrentOnly>
<backgroundColor>-16777216</backgroundColor>
<lineWidth>1</lineWidth>
<points>
<point x="1005" y="253"/>
<point x="1070" y="253"/>
</points>
</Connector>
<Connector class="oracle.dbtools.crest.swingui.logical.TVRelation" oid="C8335FEE-6BF5-8C9B-62FF-1399E4AF35D8" otype="Relation" vid_source="405B3613-1DB6-7EA3-4D4F-7BC32C0BF552" vid_target="3BFB289C-0A00-34A7-9867-560D8B84ED49">
<hideElementsInCurrentOnly>false</hideElementsInCurrentOnly>
<backgroundColor>-16777216</backgroundColor>
<lineWidth>1</lineWidth>
<points>
<point x="821" y="620"/>
<point x="821" y="486"/>
</points>
</Connector>
<Connector class="oracle.dbtools.crest.swingui.logical.TVRelation" oid="CB031009-4E68-227D-F011-BB3A1970675E" otype="Relation" vid_source="405B3613-1DB6-7EA3-4D4F-7BC32C0BF552" vid_target="C6D07B24-C401-AAAA-B41D-0AC288171978">
<hideElementsInCurrentOnly>false</hideElementsInCurrentOnly>
<backgroundColor>-16777216</backgroundColor>
<lineWidth>1</lineWidth>
<points>
<point x="780" y="690"/>
<point x="241" y="690"/>
</points>
</Connector>
<Connector class="oracle.dbtools.crest.swingui.logical.TVInheritanceRelation" oid="CB39FCF1-4826-4AE1-C8DA-B5E11D6B1D31" otype="Hierarchy relation" vid_source="DA580025-D238-4FDD-05E9-2541A95B38C9" vid_target="DBE4E38C-B067-B6A5-6BBB-C76452B80A65">
<hideElementsInCurrentOnly>false</hideElementsInCurrentOnly>
<backgroundColor>-65536</backgroundColor>
<lineWidth>1</lineWidth>
</Connector>
<Connector class="oracle.dbtools.crest.swingui.logical.TVRelation" oid="D02B49DD-CB14-52F5-3C5D-4B245B29182A" otype="Relation" vid_source="405B3613-1DB6-7EA3-4D4F-7BC32C0BF552" vid_target="405B3613-1DB6-7EA3-4D4F-7BC32C0BF552">
<hideElementsInCurrentOnly>false</hideElementsInCurrentOnly>
<backgroundColor>-16777216</backgroundColor>
<lineWidth>1</lineWidth>
<points>
<point x="880" y="710"/>
<point x="900" y="710"/>
<point x="900" y="740"/>
<point x="850" y="740"/>
<point x="850" y="720"/>
</points>
</Connector>
<Connector class="oracle.dbtools.crest.swingui.logical.TVRelation" oid="D7ACAA82-4AC1-1B7B-2ABF-0EC635742D60" otype="Relation" vid_source="7D593094-3F08-2734-3BE7-2AF1CB8B5452" vid_target="FB318A5E-8372-451E-B488-CF754072173D">
<hideElementsInCurrentOnly>false</hideElementsInCurrentOnly>
<backgroundColor>-16777216</backgroundColor>
<lineWidth>1</lineWidth>
<points>
<point x="419" y="390"/>
<point x="419" y="281"/>
</points>
</Connector>
<Connector class="oracle.dbtools.crest.swingui.logical.TVRelation" oid="DA8D6187-A0D3-35A7-2975-0CAB30F85786" otype="Relation" vid_source="3BFB289C-0A00-34A7-9867-560D8B84ED49" vid_target="2C9EB628-D64A-2CB8-0AC1-D270E11F0889">
<hideElementsInCurrentOnly>false</hideElementsInCurrentOnly>
<backgroundColor>-16777216</backgroundColor>
<lineWidth>1</lineWidth>
<points>
<point x="862" y="453"/>
<point x="980" y="453"/>
</points>
</Connector>
<Connector class="oracle.dbtools.crest.swingui.logical.TVRelation" oid="E660E3BC-D400-9916-DCF4-9547E079F2F9" otype="Relation" vid_source="4B26C971-6AA0-4F80-813B-6DB6C8C2C615" vid_target="2C9EB628-D64A-2CB8-0AC1-D270E11F0889">
<hideElementsInCurrentOnly>false</hideElementsInCurrentOnly>
<backgroundColor>-16777216</backgroundColor>
<lineWidth>1</lineWidth>
<points>
<point x="1190" y="455"/>
<point x="1129" y="455"/>
</points>
</Connector>
<Connector class="oracle.dbtools.crest.swingui.logical.TVRelation" oid="EA673964-F28E-0C5A-0CA9-DCDAAF867932" otype="Relation" vid_source="7FB94616-81EB-F4FE-0CEB-E7F86F7E33EA" vid_target="474C54B0-1A2C-C256-C466-DF96D4F1E832">
<hideElementsInCurrentOnly>false</hideElementsInCurrentOnly>
<backgroundColor>-16777216</backgroundColor>
<lineWidth>1</lineWidth>
<points>
<point x="1272" y="671"/>
<point x="1272" y="710"/>
</points>
</Connector>
<Connector class="oracle.dbtools.crest.swingui.logical.TVRelation" oid="F10153D8-3DF1-2E90-D950-5B4DDFFDD3F8" otype="Relation" vid_source="7D593094-3F08-2734-3BE7-2AF1CB8B5452" vid_target="F0B2F7D9-85CD-B3E0-DB4E-4A2A7D83E84C">
<hideElementsInCurrentOnly>false</hideElementsInCurrentOnly>
<backgroundColor>-16777216</backgroundColor>
<lineWidth>1</lineWidth>
<points>
<point x="384" y="504"/>
<point x="384" y="530"/>
</points>
</Connector>
<Connector class="oracle.dbtools.crest.swingui.logical.TVRelation" oid="FA438665-C6E7-82B0-7A68-2A14D458FB70" otype="Relation" vid_source="EB7DB13C-702E-3EBD-F5A5-C01E107D7FE0" vid_target="150667BB-7ADC-B04C-C3D4-D2E553EA0D2C">
<hideElementsInCurrentOnly>false</hideElementsInCurrentOnly>
<backgroundColor>-16777216</backgroundColor>
<lineWidth>1</lineWidth>
<points>
<point x="810" y="235"/>
<point x="900" y="235"/>
</points>
</Connector>
</connectors>
<arcs>
<Arc class="oracle.dbtools.crest.swingui.logical.TVArc" oid="42E2FB7B-C15C-3218-09FB-0F9FAFFCA948" otype="Arc" vid="09C459D2-ED26-C77E-99CF-59F56E53AD25">
<hideElementsInCurrentOnly>false</hideElementsInCurrentOnly>
<bounds x="1230" y="690" width="148" height="108"/>
</Arc>
</arcs>
</Diagram>